time/episodes,train/ent_coef,rollout/ep_len_mean,time/fps,train/learning_rate,time/total_timesteps,train/n_updates,train/critic_loss,time/time_elapsed,rollout/ep_rew_mean,train/actor_loss,eval/ep_pump_price_obj_mean,eval/ep_b1_std,eval/ep_pressure_obj_std,eval/ep_b3_mean,eval/ep_pressure_obj_mean,eval/ep_pump_price_obj_std,eval/ep_b3_std,eval/ep_b2_std,eval/ep_b2_mean,eval/ep_b1_mean
4,0.009999999776482582,48.0,652,0.003,384,35,0.03141355141997337,0,14.428941125,-0.5371469259262085,,,,,,,,,,
8,,48.0,644,,384,,,0,14.428941125,,,,,,,,,,,
12,0.009999999776482582,48.0,630,0.003,768,83,0.01854107156395912,1,17.336027375,-0.6986086964607239,,,,,,,,,,
16,,48.0,626,,768,,,1,17.336027375,,,,,,,,,,,
20,0.009999999776482582,48.0,543,0.003,1152,131,0.016721578314900398,2,18.481497583333333,-0.7812452912330627,0.5896855942500657,0.3701629694716647,0.11676078907234386,0.5217457684588326,0.9572368421052632,0.111176172120017,0.17592902693224782,0.06848490327989888,0.9368353715345975,0.40939510071965685
24,,48.0,539,,1152,,,2,18.481497583333333,,,,,,,,,,,
28,0.009999999776482582,48.0,555,0.003,1536,179,0.0176041591912508,2,18.98844590625,-0.8840451240539551,,,,,,,,,,
32,,48.0,553,,1536,,,2,18.98844590625,,,,,,,,,,,
36,0.009999999776482582,48.0,507,0.003,1920,227,0.017791112884879112,3,19.516483675,-0.9490153193473816,0.5752356288665464,0.27824684273692113,0.08614678599549087,0.3972615584688178,0.975877192982456,0.13056755294987013,0.18374881091026654,0.07164813626373197,0.9487646779833199,0.5722086839185156
40,,48.0,506,,1920,,,3,19.516483675,,,,,,,,,,,
44,0.009999999776482582,48.0,520,0.003,2304,275,0.0148447435349226,4,19.732726041666666,-1.066516399383545,,,,,,,,,,
48,,48.0,520,,2304,,,4,19.732726041666666,,,,,,,,,,,
52,0.009999999776482582,48.0,493,0.003,2688,323,0.014123795554041862,5,19.815758089285712,-1.1359175443649292,0.5760100569541553,0.14412780818158763,0.0,0.6408930764775754,1.0,0.1985862408409949,0.16274195870212008,0.21098336952574895,0.8211755695989345,0.8314585870281245
56,,48.0,492,,2688,,,5,19.815758089285712,,,,,,,,,,,
60,0.009999999776482582,48.0,472,0.003,3072,371,0.02722742035984993,6,19.994008734375,-1.2083324193954468,,,,,,,,,,
64,,48.0,471,,3072,,,6,19.994008734375,,,,,,,,,,,
68,0.009999999776482582,48.0,464,0.003,3456,419,0.022396069020032883,7,20.111606597222224,-1.3467286825180054,0.5854369351472702,0.19657653542914094,0.0,0.8069476914302077,1.0,0.22862208755730373,0.14647014431719219,0.20886823130483648,0.8112456364888725,0.7807894089655687
72,,48.0,463,,3456,,,7,20.111606597222224,,,,,,,,,,,
76,0.009999999776482582,48.0,474,0.003,3840,467,0.012186409905552864,8,20.1965997625,-1.427388072013855,,,,,,,,,,
80,,48.0,474,,3840,,,8,20.1965997625,,,,,,,,,,,
84,0.009999999776482582,48.0,466,0.003,4224,515,0.028332680463790894,9,20.30333055681818,-1.442681908607483,0.5891352690874186,0.06825824548177238,0.0,0.7579881029122597,1.0,0.17380750976320897,0.0905939765500704,0.1200308471069709,0.8797257297490731,0.8594366399264536
88,,48.0,465,,4224,,,9,20.30333055681818,,,,,,,,,,,
92,0.009999999776482582,48.0,474,0.003,4608,563,0.01683124713599682,9,20.369587739583334,-1.5390710830688477,,,,,,,,,,
96,,48.0,474,,4608,,,9,20.369587739583334,,,,,,,,,,,
100,0.009999999776482582,48.0,469,0.003,4992,611,0.01306089200079441,10,20.69007362,-1.672215223312378,0.5970785683851407,0.09548300855910007,0.0,0.6666111183062758,1.0,0.1529679079909139,0.1851165809603171,0.16528583560165513,0.8481802153941728,0.8425955713666903
104,,48.0,468,,4992,,,10,20.69007362,,,,,,,,,,,
108,0.009999999776482582,48.0,477,0.003,5376,659,0.012359783984720707,11,21.01912116,-1.7002243995666504,,,,,,,,,,
112,,48.0,476,,5376,,,11,21.01912116,,,,,,,,,,,
116,0.009999999776482582,48.0,470,0.003,5760,707,0.012623714283108711,12,21.098882090000004,-1.7745552062988281,0.5946302097758182,0.056048793838581405,0.0,0.6171865344916938,1.0,0.15866915324434164,0.09872326582665045,0.10985767816107377,0.8941491353866197,0.8829550161308859
120,,48.0,470,,5760,,,12,21.098882090000004,,,,,,,,,,,
124,0.009999999776482582,48.0,477,0.003,6144,755,0.014822898432612419,12,21.174518799999998,-1.8461796045303345,,,,,,,,,,
128,,48.0,477,,6144,,,12,21.174518799999998,,,,,,,,,,,
132,0.009999999776482582,48.0,472,0.003,6528,803,0.009065859019756317,13,21.200028160000002,-1.9542109966278076,0.5703833226162662,0.08427240522174577,0.0,0.5690179129905497,1.0,0.15500652457245986,0.07941206004586882,0.09635404293933249,0.9150642580513243,0.8692439127596744
136,,48.0,471,,6528,,,13,21.200028160000002,,,,,,,,,,,
140,0.009999999776482582,48.0,476,0.003,6912,851,0.005777016282081604,14,21.260935739999994,-1.9874064922332764,,,,,,,,,,
144,,48.0,476,,6912,,,14,21.260935739999994,,,,,,,,,,,
148,0.009999999776482582,48.0,472,0.003,7296,899,0.00570299057289958,15,21.329338170000007,-2.0794408321380615,0.5823903343896735,0.07252750193979737,0.0,0.5786441190771561,1.0,0.17856485856595397,0.08472141855911643,0.12083568823948208,0.8928064020910232,0.8744713970248267
152,,48.0,472,,7296,,,15,21.329338170000007,,,,,,,,,,,
156,0.009999999776482582,48.0,478,0.003,7680,947,0.003680652007460594,16,21.378126439999996,-2.197394371032715,,,,,,,,,,
160,,48.0,478,,7680,,,16,21.378126439999996,,,,,,,,,,,
164,0.009999999776482582,48.0,473,0.003,8064,995,0.009334507398307323,17,21.421598210000003,-2.2517294883728027,0.5685801214987937,0.07564303222958252,0.0,0.6455072776048417,1.0,0.1771788853278353,0.07652428378467496,0.11588832947039812,0.8989482307301899,0.882042493347801
168,,48.0,473,,8064,,,17,21.421598210000003,,,,,,,,,,,
172,0.009999999776482582,48.0,478,0.003,8448,1043,0.004146549850702286,17,21.470429799999998,-2.301909923553467,,,,,,,,,,
176,,48.0,478,,8448,,,17,21.470429799999998,,,,,,,,,,,
180,0.009999999776482582,48.0,475,0.003,8832,1091,0.0060596466064453125,18,21.49314238,-2.4042863845825195,0.5622754742930373,0.0788279809380092,0.0,0.6141993929798156,1.0,0.17529986606735418,0.06989607083214415,0.1036107986469109,0.9043316279736507,0.875659172841063
184,,48.0,475,,8832,,,18,21.49314238,,,,,,,,,,,
188,0.009999999776482582,48.0,479,0.003,9216,1139,0.004828290082514286,19,21.52243092,-2.482468843460083,,,,,,,,,,
192,,48.0,479,,9216,,,19,21.52243092,,,,,,,,,,,
196,0.009999999776482582,48.0,476,0.003,9600,1187,0.005768239498138428,20,21.528749620000003,-2.5979297161102295,0.5978954586489144,0.059984588870453735,0.0,0.678117791330901,1.0,0.1924814568340183,0.056478485997619295,0.08296215811482999,0.9138485519851148,0.8668067031632352
200,,48.0,476,,9600,,,20,21.528749620000003,,,,,,,,,,,
204,0.009999999776482582,48.0,470,0.003,9984,1235,0.005541329737752676,21,21.53491757,-2.639146566390991,,,,,,,,,,
208,,48.0,469,,9984,,,21,21.53491757,,,,,,,,,,,
212,0.009999999776482582,48.0,474,0.003,10368,1283,0.00351819209754467,21,21.529547889999993,-2.748195171356201,,,,,,,,,,
216,,48.0,474,,10368,,,21,21.529547889999993,,,,,,,,,,,
220,0.009999999776482582,48.0,471,0.003,10752,1331,0.005229775793850422,22,21.542220790000002,-2.869093418121338,0.581368758767887,0.05830188158133491,0.0,0.7337780269694222,1.0,0.15058925978077597,0.043273337304295015,0.0956979182935374,0.9028972130030193,0.8787577093519198
224,,48.0,470,,10752,,,22,21.542220790000002,,,,,,,,,,,
228,0.009999999776482582,48.0,474,0.003,11136,1379,0.010122707113623619,23,21.51319281,-2.860490322113037,,,,,,,,,,
232,,48.0,474,,11136,,,23,21.51319281,,,,,,,,,,,
236,0.009999999776482582,48.0,472,0.003,11520,1427,0.004625711590051651,24,21.50269731,-2.947232723236084,0.601915313844924,0.05558482790839574,0.0,0.6851308239618993,1.0,0.17671134504409727,0.053276797175202735,0.08859915698310165,0.8962599511646901,0.8898045532212653
240,,48.0,471,,11520,,,24,21.50269731,,,,,,,,,,,
244,0.009999999776482582,48.0,474,0.003,11904,1475,0.006870087236166,25,21.494576419999994,-3.06537127494812,,,,,,,,,,
248,,48.0,474,,11904,,,25,21.494576419999994,,,,,,,,,,,
252,0.009999999776482582,48.0,472,0.003,12288,1523,0.006809147074818611,26,21.51074755999999,-3.0803465843200684,0.6064162335346261,0.04365063986847981,0.0,0.7153916118965724,1.0,0.13889343416030922,0.04895627966586619,0.0720030100342442,0.8959427376780382,0.88969023516185
256,,48.0,471,,12288,,,26,21.51074755999999,,,,,,,,,,,
260,0.009999999776482582,48.0,475,0.003,12672,1571,0.010729881934821606,26,21.504760500000003,-3.2504725456237793,,,,,,,,,,
264,,48.0,475,,12672,,,26,21.504760500000003,,,,,,,,,,,
268,0.009999999776482582,48.0,473,0.003,13056,1619,0.007057760376483202,27,21.486967909999997,-3.331785202026367,0.6228753978933061,0.05229078555182855,0.0,0.7235126450006709,1.0,0.15812421005100424,0.04259628419223485,0.06751299998864851,0.8803809526612971,0.901404477104431
272,,48.0,472,,13056,,,27,21.486967909999997,,,,,,,,,,,
276,0.009999999776482582,48.0,476,0.003,13440,1667,0.003438372630625963,28,21.47886673,-3.4063491821289062,,,,,,,,,,
280,,48.0,475,,13440,,,28,21.47886673,,,,,,,,,,,
284,0.009999999776482582,48.0,473,0.003,13824,1715,0.004383404739201069,29,21.460875229999996,-3.499779224395752,0.6128838051724897,0.05337414283064698,0.0,0.7937878446572548,1.0,0.16050273002994428,0.041395782500358205,0.07274527160604292,0.8949300328677205,0.8889541761870974
288,,48.0,473,,13824,,,29,21.460875229999996,,,,,,,,,,,
292,0.009999999776482582,48.0,476,0.003,14208,1763,0.0050331056118011475,29,21.43750506,-3.464665651321411,,,,,,,,,,
296,,48.0,476,,14208,,,29,21.43750506,,,,,,,,,,,
300,0.009999999776482582,48.0,474,0.003,14592,1811,0.006637956947088242,30,21.40931005,-3.4965646266937256,0.6171372852644996,0.067525041359271,0.03798357034142275,0.7713125764976609,0.9945175438596491,0.14844866255491732,0.07391985438756603,0.06711447908347104,0.8825447776477355,0.8824521280936519
304,,48.0,473,,14592,,,30,21.40931005,,,,,,,,,,,
308,0.009999999776482582,48.0,476,0.003,14976,1859,0.006162073463201523,31,21.40922923,-3.7315080165863037,,,,,,,,,,
312,,48.0,476,,14976,,,31,21.40922923,,,,,,,,,,,
316,0.009999999776482582,48.0,474,0.003,15360,1907,0.005964956246316433,32,21.397804859999997,-3.727203607559204,0.6329156400328766,0.06535987088715604,0.0,0.7326146051244726,1.0,0.15423605074471547,0.04040888251056567,0.06938411963823056,0.9011239967165352,0.8646790630618607
320,,48.0,474,,15360,,,32,21.397804859999997,,,,,,,,,,,
324,0.009999999776482582,48.0,477,0.003,15744,1955,0.008097980171442032,32,21.41461069,-3.803701877593994,,,,,,,,,,
328,,48.0,477,,15744,,,32,21.41461069,,,,,,,,,,,
332,0.009999999776482582,48.0,475,0.003,16128,2003,0.0037212090101093054,33,21.41962977,-3.8676748275756836,0.6072259944764514,0.06351359935531287,0.0,0.7538299357057484,1.0,0.200719188834792,0.05864240462985504,0.08789281690967178,0.8904704838980625,0.8850047809392293
336,,48.0,474,,16128,,,33,21.41962977,,,,,,,,,,,
340,0.009999999776482582,48.0,477,0.003,16512,2051,0.0065449862740933895,34,21.436380470000003,-3.9695560932159424,,,,,,,,,,
344,,48.0,477,,16512,,,34,21.436380470000003,,,,,,,,,,,
348,0.009999999776482582,48.0,468,0.003,16896,2099,0.005782685242593288,36,21.43780163,-3.9866459369659424,0.5992832611014614,0.04762686370226038,0.0,0.7596411550184552,1.0,0.16670605755660833,0.04727600212910131,0.07407178474214655,0.8907001673556512,0.8972402946944826
352,,48.0,468,,16896,,,36,21.43780163,,,,,,,,,,,
356,0.009999999776482582,48.0,470,0.003,17280,2147,0.005941249895840883,36,21.394371980000003,-4.133203506469727,,,,,,,,,,
360,,48.0,470,,17280,,,36,21.394371980000003,,,,,,,,,,,
364,0.009999999776482582,48.0,469,0.003,17664,2195,0.007487328723073006,37,21.411208919999993,-4.1845502853393555,0.6041894904967628,0.04280756062830665,0.0,0.7512897110368175,1.0,0.14534875648173814,0.038907795566712956,0.06933060903193397,0.8934957626512263,0.8944515746122191
368,,48.0,469,,17664,,,37,21.411208919999993,,,,,,,,,,,
372,0.009999999776482582,48.0,472,0.003,18048,2243,0.010036113671958447,38,21.410360260000008,-4.188024520874023,,,,,,,,,,
376,,48.0,471,,18048,,,38,21.410360260000008,,,,,,,,,,,
380,0.009999999776482582,48.0,470,0.003,18432,2291,0.003925300668925047,39,21.40903476,-4.229024887084961,0.6229861138924645,0.05459674463777636,0.0,0.7338530680007731,1.0,0.18212519633140276,0.04542115755427235,0.07848823614604833,0.9007632183166591,0.8768097760381218
384,,48.0,470,,18432,,,39,21.40903476,,,,,,,,,,,
388,0.009999999776482582,48.0,472,0.003,18816,2339,0.004088955000042915,39,21.44706067,-4.5462164878845215,,,,,,,,,,
392,,48.0,472,,18816,,,39,21.44706067,,,,,,,,,,,
396,0.009999999776482582,48.0,470,0.003,19200,2387,0.005352424923330545,40,21.44987837,-4.4981279373168945,0.6216991581731838,0.04164940957151542,0.0,0.7493173738784586,1.0,0.15099759043313676,0.04415974584321094,0.06874571065500779,0.8936835343121673,0.8899515893649769
400,,48.0,470,,19200,,,40,21.44987837,,,,,,,,,,,
404,0.009999999776482582,48.0,472,0.003,19584,2435,0.007270684000104666,41,21.473497929999997,-4.564034461975098,,,,,,,,,,
408,,48.0,472,,19584,,,41,21.473497929999997,,,,,,,,,,,
412,0.009999999776482582,48.0,474,0.003,19968,2483,0.002404975239187479,42,21.486066709999996,-4.486483097076416,,,,,,,,,,
416,,48.0,474,,19968,,,42,21.486066709999996,,,,,,,,,,,
420,0.009999999776482582,48.0,473,0.003,20352,2531,0.0038457014597952366,42,21.491309029999993,-4.5850605964660645,0.6038007278384369,0.04261867037258744,0.0,0.7503819882522691,1.0,0.14411671219629,0.039663406760904574,0.06804713734241692,0.9005787662695056,0.8882596957095502
424,,48.0,473,,20352,,,42,21.491309029999993,,,,,,,,,,,
428,0.009999999776482582,48.0,475,0.003,20736,2579,0.00498402863740921,43,21.489485200000004,-4.610885143280029,,,,,,,,,,
432,,48.0,475,,20736,,,43,21.489485200000004,,,,,,,,,,,
436,0.009999999776482582,48.0,474,0.003,21120,2627,0.006133116781711578,44,21.465263089999993,-4.500157833099365,0.6169422111644939,0.04457901935579355,0.0,0.7907296519759617,1.0,0.13010173033728473,0.03543508118219443,0.06565671149359881,0.8947951706685989,0.8890094077972204
440,,48.0,473,,21120,,,44,21.465263089999993,,,,,,,,,,,
444,0.009999999776482582,48.0,475,0.003,21504,2675,0.012007245793938637,45,21.446426700000007,-4.801511287689209,,,,,,,,,,
448,,48.0,475,,21504,,,45,21.446426700000007,,,,,,,,,,,
452,0.009999999776482582,48.0,473,0.003,21888,2723,0.005307923071086407,46,21.439643899999997,-4.960131645202637,0.6230684585057029,0.04651755941878179,0.0,0.800209289024644,1.0,0.15752534939605797,0.03907263174736765,0.06861193627353782,0.8920042306174228,0.8886838484438785
456,,48.0,473,,21888,,,46,21.439643899999997,,,,,,,,,,,
460,0.009999999776482582,48.0,475,0.003,22272,2771,0.008143466897308826,46,21.435222470000003,-4.952230453491211,,,,,,,,,,
464,,48.0,475,,22272,,,46,21.435222470000003,,,,,,,,,,,
468,0.009999999776482582,48.0,474,0.003,22656,2819,0.007463550195097923,47,21.42775545,-5.117881774902344,0.5981053779806699,0.039697916416145174,0.0,0.7748358106995983,1.0,0.12965257653361872,0.03640803137141952,0.06772157345189402,0.8920973501024605,0.8952222432064237
472,,48.0,474,,22656,,,47,21.42775545,,,,,,,,,,,
476,0.009999999776482582,48.0,476,0.003,23040,2867,0.008975036442279816,48,21.4281531,-5.053144454956055,,,,,,,,,,
480,,48.0,476,,23040,,,48,21.4281531,,,,,,,,,,,
484,0.009999999776482582,48.0,475,0.003,23424,2915,0.005544883199036121,49,21.43084473,-5.204902648925781,0.6193596053126272,0.0397384241530043,0.0,0.8085263642382515,1.0,0.16215920250137258,0.048475733445000474,0.06758929647784778,0.8900174533215511,0.8947862449612624
488,,48.0,474,,23424,,,49,21.43084473,,,,,,,,,,,
492,0.009999999776482582,48.0,476,0.003,23808,2963,0.004413625691086054,49,21.432865990000003,-5.23380184173584,,,,,,,,,,
496,,48.0,476,,23808,,,49,21.432865990000003,,,,,,,,,,,
500,0.009999999776482582,48.0,472,0.003,24192,3011,0.0034924119245260954,51,21.44159427,-5.319299221038818,0.6058265744820299,0.05167026573411275,0.0,0.7843016948888147,1.0,0.16850064717300728,0.04739263900642324,0.07403709935261457,0.8901388424381109,0.8923086781546248
504,,48.0,471,,24192,,,51,21.44159427,,,,,,,,,,,
508,0.009999999776482582,48.0,473,0.003,24576,3059,0.008756216615438461,51,21.43783178,-5.391664028167725,,,,,,,,,,
512,,48.0,473,,24576,,,51,21.43783178,,,,,,,,,,,
516,0.009999999776482582,48.0,472,0.003,24960,3107,0.004264176823198795,52,21.441073059999997,-5.5493364334106445,0.6052775174143813,0.052733798293999615,0.0,0.804129851437918,1.0,0.17702063210831198,0.05455783860800569,0.07184328325877781,0.8851242659640963,0.8926726837202681
520,,48.0,472,,24960,,,52,21.441073059999997,,,,,,,,,,,
524,0.009999999776482582,48.0,474,0.003,25344,3155,0.007831921800971031,53,21.432683120000007,-5.552321434020996,,,,,,,,,,
528,,48.0,474,,25344,,,53,21.432683120000007,,,,,,,,,,,
532,0.009999999776482582,48.0,473,0.003,25728,3203,0.005638661794364452,54,21.463680059999998,-5.577045440673828,0.6290668397692055,0.07856623446729483,0.0,0.8022059959677668,1.0,0.20971302343512063,0.05652885854235259,0.09162767547123532,0.8755984146365505,0.8697587022631224
536,,48.0,473,,25728,,,54,21.463680059999998,,,,,,,,,,,
540,0.009999999776482582,48.0,474,0.003,26112,3251,0.0037978854961693287,54,21.46474045,-5.649365425109863,,,,,,,,,,
544,,48.0,474,,26112,,,54,21.46474045,,,,,,,,,,,
548,0.009999999776482582,48.0,473,0.003,26496,3299,0.00890832394361496,55,21.478992200000004,-5.367447853088379,0.6113205320336338,0.053482680770118,0.0,0.7604351582228788,1.0,0.1877087588158312,0.03853312721676018,0.07341717489408121,0.8928840438311605,0.8942198986565051
552,,48.0,473,,26496,,,55,21.478992200000004,,,,,,,,,,,
556,0.009999999776482582,48.0,474,0.003,26880,3347,0.004634726792573929,56,21.479427110000007,-5.818087577819824,,,,,,,,,,
560,,48.0,474,,26880,,,56,21.479427110000007,,,,,,,,,,,
564,0.009999999776482582,48.0,473,0.003,27264,3395,0.011579927988350391,57,21.48630902,-5.8551788330078125,0.5962280076984293,0.07283426724069005,0.0,0.7969857834692771,1.0,0.21314944096249538,0.055122672970519385,0.08317264732156197,0.8862571629323929,0.8922650317411721
568,,48.0,473,,27264,,,57,21.48630902,,,,,,,,,,,
572,0.009999999776482582,48.0,475,0.003,27648,3443,0.006531260907649994,58,21.49514769,-5.895667552947998,,,,,,,,,,
576,,48.0,475,,27648,,,58,21.49514769,,,,,,,,,,,
580,0.009999999776482582,48.0,474,0.003,28032,3491,0.004412046633660793,59,21.470566919999996,-5.831202030181885,0.6144047780349516,0.05648196779734345,0.03798357034142275,0.8088270362195571,0.9945175438596491,0.224552473544032,0.08118863984451843,0.0828696568351983,0.8850658874720134,0.8860045126161484
584,,48.0,474,,28032,,,59,21.470566919999996,,,,,,,,,,,
588,0.009999999776482582,48.0,475,0.003,28416,3539,0.005660645198076963,59,21.47105128,-5.8212890625,,,,,,,,,,
592,,48.0,475,,28416,,,59,21.47105128,,,,,,,,,,,
596,0.009999999776482582,48.0,474,0.003,28800,3587,0.005745804402977228,60,21.489829989999997,-5.998875617980957,0.6199019238049401,0.04804078652379351,0.0,0.8108248786919838,1.0,0.1900811870078868,0.04244348466452726,0.07509901253373226,0.873470324459287,0.9082096002195034
600,,48.0,474,,28800,,,60,21.489829989999997,,,,,,,,,,,
604,0.009999999776482582,48.0,475,0.003,29184,3635,0.0039497544057667255,61,21.486190909999994,-6.013340473175049,,,,,,,,,,
608,,48.0,475,,29184,,,61,21.486190909999994,,,,,,,,,,,
612,0.009999999776482582,48.0,476,0.003,29568,3683,0.006206482648849487,61,21.475940740000002,-6.221487998962402,,,,,,,,,,
616,,48.0,476,,29568,,,61,21.475940740000002,,,,,,,,,,,
620,0.009999999776482582,48.0,476,0.003,29952,3731,0.0029639804270118475,62,21.467129420000006,-6.134326934814453,0.6033377136730323,0.048895638717129895,0.0,0.8137533911289868,1.0,0.1705152642652281,0.03462384929541224,0.07305059293367278,0.8962772705714721,0.8921675173258982
624,,48.0,475,,29952,,,62,21.467129420000006,,,,,,,,,,,
628,0.009999999776482582,48.0,477,0.003,30336,3779,0.002664359286427498,63,21.437884880000002,-6.052326202392578,,,,,,,,,,
632,,48.0,477,,30336,,,63,21.437884880000002,,,,,,,,,,,
636,0.009999999776482582,48.0,476,0.003,30720,3827,0.008124738931655884,64,21.441454309999994,-6.088984966278076,0.6048272887549934,0.03800611570650734,0.0,0.8300906739325806,1.0,0.1491438005181366,0.0409183705181449,0.06740711429795139,0.88733943244527,0.8889160681399234
640,,48.0,476,,30720,,,64,21.441454309999994,,,,,,,,,,,
644,0.009999999776482582,48.0,477,0.003,31104,3875,0.00718211755156517,65,21.449969369999994,-6.470453262329102,,,,,,,,,,
648,,48.0,477,,31104,,,65,21.449969369999994,,,,,,,,,,,
652,0.009999999776482582,48.0,474,0.003,31488,3923,0.005444144830107689,66,21.451866880000008,-6.409071922302246,0.6018368314635998,0.052842389260595535,0.0,0.7719566131994082,1.0,0.16662672664574563,0.06662725098532955,0.0748401354109231,0.8980665703806749,0.8887863745149989
656,,48.0,474,,31488,,,66,21.451866880000008,,,,,,,,,,,
660,0.009999999776482582,48.0,475,0.003,31872,3971,0.0051840683445334435,67,21.465591640000003,-6.471993446350098,,,,,,,,,,
664,,48.0,475,,31872,,,67,21.465591640000003,,,,,,,,,,,
668,0.009999999776482582,48.0,474,0.003,32256,4019,0.004509403370320797,67,21.46836078,-6.333308219909668,0.6255283746504304,0.07906665474181877,0.09212525778814394,0.7883033719251001,0.9736842105263158,0.22399386333290314,0.1336393537373615,0.09379478249357176,0.8694118454129519,0.8630363651339575
672,,48.0,474,,32256,,,68,21.46836078,,,,,,,,,,,
676,0.009999999776482582,48.0,475,0.003,32640,4067,0.0030095383990556,68,21.471732719999995,-6.576017379760742,,,,,,,,,,
680,,48.0,475,,32640,,,68,21.471732719999995,,,,,,,,,,,
684,0.009999999776482582,48.0,474,0.003,33024,4115,0.007697402499616146,69,21.46630544999999,-6.498928546905518,0.6177283410905554,0.05308112562491116,0.0,0.7836462372072756,1.0,0.16869895752342975,0.043515979997830294,0.0798695140335158,0.8865940313547649,0.8907517002208579
688,,48.0,474,,33024,,,69,21.46630544999999,,,,,,,,,,,
692,0.009999999776482582,48.0,475,0.003,33408,4163,0.003589403349906206,70,21.47903813,-6.426617622375488,,,,,,,,,,
696,,48.0,475,,33408,,,70,21.47903813,,,,,,,,,,,
700,0.009999999776482582,48.0,474,0.003,33792,4211,0.005817013792693615,71,21.484856770000007,-6.764949321746826,0.6240722526494308,0.09876371056946977,0.0,0.7924063172528589,1.0,0.22055321760241886,0.07165700532289766,0.09931936260497483,0.8640973456649556,0.8842382274983568
704,,48.0,474,,33792,,,71,21.484856770000007,,,,,,,,,,,
708,0.009999999776482582,48.0,475,0.003,34176,4259,0.011841865256428719,71,21.478792259999995,-6.783789157867432,,,,,,,,,,
712,,48.0,475,,34176,,,71,21.478792259999995,,,,,,,,,,,
716,0.009999999776482582,48.0,474,0.003,34560,4307,0.007445182651281357,72,21.49024394999999,-6.607962608337402,0.6144817672711806,0.07764939400208896,0.06437448089343181,0.7998565767145537,0.9835526315789473,0.22829161824094987,0.11080186561110295,0.08515679482290903,0.8728886232681827,0.8724574777199985
720,,48.0,474,,34560,,,72,21.49024394999999,,,,,,,,,,,
724,0.009999999776482582,48.0,476,0.003,34944,4355,0.002787036821246147,73,21.49710166,-6.697689056396484,,,,,,,,,,
728,,48.0,476,,34944,,,73,21.49710166,,,,,,,,,,,
732,0.009999999776482582,48.0,475,0.003,35328,4403,0.007668176665902138,74,21.495422499999997,-6.979510307312012,0.5897957093436262,0.047561434559020906,0.0,0.7853555938072001,1.0,0.16842035775287076,0.07644579797238203,0.07372010521402003,0.8798955020237134,0.9015370524314672
736,,48.0,475,,35328,,,74,21.495422499999997,,,,,,,,,,,
740,0.009999999776482582,48.0,476,0.003,35712,4451,0.0033974316902458668,74,21.489959380000002,-6.968411445617676,,,,,,,,,,
744,,48.0,476,,35712,,,74,21.489959380000002,,,,,,,,,,,
748,0.009999999776482582,48.0,475,0.003,36096,4499,0.005397861357778311,75,21.487203079999993,-6.855297565460205,0.5859000736001468,0.050654221524549,0.0,0.8037758022807949,1.0,0.17804209251544012,0.05234436228071871,0.07458043338493227,0.8893187932203418,0.8985425515705913
752,,48.0,475,,36096,,,75,21.487203079999993,,,,,,,,,,,
756,0.009999999776482582,48.0,476,0.003,36480,4547,0.006311553530395031,76,21.45849665,-6.982719421386719,,,,,,,,,,
760,,48.0,476,,36480,,,76,21.45849665,,,,,,,,,,,
764,0.009999999776482582,48.0,475,0.003,36864,4595,0.0037934216670691967,77,21.44798707,-7.212982177734375,0.5839102733452504,0.06795406576461736,0.007596714068284557,0.8265455940201225,0.9989035087719298,0.20823164693859675,0.044589050983883605,0.08216309814617064,0.8930496231015038,0.8896187923047695
768,,48.0,475,,36864,,,77,21.44798707,,,,,,,,,,,
772,0.009999999776482582,48.0,476,0.003,37248,4643,0.01176847331225872,78,21.431316239999997,-6.751770973205566,,,,,,,,,,
776,,48.0,476,,37248,,,78,21.431316239999997,,,,,,,,,,,
780,0.009999999776482582,48.0,475,0.003,37632,4691,0.004090300295501947,79,21.45687699,-7.427064895629883,0.5850235447647715,0.0522339287365548,0.0,0.7965519784317592,1.0,0.18228564730368,0.053039403454574176,0.074950595684481,0.8916041715402183,0.8939551701006312
784,,48.0,475,,37632,,,79,21.45687699,,,,,,,,,,,
788,0.009999999776482582,48.0,476,0.003,38016,4739,0.017871467396616936,79,21.442226920000003,-7.283071041107178,,,,,,,,,,
792,,48.0,476,,38016,,,79,21.442226920000003,,,,,,,,,,,
796,0.009999999776482582,48.0,474,0.003,38400,4787,0.003591315820813179,80,21.436250700000002,-6.775297164916992,0.5985943110322905,0.05653970751100536,0.0,0.8049192249427903,1.0,0.21166350766956488,0.053646627200346186,0.07649501054736878,0.8960155964495375,0.897931239035247
800,,48.0,474,,38400,,,80,21.436250700000002,,,,,,,,,,,
804,0.009999999776482582,48.0,475,0.003,38784,4835,0.004583333618938923,81,21.40857559,-7.061920642852783,,,,,,,,,,
808,,48.0,475,,38784,,,81,21.40857559,,,,,,,,,,,
812,0.009999999776482582,48.0,476,0.003,39168,4883,0.008722683414816856,82,21.397341030000003,-7.3595380783081055,,,,,,,,,,
816,,48.0,476,,39168,,,82,21.397341030000003,,,,,,,,,,,
820,0.009999999776482582,48.0,475,0.003,39552,4931,0.006660205312073231,83,21.39002923,-7.401610374450684,0.5897897049622485,0.04694231057008402,0.0,0.8083592851204182,1.0,0.17087218734259454,0.05391330095415822,0.07208506247695393,0.8970422000898798,0.8868845265394042
824,,48.0,475,,39552,,,83,21.39002923,,,,,,,,,,,
828,0.009999999776482582,48.0,476,0.003,39936,4979,0.004735582508146763,83,21.387347419999998,-7.445496559143066,,,,,,,,,,
832,,48.0,476,,39936,,,83,21.387347419999998,,,,,,,,,,,
836,0.009999999776482582,48.0,475,0.003,40320,5027,0.012013117782771587,84,21.384560349999997,-7.40621280670166,0.5915731573850075,0.052999445838333124,0.0,0.7514420069863252,1.0,0.19343421625882318,0.0778512864158625,0.07488935708077184,0.901957435083795,0.8961742108837153
840,,48.0,475,,40320,,,84,21.384560349999997,,,,,,,,,,,
844,0.009999999776482582,48.0,476,0.003,40704,5075,0.008200688287615776,85,21.344454409999997,-7.603701591491699,,,,,,,,,,
848,,48.0,476,,40704,,,85,21.344454409999997,,,,,,,,,,,
852,0.009999999776482582,48.0,475,0.003,41088,5123,0.0034537706524133682,86,21.357945170000004,-7.628476142883301,0.5800230173959203,0.0465071510429431,0.0,0.8309926892682864,1.0,0.21151844552604554,0.0469487777723939,0.07400312786969263,0.8951016565356127,0.8989760111444538
856,,48.0,475,,41088,,,86,21.357945170000004,,,,,,,,,,,
860,0.009999999776482582,48.0,476,0.003,41472,5171,0.007523880340158939,86,21.374523359999998,-8.004733085632324,,,,,,,,,,
864,,48.0,476,,41472,,,86,21.374523359999998,,,,,,,,,,,
868,0.009999999776482582,48.0,475,0.003,41856,5219,0.00445557339116931,87,21.3648318,-7.430718421936035,0.6205671451499627,0.07812166299021772,0.03798357034142275,0.845173941913273,0.9945175438596491,0.2642712836040757,0.07204842374365006,0.0914920020728534,0.8599073775558247,0.8639516564919711
872,,48.0,475,,41856,,,87,21.3648318,,,,,,,,,,,
876,0.009999999776482582,48.0,476,0.003,42240,5267,0.007541547063738108,88,21.37351701,-7.433730125427246,,,,,,,,,,
880,,48.0,476,,42240,,,88,21.37351701,,,,,,,,,,,
884,0.009999999776482582,48.0,475,0.003,42624,5315,0.003691044868901372,89,21.355967320000005,-7.209997653961182,0.5949985243903846,0.043381854022053946,0.0,0.8255921629879807,1.0,0.2038831793708221,0.06186348701067612,0.0705289190707661,0.8739164761732227,0.9023035572154868
888,,48.0,475,,42624,,,89,21.355967320000005,,,,,,,,,,,
892,0.009999999776482582,48.0,476,0.003,43008,5363,0.0053609381429851055,90,21.36331439,-7.529577732086182,,,,,,,,,,
896,,48.0,476,,43008,,,90,21.36331439,,,,,,,,,,,
900,0.009999999776482582,48.0,476,0.003,43392,5411,0.004696004092693329,91,21.38630875,-7.819691181182861,0.590331007364535,0.05251058610871421,0.0,0.8062183531832589,1.0,0.21323433893924681,0.07710461534714431,0.07386288681849643,0.8801414721463815,0.8983447870084905
904,,48.0,476,,43392,,,91,21.38630875,,,,,,,,,,,
908,0.009999999776482582,48.0,477,0.003,43776,5459,0.004145903512835503,91,21.373951630000008,-7.770918846130371,,,,,,,,,,
912,,48.0,477,,43776,,,91,21.373951630000008,,,,,,,,,,,
916,0.009999999776482582,48.0,476,0.003,44160,5507,0.008039257489144802,92,21.366879909999998,-7.727759838104248,0.6122823697271232,0.06057824282286954,0.0,0.835235103382713,1.0,0.20635891216826446,0.06589371363523198,0.07417694407743619,0.8777779484879404,0.8761487678260906
920,,48.0,476,,44160,,,92,21.366879909999998,,,,,,,,,,,
924,0.009999999776482582,48.0,477,0.003,44544,5555,0.00828583724796772,93,21.357925879999996,-7.833799362182617,,,,,,,,,,
928,,48.0,477,,44544,,,93,21.357925879999996,,,,,,,,,,,
932,0.009999999776482582,48.0,476,0.003,44928,5603,0.005585226695984602,94,21.352301099999995,-8.177753448486328,0.6245775473763301,0.05638615633266653,0.03798357034142275,0.8377360717027421,0.9945175438596491,0.2047030926163213,0.050569101172553005,0.06776099180980784,0.8760594821087359,0.8757588658669244
936,,48.0,476,,44928,,,94,21.352301099999995,,,,,,,,,,,
940,0.009999999776482582,48.0,477,0.003,45312,5651,0.00904113706201315,94,21.385660019999996,-7.869063854217529,,,,,,,,,,
944,,48.0,477,,45312,,,94,21.385660019999996,,,,,,,,,,,
948,0.009999999776482582,48.0,475,0.003,45696,5699,0.008339676074683666,96,21.39483317,-7.8888444900512695,0.5865185847960439,0.0594031842307683,0.0,0.8147628906691211,1.0,0.20684202109961775,0.08411880624979606,0.07451183274620377,0.8860592122578298,0.8818262501293986
952,,48.0,475,,45696,,,96,21.39483317,,,,,,,,,,,
956,0.009999999776482582,48.0,476,0.003,46080,5747,0.004789519123733044,96,21.40228763,-8.088324546813965,,,,,,,,,,
960,,48.0,476,,46080,,,96,21.40228763,,,,,,,,,,,
964,0.009999999776482582,48.0,475,0.003,46464,5795,0.0024983598850667477,97,21.395322489999998,-8.006084442138672,0.6213967960913479,0.058369955908484504,0.0,0.8250623409498361,1.0,0.22514071774815808,0.048225864017432896,0.06794830579153929,0.8737916093081035,0.8890087509297065
968,,48.0,475,,46464,,,97,21.395322489999998,,,,,,,,,,,
972,0.009999999776482582,48.0,476,0.003,46848,5843,0.0025957017205655575,98,21.422305060000003,-8.240596771240234,,,,,,,,,,
976,,48.0,476,,46848,,,98,21.422305060000003,,,,,,,,,,,
980,0.009999999776482582,48.0,475,0.003,47232,5891,0.009193521924316883,99,21.413302690000005,-7.857908248901367,0.6199346348339915,0.06767274106532556,0.0,0.8325190681236998,1.0,0.22284641457848167,0.07232922642842461,0.07865202703168152,0.8597693064372558,0.871257905049782
984,,48.0,475,,47232,,,99,21.413302690000005,,,,,,,,,,,
988,0.009999999776482582,48.0,476,0.003,47616,5939,0.009423516690731049,99,21.421584140000004,-7.900629997253418,,,,,,,,,,
992,,48.0,476,,47616,,,99,21.421584140000004,,,,,,,,,,,
996,0.009999999776482582,48.0,475,0.003,48000,5987,0.004650011658668518,100,21.381929419999995,-8.316476821899414,0.6154446079482128,0.05697979277875901,0.0,0.8268504669124633,1.0,0.23311921248421863,0.0637452731590761,0.07352204251878548,0.8715019114761128,0.8853911747393031
1000,,48.0,475,,48000,,,101,21.381929419999995,,,,,,,,,,,
1004,0.009999999776482582,48.0,476,0.003,48384,6035,0.007541677914559841,101,21.386681169999996,-8.295981407165527,,,,,,,,,,
1008,,48.0,476,,48384,,,101,21.386681169999996,,,,,,,,,,,
1012,0.009999999776482582,48.0,476,0.003,48768,6083,0.006753261666744947,102,21.383174630000003,-8.610029220581055,,,,,,,,,,
1016,,48.0,476,,48768,,,102,21.383174630000003,,,,,,,,,,,
1020,0.009999999776482582,48.0,476,0.003,49152,6131,0.004743903875350952,103,21.384428779999997,-7.909975051879883,0.5970702171487658,0.04439412833582433,0.0,0.8249757755428812,1.0,0.1993378373495244,0.07003491590594364,0.07620334479087713,0.8595730040135839,0.9018107885872302
1024,,48.0,476,,49152,,,103,21.384428779999997,,,,,,,,,,,
1028,0.009999999776482582,48.0,477,0.003,49536,6179,0.010633289813995361,103,21.384883600000002,-8.451210975646973,,,,,,,,,,
1032,,48.0,477,,49536,,,103,21.384883600000002,,,,,,,,,,,
1036,0.009999999776482582,48.0,476,0.003,49920,6227,0.004753337241709232,104,21.370420920000004,-8.145293235778809,0.5696374938761618,0.05273506097382901,0.0,0.8438605596477539,1.0,0.22142272605578872,0.056352673891984444,0.07590953969279648,0.8899995670624332,0.8890968088856236
1040,,48.0,476,,49920,,,104,21.370420920000004,,,,,,,,,,,
1044,0.009999999776482582,48.0,477,0.003,50304,6275,0.004064658191055059,105,21.347011279999997,-8.396934509277344,,,,,,,,,,
1048,,48.0,477,,50304,,,105,21.347011279999997,,,,,,,,,,,
1052,0.009999999776482582,48.0,476,0.003,50688,6323,0.005068271420896053,106,21.32825848,-8.459370613098145,0.5753565942955122,0.06271972469486584,0.01062847034333995,0.8509229120812505,0.9978070175438596,0.24335380578709284,0.0873148259029089,0.07601117683967887,0.8679197927508226,0.8873881724071216
1056,,48.0,476,,50688,,,106,21.32825848,,,,,,,,,,,
1060,0.009999999776482582,48.0,477,0.003,51072,6371,0.0026139053516089916,107,21.298364839999998,-8.117244720458984,,,,,,,,,,
1064,,48.0,477,,51072,,,107,21.298364839999998,,,,,,,,,,,
1068,0.009999999776482582,48.0,476,0.003,51456,6419,0.007449599914252758,107,21.256892609999994,-8.572200775146484,0.6005479432814782,0.05050142780279769,0.007596714068284557,0.851207079049849,0.9989035087719298,0.2142756269407562,0.07102793341516717,0.07103109143047118,0.8516725433713727,0.8903075215423064
1072,,48.0,476,,51456,,,107,21.256892609999994,,,,,,,,,,,
1076,0.009999999776482582,48.0,477,0.003,51840,6467,0.005232316441833973,108,21.250426460000003,-8.330392837524414,,,,,,,,,,
1080,,48.0,477,,51840,,,108,21.250426460000003,,,,,,,,,,,
1084,0.009999999776482582,48.0,476,0.003,52224,6515,0.005827906541526318,109,21.250666780000003,-8.01906967163086,0.5846130166981429,0.07176796487785997,0.007596714068284557,0.8165604220014097,0.9989035087719298,0.23166509846465883,0.11200218103113803,0.0856555523184869,0.862560484907011,0.8881056517626029
1088,,48.0,476,,52224,,,109,21.250666780000003,,,,,,,,,,,
1092,0.009999999776482582,48.0,477,0.003,52608,6563,0.004045555833727121,110,21.26786592,-8.494019508361816,,,,,,,,,,
1096,,48.0,477,,52608,,,110,21.26786592,,,,,,,,,,,
1100,0.009999999776482582,48.0,475,0.003,52992,6611,0.004470175132155418,111,21.256081960000003,-8.84200382232666,0.5611958671871677,0.06608454247061961,0.007596714068284557,0.8201317656666299,0.9989035087719298,0.22827954818720328,0.06981558315647012,0.08198855843043279,0.8831686558153355,0.8984532479992405
1104,,48.0,475,,52992,,,111,21.256081960000003,,,,,,,,,,,
1108,0.009999999776482582,48.0,476,0.003,53376,6659,0.0066147660836577415,112,21.232922400000003,-8.480627059936523,,,,,,,,,,
1112,,48.0,476,,53376,,,112,21.232922400000003,,,,,,,,,,,
1116,0.009999999776482582,48.0,475,0.003,53760,6707,0.005328731145709753,113,21.241442230000004,-8.48668384552002,0.6450524732778024,0.07427660491636637,0.0,0.8136222219849987,1.0,0.2676409510973511,0.0648009047719467,0.08437753124371197,0.8615959053734534,0.8785304611698176
1120,,48.0,475,,53760,,,113,21.241442230000004,,,,,,,,,,,
1124,0.009999999776482582,48.0,476,0.003,54144,6755,0.0035042499657720327,113,21.247370999999998,-8.435342788696289,,,,,,,,,,
1128,,48.0,476,,54144,,,113,21.247370999999998,,,,,,,,,,,
1132,0.009999999776482582,48.0,475,0.003,54528,6803,0.0028697799425572157,114,21.24321271,-8.77131175994873,0.5859486756333389,0.06386638684505574,0.0,0.824934024313848,1.0,0.2486962362254379,0.060253737475016486,0.08291611255412269,0.8792502780947558,0.8887507345866871
1136,,48.0,475,,54528,,,114,21.24321271,,,,,,,,,,,
1140,0.009999999776482582,48.0,476,0.003,54912,6851,0.005879397504031658,115,21.25099306,-8.542848587036133,,,,,,,,,,
1144,,48.0,476,,54912,,,115,21.25099306,,,,,,,,,,,
1148,0.009999999776482582,48.0,475,0.003,55296,6899,0.008909434080123901,116,21.24822083,-8.444724082946777,0.6117961020381752,0.06882035623326761,0.0,0.7993913284022848,1.0,0.23640875793013416,0.09683563324627269,0.08476302106647526,0.8693151666791262,0.8876738562531088
1152,,48.0,475,,55296,,,116,21.24822083,,,,,,,,,,,
1156,0.009999999776482582,48.0,476,0.003,55680,6947,0.006158948875963688,116,21.234932810000004,-8.550071716308594,,,,,,,,,,
1160,,48.0,476,,55680,,,116,21.234932810000004,,,,,,,,,,,
1164,0.009999999776482582,48.0,475,0.003,56064,6995,0.011042728088796139,117,21.242431920000005,-9.042953491210938,0.6293138387906169,0.0732692830127241,0.0,0.7801847534173256,1.0,0.2101642260613917,0.08402636095738697,0.08778106262760672,0.8657476815023392,0.8756119039249134
1168,,48.0,475,,56064,,,117,21.242431920000005,,,,,,,,,,,
1172,0.009999999776482582,48.0,476,0.003,56448,7043,0.004203888587653637,118,21.27848255,-8.719253540039062,,,,,,,,,,
1176,,48.0,476,,56448,,,118,21.27848255,,,,,,,,,,,
1180,0.009999999776482582,48.0,475,0.003,56832,7091,0.008284156210720539,119,21.285605880000002,-8.483640670776367,0.6352952341860835,0.07851069083295506,0.007596714068284557,0.808354578178113,0.9989035087719298,0.2580497138557547,0.10036855196838967,0.09721810716976367,0.860734625554977,0.864987171634918
1184,,48.0,475,,56832,,,119,21.285605880000002,,,,,,,,,,,
1188,0.009999999776482582,48.0,476,0.003,57216,7139,0.004112633410841227,120,21.285767370000002,-8.482034683227539,,,,,,,,,,
1192,,48.0,476,,57216,,,120,21.285767370000002,,,,,,,,,,,
1196,0.009999999776482582,48.0,475,0.003,57600,7187,0.005175687838345766,121,21.261471999999998,-8.689920425415039,0.5750483754256924,0.048817199765298754,0.007596714068284557,0.8157979873631332,0.9989035087719298,0.21414627208402073,0.09066622919111084,0.07254641241660816,0.8767561606596118,0.8942971304626568
1200,,48.0,475,,57600,,,121,21.261471999999998,,,,,,,,,,,
1204,0.009999999776482582,48.0,476,0.003,57984,7235,0.006874673999845982,121,21.28970589,-8.319188117980957,,,,,,,,,,
1208,,48.0,476,,57984,,,121,21.28970589,,,,,,,,,,,
1212,0.009999999776482582,48.0,477,0.003,58368,7283,0.005615483969449997,122,21.288861159999996,-8.93382453918457,,,,,,,,,,
1216,,48.0,477,,58368,,,122,21.288861159999996,,,,,,,,,,,
1220,0.009999999776482582,48.0,476,0.003,58752,7331,0.004653164651244879,123,21.29274559,-8.89211368560791,0.635373880238532,0.06615218683885428,0.0,0.8146531573016683,1.0,0.21880856395719397,0.09781202777495933,0.08730583450076322,0.8531486244215448,0.8753731702926895
1224,,48.0,476,,58752,,,123,21.29274559,,,,,,,,,,,
1228,0.009999999776482582,48.0,477,0.003,59136,7379,0.007146167568862438,123,21.313059969999998,-9.102405548095703,,,,,,,,,,
1232,,48.0,477,,59136,,,123,21.313059969999998,,,,,,,,,,,
1236,0.009999999776482582,48.0,476,0.003,59520,7427,0.0037486269138753414,124,21.287175259999998,-8.855690956115723,0.5856019343332293,0.05107358292554958,0.007596714068284557,0.8360221413586472,0.9989035087719298,0.21380300066437283,0.0684664603280331,0.06871028545649892,0.8604037832838339,0.8987643258567446
1240,,48.0,476,,59520,,,124,21.287175259999998,,,,,,,,,,,
1244,0.009999999776482582,48.0,477,0.003,59904,7475,0.0037258833181113005,125,21.27898629,-9.0903902053833,,,,,,,,,,
1248,,48.0,477,,59904,,,125,21.27898629,,,,,,,,,,,
1252,0.009999999776482582,48.0,475,0.003,60288,7523,0.006089967675507069,126,21.294185709999997,-9.249810218811035,0.6064264269493103,0.05495041876412096,0.0,0.8045389412270167,1.0,0.2035559874405524,0.07515182835366034,0.07349247325640416,0.8828362613905857,0.8880448404278761
1256,,48.0,475,,60288,,,126,21.294185709999997,,,,,,,,,,,
1260,0.009999999776482582,48.0,475,0.003,60672,7571,0.012936990708112717,127,21.275636710000004,-8.726770401000977,,,,,,,,,,
1264,,48.0,475,,60672,,,127,21.275636710000004,,,,,,,,,,,
1268,0.009999999776482582,48.0,475,0.003,61056,7619,0.0057364571839571,128,21.27995081,-8.995038986206055,0.5707056542397966,0.04690694234842623,0.0,0.834903369474741,1.0,0.21028267519060703,0.051185804869045344,0.07090982743029824,0.8853357298631248,0.898020407583831
1272,,48.0,475,,61056,,,128,21.27995081,,,,,,,,,,,
1276,0.009999999776482582,48.0,475,0.003,61440,7667,0.005856665316969156,129,21.27334584,-8.657598495483398,,,,,,,,,,
1280,,48.0,475,,61440,,,129,21.27334584,,,,,,,,,,,
1284,0.009999999776482582,48.0,475,0.003,61824,7715,0.011101165786385536,130,21.259283069999995,-8.831472396850586,0.6420099901234713,0.0832932074130113,0.0534533641252242,0.7827376604949592,0.9879385964912281,0.26766596758207695,0.11698805245358977,0.08517293263176859,0.8638055444361403,0.8766970016173641
1288,,48.0,475,,61824,,,130,21.259283069999995,,,,,,,,,,,
1292,0.009999999776482582,48.0,475,0.003,62208,7763,0.014972268603742123,130,21.246271329999995,-8.760265350341797,,,,,,,,,,
1296,,48.0,475,,62208,,,130,21.246271329999995,,,,,,,,,,,
1300,0.009999999776482582,48.0,475,0.003,62592,7811,0.004882492125034332,131,21.259391130000004,-9.188145637512207,0.5653940049180047,0.043108007813050624,0.0,0.8685012414400325,1.0,0.19403358487349526,0.03175599351090767,0.06897696581553593,0.8805108202344708,0.8841770731328172
1304,,48.0,475,,62592,,,131,21.259391130000004,,,,,,,,,,,
1308,0.009999999776482582,48.0,476,0.003,62976,7859,0.004372431896626949,132,21.250854789999995,-8.879355430603027,,,,,,,,,,
1312,,48.0,476,,62976,,,132,21.250854789999995,,,,,,,,,,,
1316,0.009999999776482582,48.0,475,0.003,63360,7907,0.017124682664871216,133,21.247375230000003,-9.09515380859375,0.5632580461895429,0.050542462300336474,0.0,0.8601509554914932,1.0,0.23259287741520923,0.028342291977414096,0.0718569213855896,0.8894911394424991,0.8872351903959883
1320,,48.0,475,,63360,,,133,21.247375230000003,,,,,,,,,,,
1324,0.009999999776482582,48.0,475,0.003,63744,7955,0.008245158940553665,133,21.210568629999997,-8.750650405883789,,,,,,,,,,
1328,,48.0,475,,63744,,,133,21.210568629999997,,,,,,,,,,,
1332,0.009999999776482582,48.0,475,0.003,64128,8003,0.008236762136220932,134,21.241329490000002,-9.032889366149902,0.6026682740777795,0.06291775789654037,0.0,0.8221874702602884,1.0,0.24776761858454815,0.04713170680836972,0.08079959499447684,0.8831592930204205,0.8972508617465064
1336,,48.0,475,,64128,,,134,21.241329490000002,,,,,,,,,,,
1340,0.009999999776482582,48.0,476,0.003,64512,8051,0.00952277984470129,135,21.2482456,-9.041675567626953,,,,,,,,,,
1344,,48.0,476,,64512,,,135,21.2482456,,,,,,,,,,,
1348,0.009999999776482582,48.0,475,0.003,64896,8099,0.06252207607030869,136,21.250052889999996,-8.58920955657959,0.5816502582537199,0.06606663062798938,0.01062847034333995,0.8317300607616455,0.9978070175438596,0.24367059259363905,0.06169671511760286,0.07695776432405829,0.8887053884403238,0.8875862836492993
1352,,48.0,475,,64896,,,136,21.250052889999996,,,,,,,,,,,
1356,0.009999999776482582,48.0,476,0.003,65280,8147,0.008703880943357944,137,21.278761970000005,-8.916421890258789,,,,,,,,,,
1360,,48.0,476,,65280,,,137,21.278761970000005,,,,,,,,,,,
1364,0.009999999776482582,48.0,475,0.003,65664,8195,0.009579919278621674,138,21.288627889999997,-9.191527366638184,0.608030032199279,0.05424020768874483,0.0,0.8200650741512329,1.0,0.21209431928904113,0.06909545203620832,0.07829560902016543,0.8727402940686059,0.8854623767449619
1368,,48.0,475,,65664,,,138,21.288627889999997,,,,,,,,,,,
1372,0.009999999776482582,48.0,476,0.003,66048,8243,0.010728462599217892,138,21.2724525,-9.177654266357422,,,,,,,,,,
1376,,48.0,476,,66048,,,138,21.2724525,,,,,,,,,,,
1380,0.009999999776482582,48.0,475,0.003,66432,8291,0.005212755873799324,139,21.26312309,-8.2958984375,0.6044583089805371,0.05325641768731775,0.0,0.8126614121411179,1.0,0.22885806222605812,0.06307587583332781,0.07420752142599805,0.8772485485479947,0.8958052459683424
1384,,48.0,475,,66432,,,139,21.26312309,,,,,,,,,,,
1388,0.009999999776482582,48.0,476,0.003,66816,8339,0.003138612024486065,140,21.30294407,-9.420048713684082,,,,,,,,,,
1392,,48.0,476,,66816,,,140,21.30294407,,,,,,,,,,,
1396,0.009999999776482582,48.0,474,0.003,67200,8387,0.0049240184016525745,141,21.2804643,-9.434216499328613,0.630335356701953,0.06321307431825658,0.0,0.8025996396389193,1.0,0.2432731540002179,0.06468290993403805,0.07799371388555905,0.8737387533688222,0.8830762337320393
1400,,48.0,474,,67200,,,141,21.2804643,,,,,,,,,,,
1404,0.009999999776482582,48.0,474,0.003,67584,8435,0.004731621127575636,142,21.274910369999997,-9.017827987670898,,,,,,,,,,
1408,,48.0,474,,67584,,,142,21.274910369999997,,,,,,,,,,,
1412,0.009999999776482582,48.0,475,0.003,67968,8483,0.016072683036327362,142,21.2746378,-9.266935348510742,,,,,,,,,,
1416,,48.0,475,,67968,,,142,21.2746378,,,,,,,,,,,
1420,0.009999999776482582,48.0,474,0.003,68352,8531,0.006486020050942898,143,21.274726,-8.541801452636719,0.6308130378727764,0.07454048297863831,0.0,0.8285313361414491,1.0,0.25411955859228774,0.059569800632410776,0.0765900393539268,0.8733081183252693,0.8714032017110033
1424,,48.0,474,,68352,,,143,21.274726,,,,,,,,,,,
1428,0.009999999776482582,48.0,475,0.003,68736,8579,0.005428062751889229,144,21.28601706,-9.465845108032227,,,,,,,,,,
1432,,48.0,475,,68736,,,144,21.28601706,,,,,,,,,,,
1436,0.009999999776482582,48.0,475,0.003,69120,8627,0.0029320809990167618,145,21.253732220000003,-9.107047080993652,0.5837120550150667,0.055639959302812396,0.007596714068284557,0.8419019571025411,0.9989035087719298,0.21573235629590023,0.04679334661788797,0.07103064378954747,0.8838294706163765,0.8825014819559474
1440,,48.0,475,,69120,,,145,21.253732220000003,,,,,,,,,,,
1444,0.009999999776482582,48.0,475,0.003,69504,8675,0.002774409484118223,146,21.25058971,-9.226371765136719,,,,,,,,,,
1448,,48.0,475,,69504,,,146,21.25058971,,,,,,,,,,,
1452,0.009999999776482582,48.0,475,0.003,69888,8723,0.013767910189926624,147,21.242751079999998,-9.24931526184082,0.6151261134941265,0.06588558580401517,0.007596714068284557,0.8258789014712539,0.9989035087719298,0.24221844552874505,0.06298851879637911,0.0747217841218587,0.8735298901785801,0.8814367106637864
1456,,48.0,475,,69888,,,147,21.242751079999998,,,,,,,,,,,
1460,0.009999999776482582,48.0,475,0.003,70272,8771,0.005057614296674728,147,21.240839070000003,-9.231304168701172,,,,,,,,,,
1464,,48.0,475,,70272,,,147,21.240839070000003,,,,,,,,,,,
1468,0.009999999776482582,48.0,475,0.003,70656,8819,0.007633530534803867,148,21.241251700000003,-9.076536178588867,0.5847812680598746,0.05524573322897469,0.007596714068284557,0.8403566884404193,0.9989035087719298,0.19349756973840732,0.058247420489675863,0.0642363189976336,0.8956318787763721,0.8767150387127259
1472,,48.0,475,,70656,,,148,21.241251700000003,,,,,,,,,,,
1476,0.009999999776482582,48.0,475,0.003,71040,8867,0.004381829407066107,149,21.2769304,-9.360100746154785,,,,,,,,,,
1480,,48.0,475,,71040,,,149,21.2769304,,,,,,,,,,,
1484,0.009999999776482582,48.0,475,0.003,71424,8915,0.007757056504487991,150,21.27381949,-9.520830154418945,0.5993768437512702,0.06441026918008232,0.007596714068284557,0.7830399290292497,0.9989035087719298,0.22410187614419416,0.07332962068443488,0.07868906688658733,0.8862249861555848,0.8912032942037881
1488,,48.0,475,,71424,,,150,21.27381949,,,,,,,,,,,
1492,0.009999999776482582,48.0,476,0.003,71808,8963,0.004515810403972864,150,21.26559683,-9.198722839355469,,,,,,,,,,
1496,,48.0,476,,71808,,,150,21.26559683,,,,,,,,,,,
1500,0.009999999776482582,48.0,475,0.003,72192,9011,0.007510396186262369,151,21.28636498,-9.43865966796875,0.6019001835206117,0.08093654388257343,0.06909394334110797,0.806569415417826,0.9868421052631579,0.2506901040208436,0.1110989281158849,0.08402220351453009,0.8820784710489165,0.8698581288927143
1504,,48.0,475,,72192,,,151,21.28636498,,,,,,,,,,,
1508,0.009999999776482582,48.0,476,0.003,72576,9059,0.0034004258923232555,152,21.280799029999994,-8.92133903503418,,,,,,,,,,
1512,,48.0,476,,72576,,,152,21.280799029999994,,,,,,,,,,,
1516,0.009999999776482582,48.0,475,0.003,72960,9107,0.004607866518199444,153,21.295920759999998,-9.416418075561523,0.6376746449686367,0.10165153914758217,0.05740743029250437,0.772516387179763,0.9846491228070176,0.28748303549450155,0.11307069156507653,0.10116850429892901,0.8662312965601482,0.8662973474138325
1520,,48.0,475,,72960,,,153,21.295920759999998,,,,,,,,,,,
1524,0.009999999776482582,48.0,476,0.003,73344,9155,0.008325603790581226,154,21.32173081,-9.104363441467285,,,,,,,,,,
1528,,48.0,476,,73344,,,154,21.32173081,,,,,,,,,,,
1532,0.009999999776482582,48.0,475,0.003,73728,9203,0.00817389041185379,154,21.338916420000004,-9.441415786743164,0.6216772921374755,0.07831618859978856,0.04850367036806682,0.8166253460566258,0.9890350877192983,0.2685167790993643,0.04998169384131041,0.08186285166670562,0.8853288193735949,0.8771898298502655
1536,,48.0,475,,73728,,,155,21.338916420000004,,,,,,,,,,,
1540,0.009999999776482582,48.0,475,0.003,74112,9251,0.003589001251384616,156,21.334542939999995,-9.250161170959473,,,,,,,,,,
1544,,48.0,474,,74112,,,156,21.334542939999995,,,,,,,,,,,
1548,0.009999999776482582,48.0,474,0.003,74496,9299,0.022525018081068993,156,21.328822610000003,-9.425002098083496,0.6183002865015506,0.09352936440044969,0.03913002074377402,0.7749843515564852,0.9923245614035087,0.2626920578126287,0.13403588892188026,0.11702366604418357,0.8535557460409445,0.8676941579357172
1552,,48.0,474,,74496,,,157,21.328822610000003,,,,,,,,,,,
1556,0.009999999776482582,48.0,475,0.003,74880,9347,0.004305458161979914,157,21.30374684,-8.954970359802246,,,,,,,,,,
1560,,48.0,475,,74880,,,157,21.30374684,,,,,,,,,,,
1564,0.009999999776482582,48.0,474,0.003,75264,9395,0.010317249223589897,158,21.30807198,-9.325281143188477,0.582479704979981,0.06158238490270399,0.03857697426393938,0.7802520835539166,0.9934210526315789,0.2410141767754335,0.08525251540994211,0.08618719919552677,0.8693084617647997,0.9158872088262701
1568,,48.0,474,,75264,,,158,21.30807198,,,,,,,,,,,
1572,0.009999999776482582,48.0,475,0.003,75648,9443,0.008186286315321922,159,21.332916119999997,-9.341780662536621,,,,,,,,,,
1576,,48.0,475,,75648,,,159,21.332916119999997,,,,,,,,,,,
1580,0.009999999776482582,48.0,474,0.003,76032,9491,0.0078392643481493,160,21.321091980000002,-8.983376502990723,0.5726169797058939,0.049054941820810494,0.03798357034142275,0.8273288051345777,0.9945175438596491,0.22435577109588437,0.05398951847220269,0.07280803385791655,0.8731174150889425,0.9110372980901861
1584,,48.0,474,,76032,,,160,21.321091980000002,,,,,,,,,,,
1588,0.009999999776482582,48.0,475,0.003,76416,9539,0.004708484746515751,160,21.327469709999995,-9.548615455627441,,,,,,,,,,
1592,,48.0,475,,76416,,,160,21.327469709999995,,,,,,,,,,,
1596,0.009999999776482582,48.0,474,0.003,76800,9587,0.00953545980155468,161,21.31567257,-9.226905822753906,0.6131004579360612,0.06005412138979729,0.04251388137335975,0.8122079965672582,0.9912280701754387,0.23399840832015803,0.06454108068776168,0.07362270076508075,0.8815860223394675,0.8908401279688568
1600,,48.0,474,,76800,,,161,21.31567257,,,,,,,,,,,
1604,0.009999999776482582,48.0,475,0.003,77184,9635,0.0034357807599008083,162,21.33044678,-9.373245239257812,,,,,,,,,,
1608,,48.0,475,,77184,,,162,21.33044678,,,,,,,,,,,
1612,0.009999999776482582,48.0,475,0.003,77568,9683,0.004657657817006111,163,21.34435832,-9.561807632446289,,,,,,,,,,
1616,,48.0,475,,77568,,,163,21.34435832,,,,,,,,,,,
1620,0.009999999776482582,48.0,475,0.003,77952,9731,0.0054460447281599045,164,21.336872059999997,-9.132189750671387,0.586740140901668,0.060550620522697954,0.0,0.8236393518246817,1.0,0.23580702635082096,0.07099400578519315,0.07487569493935639,0.8751244530983524,0.8951993757019925
1624,,48.0,475,,77952,,,164,21.336872059999997,,,,,,,,,,,
1628,0.009999999776482582,48.0,475,0.003,78336,9779,0.006841475609689951,164,21.341808599999993,-8.785770416259766,,,,,,,,,,
1632,,48.0,475,,78336,,,164,21.341808599999993,,,,,,,,,,,
1636,0.009999999776482582,48.0,475,0.003,78720,9827,0.0028972760774195194,165,21.355830189999995,-9.36594295501709,0.6163557235226915,0.06370732367851482,0.03798357034142275,0.7994827862557967,0.9945175438596491,0.254351802411694,0.07856986925116184,0.08251044463413733,0.8793190253621869,0.8846606930563116
1640,,48.0,475,,78720,,,165,21.355830189999995,,,,,,,,,,,
1644,0.009999999776482582,48.0,475,0.003,79104,9875,0.004222440533339977,166,21.393233969999997,-8.990578651428223,,,,,,,,,,
1648,,48.0,475,,79104,,,166,21.393233969999997,,,,,,,,,,,
1652,0.009999999776482582,48.0,475,0.003,79488,9923,0.00543340016156435,167,21.424629449999998,-9.3100004196167,0.5938232518219763,0.07573688090500277,0.030386856273138196,0.7866028757380846,0.9956140350877193,0.24626272109375863,0.07607168695691142,0.08577572720305304,0.8850826789519416,0.8953040670030659
1656,,48.0,475,,79488,,,167,21.424629449999998,,,,,,,,,,,
1660,0.009999999776482582,48.0,476,0.003,79872,9971,0.007871143519878387,167,21.4416397,-9.757123947143555,,,,,,,,,,
1664,,48.0,476,,79872,,,167,21.4416397,,,,,,,,,,,
1668,0.009999999776482582,48.0,475,0.003,80256,10019,0.0038440609350800514,168,21.457654599999998,-9.172237396240234,0.5944258619772641,0.05873701052569122,0.0,0.80298479755493,1.0,0.21379945125525684,0.060451656918850405,0.07876595321131494,0.8908310688869485,0.8928020744562836
1672,,48.0,475,,80256,,,168,21.457654599999998,,,,,,,,,,,
1676,0.009999999776482582,48.0,476,0.003,80640,10067,0.006933811120688915,169,21.43154009,-9.091832160949707,,,,,,,,,,
1680,,48.0,476,,80640,,,169,21.43154009,,,,,,,,,,,
1684,0.009999999776482582,48.0,475,0.003,81024,10115,0.0057531786151230335,170,21.439690469999995,-9.516965866088867,0.5890810270930996,0.05747571518510097,0.0,0.8491345051252979,1.0,0.22773335452939103,0.044760935626100624,0.07570960443493299,0.8792813540102675,0.8846959266999017
1688,,48.0,475,,81024,,,170,21.439690469999995,,,,,,,,,,,
1692,0.009999999776482582,48.0,474,0.003,81408,10163,0.015058599412441254,171,21.43490908,-9.207402229309082,,,,,,,,,,
1696,,48.0,474,,81408,,,171,21.43490908,,,,,,,,,,,
1700,0.009999999776482582,48.0,474,0.003,81792,10211,0.005824046675115824,172,21.43964669,-9.016420364379883,0.6071174005096275,0.0574666530277515,0.0,0.826626656337017,1.0,0.23278472529852376,0.0678762621730817,0.07494369182698904,0.8741823153217636,0.8931219640698439
1704,,48.0,474,,81792,,,172,21.43964669,,,,,,,,,,,
1708,0.009999999776482582,48.0,474,0.003,82176,10259,0.005022614262998104,173,21.429993550000003,-9.677746772766113,,,,,,,,,,
1712,,48.0,474,,82176,,,173,21.429993550000003,,,,,,,,,,,
1716,0.009999999776482582,48.0,474,0.003,82560,10307,0.008838508278131485,173,21.411758130000006,-8.99914264678955,0.5749817524498018,0.054502608111783576,0.0,0.8434623689936999,1.0,0.21996553077546413,0.04599710867889408,0.07335579115458009,0.8949478278952393,0.8869519953480259
1720,,48.0,474,,82560,,,174,21.411758130000006,,,,,,,,,,,
1724,0.009999999776482582,48.0,474,0.003,82944,10355,0.007021802477538586,174,21.409146480000004,-8.674607276916504,,,,,,,,,,
1728,,48.0,474,,82944,,,174,21.409146480000004,,,,,,,,,,,
1732,0.009999999776482582,48.0,474,0.003,83328,10403,0.013901119120419025,175,21.385626560000002,-9.483726501464844,0.6012494255743802,0.055023630614847406,0.007596714068284557,0.8281987300593893,0.9989035087719298,0.21580959439254266,0.05407786028030879,0.07099831021270528,0.8777630643566452,0.8852546338787571
1736,,48.0,474,,83328,,,175,21.385626560000002,,,,,,,,,,,
1740,0.009999999776482582,48.0,474,0.003,83712,10451,0.004638309590518475,176,21.38566008,-9.671546936035156,,,,,,,,,,
1744,,48.0,474,,83712,,,176,21.38566008,,,,,,,,,,,
1748,0.009999999776482582,48.0,474,0.003,84096,10499,0.0056377737782895565,177,21.369083269999997,-8.96318244934082,0.6097457829247559,0.0831626071904029,0.0,0.8192399488072873,1.0,0.23951838302870437,0.0692941874580102,0.0879665714363861,0.8637912478363434,0.8849454305265102
1752,,48.0,474,,84096,,,177,21.369083269999997,,,,,,,,,,,
1756,0.009999999776482582,48.0,474,0.003,84480,10547,0.003819345962256193,177,21.334615330000002,-9.318536758422852,,,,,,,,,,
1760,,48.0,474,,84480,,,177,21.334615330000002,,,,,,,,,,,
1764,0.009999999776482582,48.0,474,0.003,84864,10595,0.004300125874578953,178,21.300750469999997,-8.856372833251953,0.5900903474439604,0.05378966394214392,0.0,0.8425527388605186,1.0,0.21871343874127425,0.054332835909840824,0.06975461649005757,0.8626693898915435,0.8945363579619374
1768,,48.0,474,,84864,,,178,21.300750469999997,,,,,,,,,,,
1772,0.009999999776482582,48.0,475,0.003,85248,10643,0.007226247806102037,179,21.31180746,-9.331448554992676,,,,,,,,,,
1776,,48.0,475,,85248,,,179,21.31180746,,,,,,,,,,,
1780,0.009999999776482582,48.0,474,0.003,85632,10691,0.007982134819030762,180,21.2789282,-9.256470680236816,0.6156427280828453,0.07110619802175891,0.015193428136569096,0.8091706253697328,0.9978070175438596,0.2580449513136037,0.0808665451701719,0.0816233716393297,0.8789710047891353,0.8828726558924408
1784,,48.0,474,,85632,,,180,21.2789282,,,,,,,,,,,
1788,0.009999999776482582,48.0,475,0.003,86016,10739,0.007637572940438986,181,21.298444550000003,-8.96519660949707,,,,,,,,,,
1792,,48.0,475,,86016,,,181,21.298444550000003,,,,,,,,,,,
1796,0.009999999776482582,48.0,474,0.003,86400,10787,0.011554406955838203,182,21.32315828,-9.469169616699219,0.6057918380619682,0.07254930302842075,0.038576974263939384,0.8071438898498565,0.9934210526315789,0.22027655626018094,0.10253965668835376,0.07542410680249885,0.8668798692970051,0.8793994397188407
1800,,48.0,474,,86400,,,182,21.32315828,,,,,,,,,,,
1804,0.009999999776482582,48.0,475,0.003,86784,10835,0.004879924934357405,182,21.316670589999998,-8.963325500488281,,,,,,,,,,
1808,,48.0,475,,86784,,,182,21.316670589999998,,,,,,,,,,,
1812,0.009999999776482582,48.0,475,0.003,87168,10883,0.0065735578536987305,183,21.299656790000004,-9.576998710632324,,,,,,,,,,
1816,,48.0,475,,87168,,,183,21.299656790000004,,,,,,,,,,,
1820,0.009999999776482582,48.0,475,0.003,87552,10931,0.004866618197411299,184,21.31577378,-9.749237060546875,0.5977854710659479,0.06935392759125705,0.007596714068284557,0.8011044534754647,0.9989035087719298,0.24565634200768438,0.09103101717189094,0.07695085221827125,0.8824176591867494,0.8800449653202861
1824,,48.0,474,,87552,,,184,21.31577378,,,,,,,,,,,
1828,0.009999999776482582,48.0,475,0.003,87936,10979,0.007069972809404135,184,21.32692473,-9.391984939575195,,,,,,,,,,
1832,,48.0,475,,87936,,,184,21.32692473,,,,,,,,,,,
1836,0.009999999776482582,48.0,474,0.003,88320,11027,0.003095791209489107,186,21.35622914,-9.403912544250488,0.5925470316321236,0.04949956286724599,0.022790142204853654,0.830009724742869,0.9967105263157894,0.22146482717277635,0.06149495391137621,0.06985480729078178,0.8718546967714824,0.8918799091013797
1840,,48.0,474,,88320,,,186,21.35622914,,,,,,,,,,,
1844,0.009999999776482582,48.0,474,0.003,88704,11075,0.006146724335849285,186,21.362575330000006,-8.895551681518555,,,,,,,,,,
1848,,48.0,474,,88704,,,186,21.362575330000006,,,,,,,,,,,
1852,0.009999999776482582,48.0,473,0.003,89088,11123,0.0050207083113491535,188,21.373085380000003,-9.579822540283203,0.6107114372153535,0.0842055308085867,0.007596714068284557,0.8128347132540129,0.9989035087719298,0.22759810105038153,0.07330020141148515,0.08518442839845121,0.8688493332682015,0.8719884244418344
1856,,48.0,473,,89088,,,188,21.373085380000003,,,,,,,,,,,
1860,0.009999999776482582,48.0,474,0.003,89472,11171,0.011658311821520329,188,21.370394089999994,-8.839820861816406,,,,,,,,,,
1864,,48.0,474,,89472,,,188,21.370394089999994,,,,,,,,,,,
1868,0.009999999776482582,48.0,473,0.003,89856,11219,0.0034830530639737844,189,21.403241369999996,-9.132558822631836,0.5791391940572058,0.05043154875418974,0.007596714068284557,0.8400560997839743,0.9989035087719298,0.1963568323830398,0.04789509946126773,0.06934386880277953,0.8881790636134799,0.8845507164045943
1872,,48.0,473,,89856,,,189,21.403241369999996,,,,,,,,,,,
1876,0.009999999776482582,48.0,474,0.003,90240,11267,0.00436039175838232,190,21.425182029999995,-8.960724830627441,,,,,,,,,,
1880,,48.0,474,,90240,,,190,21.425182029999995,,,,,,,,,,,
1884,0.009999999776482582,48.0,473,0.003,90624,11315,0.002518570516258478,191,21.420435480000002,-9.328795433044434,0.6085391878609152,0.057225461179000014,0.04387830883397786,0.8136593489883764,0.9912280701754387,0.22567066882207726,0.12851841190805216,0.07287222374148884,0.8687160876930168,0.8852232137160112
1888,,48.0,473,,90624,,,191,21.420435480000002,,,,,,,,,,,
1892,0.009999999776482582,48.0,473,0.003,91008,11363,0.005092451348900795,192,21.384046830000006,-9.170969009399414,,,,,,,,,,
1896,,48.0,473,,91008,,,192,21.384046830000006,,,,,,,,,,,
1900,0.009999999776482582,48.0,473,0.003,91392,11411,0.006051931530237198,193,21.391813980000002,-9.39527416229248,0.6321487626515917,0.08200381977593327,0.04387830883397786,0.8141345409367416,0.9912280701754387,0.26406110244722114,0.08371969338262539,0.08904680817272789,0.8543515033249144,0.8753231595628803
1904,,48.0,473,,91392,,,193,21.391813980000002,,,,,,,,,,,
1908,0.009999999776482582,48.0,473,0.003,91776,11459,0.002406475832685828,193,21.3943462,-9.20934009552002,,,,,,,,,,
1912,,48.0,473,,91776,,,193,21.3943462,,,,,,,,,,,
1916,0.009999999776482582,48.0,473,0.003,92160,11507,0.012094782665371895,194,21.39485816,-9.458706855773926,0.6064932087660729,0.07569648996684294,0.022790142204853654,0.8368234163297332,0.9967105263157894,0.24274243739674553,0.06435645465958478,0.083038586480699,0.8685459431934521,0.8736695588506685
1920,,48.0,473,,92160,,,194,21.39485816,,,,,,,,,,,
1924,0.009999999776482582,48.0,473,0.003,92544,11555,0.011080112308263779,195,21.36857635,-9.277612686157227,,,,,,,,,,
1928,,48.0,473,,92544,,,195,21.36857635,,,,,,,,,,,
1932,0.009999999776482582,48.0,473,0.003,92928,11603,0.004809803329408169,196,21.34164945,-9.533002853393555,0.5707145384126191,0.0502890905247946,0.007596714068284557,0.8588824494413834,0.9989035087719298,0.20624153071728948,0.0372922208309468,0.06985906591584434,0.8782453814929037,0.8901240304679974
1936,,48.0,473,,92928,,,196,21.34164945,,,,,,,,,,,
1940,0.009999999776482582,48.0,473,0.003,93312,11651,0.00752834090963006,197,21.324548299999996,-9.241211891174316,,,,,,,,,,
1944,,48.0,473,,93312,,,197,21.324548299999996,,,,,,,,,,,
1948,0.009999999776482582,48.0,472,0.003,93696,11699,0.003702528541907668,198,21.313248440000002,-9.413290023803711,0.605587109819239,0.057912825402357364,0.016841580338964206,0.846668834919189,0.9967105263157894,0.22778155845671985,0.06957757433530073,0.07629140610390679,0.850895081064085,0.8875496961287777
1952,,48.0,472,,93696,,,198,21.313248440000002,,,,,,,,,,,
1956,0.009999999776482582,48.0,473,0.003,94080,11747,0.006959684193134308,198,21.321165270000005,-9.079235076904297,,,,,,,,,,
1960,,48.0,473,,94080,,,198,21.321165270000005,,,,,,,,,,,
1964,0.009999999776482582,48.0,472,0.003,94464,11795,0.003909753169864416,199,21.33505009,-10.032285690307617,0.5779158853655403,0.05917257871332012,0.012874896178686373,0.8728851448169427,0.9967105263157894,0.24508368275682835,0.056962883301038734,0.07236898028821553,0.8807919035750184,0.8688919363844838
1968,,48.0,472,,94464,,,199,21.33505009,,,,,,,,,,,
1972,0.009999999776482582,48.0,473,0.003,94848,11843,0.006094592157751322,200,21.32503516,-9.049802780151367,,,,,,,,,,
1976,,48.0,472,,94848,,,200,21.32503516,,,,,,,,,,,
1980,0.009999999776482582,48.0,471,0.003,95232,11891,0.013468283228576183,202,21.30459346,-9.409452438354492,0.5694807410859403,0.06641658856654921,0.022790142204853654,0.812066133255218,0.9967105263157894,0.22326565594159373,0.05511418047777445,0.08054163739309501,0.8942084079483741,0.8878278478939393
1984,,48.0,471,,95232,,,202,21.30459346,,,,,,,,,,,
1988,0.009999999776482582,48.0,470,0.003,95616,11939,0.005412454716861248,203,21.327032359999997,-8.57393741607666,,,,,,,,,,
1992,,48.0,470,,95616,,,203,21.327032359999997,,,,,,,,,,,
1996,0.009999999776482582,48.0,470,0.003,96000,11987,0.01265120692551136,204,21.296545309999996,-9.13011360168457,0.6092657091645435,0.06933435853845597,0.022790142204853654,0.8058188056112202,0.9967105263157894,0.24098086456149612,0.06977670459349741,0.08290295869895199,0.880922095932685,0.8876650201686261
2000,,48.0,470,,96000,,,204,21.296545309999996,,,,,,,,,,,
2004,0.009999999776482582,48.0,470,0.003,96384,12035,0.005572621710598469,205,21.284591099999997,-8.975932121276855,,,,,,,,,,
2008,,48.0,470,,96384,,,205,21.284591099999997,,,,,,,,,,,
2012,0.009999999776482582,48.0,470,0.003,96768,12083,0.014696987345814705,205,21.246696329999995,-8.899225234985352,,,,,,,,,,
2016,,48.0,470,,96768,,,205,21.246696329999995,,,,,,,,,,,
2020,0.009999999776482582,48.0,470,0.003,97152,12131,0.006486709229648113,206,21.23992827,-8.973299980163574,0.6013330584240699,0.062169021756247424,0.02386908888204281,0.8223890629002893,0.9956140350877192,0.24508009545634024,0.09351429237205983,0.07653203754100257,0.8721000890940227,0.8882781889629078
2024,,48.0,470,,97152,,,206,21.23992827,,,,,,,,,,,
2028,0.009999999776482582,48.0,469,0.003,97536,12179,0.004128055181354284,207,21.229505769999996,-9.410195350646973,,,,,,,,,,
2032,,48.0,469,,97536,,,207,21.229505769999996,,,,,,,,,,,
2036,0.009999999776482582,48.0,469,0.003,97920,12227,0.006725462153553963,208,21.236753800000002,-8.98789119720459,0.6064436142022246,0.0590741087654998,0.030386856273138196,0.823278769876849,0.9956140350877193,0.22736196715900894,0.07791867464304542,0.07658202425977463,0.8738649047748575,0.8855764369230569
2040,,48.0,469,,97920,,,208,21.236753800000002,,,,,,,,,,,
2044,0.009999999776482582,48.0,469,0.003,98304,12275,0.006995154544711113,209,21.22609116,-9.402029037475586,,,,,,,,,,
2048,,48.0,469,,98304,,,209,21.22609116,,,,,,,,,,,
2052,0.009999999776482582,48.0,468,0.003,98688,12323,0.004493866581469774,210,21.211894249999997,-9.371306419372559,0.5971466275205366,0.06322681143623227,0.02386908888204281,0.825332781820238,0.9956140350877192,0.24734058021799113,0.08612139353538555,0.07870326110968012,0.8853278182588469,0.8792440321635914
2056,,48.0,468,,98688,,,210,21.211894249999997,,,,,,,,,,,
2060,0.009999999776482582,48.0,469,0.003,99072,12371,0.007165830582380295,211,21.19392612,-9.28406810760498,,,,,,,,,,
2064,,48.0,469,,99072,,,211,21.19392612,,,,,,,,,,,
2068,0.009999999776482582,48.0,468,0.003,99456,12419,0.003842950565740466,212,21.18311177,-8.897104263305664,0.6098795046550545,0.06913859085692334,0.02386908888204281,0.8365281555986784,0.9956140350877192,0.24110849731324724,0.05564035886678179,0.08114441509421914,0.8850184336598229,0.8775030887511999
2072,,48.0,468,,99456,,,212,21.18311177,,,,,,,,,,,
2076,0.009999999776482582,48.0,468,0.003,99840,12467,0.008780078962445259,212,21.207905399999994,-9.271382331848145,,,,,,,,,,
2080,,48.0,468,,99840,,,212,21.207905399999994,,,,,,,,,,,
