train/n_updates,train/ent_coef,train/actor_loss,time/episodes,rollout/ep_len_mean,time/total_timesteps,rollout/ep_rew_mean,train/critic_loss,time/fps,time/time_elapsed,train/learning_rate,eval/ep_b1_std,eval/ep_nodes_above_threshold,eval/ep_pressure_obj_mean,eval/ep_nodes_below_threshold,eval/ep_pressure_obj_std,eval/ep_b3_mean,eval/ep_pump_price_obj_mean,eval/ep_b3_std,eval/ep_b2_std,eval/ep_b1_mean,eval/ep_timesteps_below_zero,eval/ep_pump_price_obj_std,eval/ep_b2_mean,eval/ep_nodes_below_zero
35,0.009999999776482582,-0.4231039583683014,4,48.0,384,13.3441495,0.03620867803692818,679,0,0.003,,,,,,,,,,,,,,
,,,8,48.0,384,13.3441495,,670,0,,,,,,,,,,,,,,,
83,0.009999999776482582,-0.6144363880157471,12,48.0,768,17.084151499999997,0.017788758501410484,647,1,0.003,,,,,,,,,,,,,,
,,,16,48.0,768,17.084151499999997,,644,1,,,,,,,,,,,,,,,
131,0.009999999776482582,-0.6727198362350464,20,48.0,1152,18.10419975,0.016923636198043823,554,2,0.003,0.21781135736285728,0.0,0.9638157894736842,0.03544575725026853,0.1123883308570369,0.5227777997711134,0.562886435317072,0.1173449791937669,0.07284117170473593,0.3497941441337144,0,0.06966232532177978,0.9703162407986162,0.0
,,,24,48.0,1152,18.10419975,,548,2,,,,,,,,,,,,,,,
179,0.009999999776482582,-0.7358809113502502,28,48.0,1536,18.790101656250002,0.025568023324012756,569,2,0.003,,,,,,,,,,,,,,
,,,32,48.0,1536,18.790101656250002,,568,2,,,,,,,,,,,,,,,
227,0.009999999776482582,-0.8849915862083435,36,48.0,1920,19.28486295,0.01384242344647646,404,4,0.003,0.17029473476500676,0.0,0.9824561403508771,0.017185821697099892,0.06453640556666265,0.6272650449512823,0.5494936232770958,0.18126570757484167,0.0740396673130933,0.5957042424917908,0,0.10330681189660762,0.9716587381084762,0.0
,,,40,48.0,1920,19.28486295,,403,4,,,,,,,,,,,,,,,
275,0.009999999776482582,-0.9606092572212219,44,48.0,2304,19.498812333333333,0.019307713955640793,430,5,0.003,,,,,,,,,,,,,,
,,,48,48.0,2304,19.498812333333333,,430,5,,,,,,,,,,,,,,,
323,0.009999999776482582,-1.0149333477020264,52,48.0,2688,19.731710285714286,0.023982569575309753,430,6,0.003,0.09413290531241383,0.0,1.0,0.0,0.0,0.7483323900936468,0.5864108917296159,0.16239666512367698,0.06979237834172713,0.6351562971626696,0,0.10384986955011577,0.9451234095548288,0.0
,,,56,48.0,2688,19.731710285714286,,429,6,,,,,,,,,,,,,,,
371,0.009999999776482582,-1.1200400590896606,60,48.0,3072,19.917148484375,0.016708560287952423,448,6,0.003,,,,,,,,,,,,,,
,,,64,48.0,3072,19.917148484375,,447,6,,,,,,,,,,,,,,,
419,0.009999999776482582,-1.1346282958984375,68,48.0,3456,20.080578194444442,0.021935541182756424,444,7,0.003,0.14433219769040784,0.0,1.0,0.0,0.0,0.7798325325414492,0.5686403216647717,0.06327314323688359,0.07411876400581001,0.7479587035174959,0,0.1473140324657008,0.953091645543835,0.0
,,,72,48.0,3456,20.080578194444442,,443,7,,,,,,,,,,,,,,,
467,0.009999999776482582,-1.376480221748352,76,48.0,3840,20.1836602125,0.02024306356906891,457,8,0.003,,,,,,,,,,,,,,
,,,80,48.0,3840,20.1836602125,,456,8,,,,,,,,,,,,,,,
515,0.009999999776482582,-1.341086506843567,84,48.0,4224,20.31637844318182,0.03242345154285431,453,9,0.003,0.03197488161040503,0.0,1.0,0.0,0.0,0.542205280517402,0.5801642646156432,0.08269790580636913,0.07632064822138822,0.8926092120721103,0,0.15454112606196316,0.905934075736432,0.0
,,,88,48.0,4224,20.31637844318182,,452,9,,,,,,,,,,,,,,,
563,0.009999999776482582,-1.4829411506652832,92,48.0,4608,20.419795958333335,0.03477410227060318,463,9,0.003,,,,,,,,,,,,,,
,,,96,48.0,4608,20.419795958333335,,463,9,,,,,,,,,,,,,,,
611,0.009999999776482582,-1.5681935548782349,100,48.0,4992,20.805618119999995,0.016041407361626625,460,10,0.003,0.016142578175473488,0.0,1.0,0.0,0.0,0.6290915027826066,0.6172076636061179,0.0849232312097292,0.10719415618677373,0.9256633850648166,0,0.1390314256898758,0.8286254148691692,0.0
,,,104,48.0,4992,20.805618119999995,,459,10,,,,,,,,,,,,,,,
659,0.009999999776482582,-1.5498967170715332,108,48.0,5376,21.168337009999995,0.04847940057516098,468,11,0.003,,,,,,,,,,,,,,
,,,112,48.0,5376,21.168337009999995,,468,11,,,,,,,,,,,,,,,
707,0.009999999776482582,-1.7716648578643799,116,48.0,5760,21.23367021,0.040575481951236725,464,12,0.003,0.022400969024605255,0.0,1.0,0.0,0.0,0.6718682783859984,0.6152147800377913,0.07840364157370266,0.07422696820989642,0.9046584077899024,0,0.13418125029339673,0.8729281800731512,0.0
,,,120,48.0,5760,21.23367021,,463,12,,,,,,,,,,,,,,,
755,0.009999999776482582,-1.8278279304504395,124,48.0,6144,21.316497299999995,0.027712181210517883,471,13,0.003,,,,,,,,,,,,,,
,,,128,48.0,6144,21.316497299999995,,470,13,,,,,,,,,,,,,,,
803,0.009999999776482582,-1.9189845323562622,132,48.0,6528,21.31680068,0.021373799070715904,467,13,0.003,0.017676543332484473,0.0021482277121374865,0.9978070175438596,0.0,0.010628470343339951,0.7225077058240725,0.6124699764912128,0.12137076305837985,0.09834274413302664,0.9243217562797805,0,0.17264976126959108,0.8207431506735129,0.0
,,,136,48.0,6528,21.31680068,,466,13,,,,,,,,,,,,,,,
851,0.009999999776482582,-1.9031686782836914,140,48.0,6912,21.37950132,0.0527283251285553,472,14,0.003,,,,,,,,,,,,,,
,,,144,48.0,6912,21.37950132,,472,14,,,,,,,,,,,,,,,
899,0.009999999776482582,-2.0560150146484375,148,48.0,7296,21.43562169,0.07452607154846191,469,15,0.003,0.0229349407006027,0.0,1.0,0.0,0.0,0.5936542789199781,0.5951820275190745,0.07325892217853903,0.07603955859312075,0.8849402619523132,0,0.12047630212285862,0.9008335092227477,0.0
,,,152,48.0,7296,21.43562169,,469,15,,,,,,,,,,,,,,,
947,0.009999999776482582,-2.101247549057007,156,48.0,7680,21.475831,0.05322232097387314,475,16,0.003,,,,,,,,,,,,,,
,,,160,48.0,7680,21.475831,,475,16,,,,,,,,,,,,,,,
995,0.009999999776482582,-2.1928229331970215,164,48.0,8064,21.47747083,0.02339579164981842,470,17,0.003,0.04702722104168605,0.0,1.0,0.0,0.0,0.6529746612376963,0.5782796838876981,0.12125308159586631,0.1202498484934525,0.8938269532111913,0,0.19113817363847513,0.881993207212776,0.0
,,,168,48.0,8064,21.47747083,,470,17,,,,,,,,,,,,,,,
1043,0.009999999776482582,-2.272514581680298,172,48.0,8448,21.50011199,0.14199504256248474,475,17,0.003,,,,,,,,,,,,,,
,,,176,48.0,8448,21.50011199,,475,17,,,,,,,,,,,,,,,
1091,0.009999999776482582,-2.406522750854492,180,48.0,8832,21.52923746,0.06606142222881317,471,18,0.003,0.028549719042653583,0.0,1.0,0.0,0.0,0.5624157382170415,0.5752910060188822,0.10658486529793275,0.07182066275669267,0.8909056298242011,0,0.1235109048980435,0.9115074445387946,0.0
,,,184,48.0,8832,21.52923746,,470,18,,,,,,,,,,,,,,,
1139,0.009999999776482582,-2.456470251083374,188,48.0,9216,21.54087222,0.04650226980447769,466,19,0.003,,,,,,,,,,,,,,
,,,192,48.0,9216,21.54087222,,466,19,,,,,,,,,,,,,,,
1187,0.009999999776482582,-2.5497000217437744,196,48.0,9600,21.538851079999993,0.11708234250545502,464,20,0.003,0.009382577559360223,0.0,1.0,0.0,0.0,0.3554321786231791,0.5335859334392407,0.11812555620778996,0.0698109822429964,0.9301140578080884,0,0.10979420450480813,0.8837873860879011,0.0
,,,200,48.0,9600,21.538851079999993,,463,20,,,,,,,,,,,,,,,
1235,0.009999999776482582,-2.6048049926757812,204,48.0,9984,21.49906042,0.09636248648166656,468,21,0.003,,,,,,,,,,,,,,
,,,208,48.0,9984,21.49906042,,468,21,,,,,,,,,,,,,,,
1283,0.009999999776482582,-2.6020965576171875,212,48.0,10368,21.489361159999998,0.18090933561325073,472,21,0.003,,,,,,,,,,,,,,
,,,216,48.0,10368,21.489361159999998,,472,21,,,,,,,,,,,,,,,
1331,0.009999999776482582,-2.8144845962524414,220,48.0,10752,21.474552029999998,0.11631432175636292,471,22,0.003,0.013213617704274809,0.0,1.0,0.0,0.0,0.14883567456258956,0.4325627653862993,0.16607008063039194,0.08940194102871672,0.9652821873787185,0,0.1876241794163344,0.8590254270898243,0.0
,,,224,48.0,10752,21.474552029999998,,470,22,,,,,,,,,,,,,,,
1379,0.009999999776482582,-2.8723769187927246,228,48.0,11136,21.463440849999998,0.16374622285366058,474,23,0.003,,,,,,,,,,,,,,
,,,232,48.0,11136,21.463440849999998,,473,23,,,,,,,,,,,,,,,
1427,0.009999999776482582,-2.9300503730773926,236,48.0,11520,21.47029939,0.11057545989751816,472,24,0.003,0.01748525554049121,0.0,1.0,0.0,0.0,0.06877300541190622,0.5401673387920111,0.1923550163928539,0.06376857395697925,0.9310826150393686,0,0.06507124896408228,0.9134878611675737,0.0
,,,240,48.0,11520,21.47029939,,471,24,,,,,,,,,,,,,,,
1475,0.009999999776482582,-3.0405514240264893,244,48.0,11904,21.44749331,0.06423017382621765,475,25,0.003,,,,,,,,,,,,,,
,,,248,48.0,11904,21.44749331,,475,25,,,,,,,,,,,,,,,
1523,0.009999999776482582,-3.0880789756774902,252,48.0,12288,21.43740515,0.13929477334022522,474,25,0.003,0.019929044968809467,0.0,1.0,0.0,0.0,0.39495301948697137,0.5609399453320932,0.19282627019549253,0.06605139892171824,0.9204114993879461,0,0.05644254337657061,0.8962487479243151,0.0
,,,256,48.0,12288,21.43740515,,473,25,,,,,,,,,,,,,,,
1571,0.009999999776482582,-3.178972005844116,260,48.0,12672,21.420822170000005,0.07580353319644928,477,26,0.003,,,,,,,,,,,,,,
,,,264,48.0,12672,21.420822170000005,,477,26,,,,,,,,,,,,,,,
1619,0.009999999776482582,-3.2028045654296875,268,48.0,13056,21.413020900000003,0.2756379246711731,476,27,0.003,0.017404028685826585,0.00322234156820623,0.9967105263157894,0.0,0.012874896178686372,0.09506346227133915,0.4983977931173229,0.20378911210794035,0.059617730388973854,0.9712597742027853,0,0.06243941432156131,0.8945838077325401,0.0
,,,272,48.0,13056,21.413020900000003,,476,27,,,,,,,,,,,,,,,
1667,0.009999999776482582,-3.251443862915039,276,48.0,13440,21.34800487,0.17197567224502563,480,27,0.003,,,,,,,,,,,,,,
,,,280,48.0,13440,21.34800487,,480,27,,,,,,,,,,,,,,,
1715,0.009999999776482582,-3.506586790084839,284,48.0,13824,21.295430160000002,0.1119336485862732,477,28,0.003,0.028228934635186068,0.007518796992481203,0.9912280701754383,0.0,0.019822199398808166,0.13409237444579755,0.5273877394826345,0.21048474457979977,0.06136175910420208,0.9436151898292333,0,0.05377626355778032,0.9142203219680561,0.0
,,,288,48.0,13824,21.295430160000002,,477,28,,,,,,,,,,,,,,,
1763,0.009999999776482582,-3.4912657737731934,292,48.0,14208,21.246887799999996,0.18727023899555206,480,29,0.003,,,,,,,,,,,,,,
,,,296,48.0,14208,21.246887799999996,,480,29,,,,,,,,,,,,,,,
1811,0.009999999776482582,-3.5691182613372803,300,48.0,14592,21.246818870000002,0.15429812669754028,479,30,0.003,0.02008966039248368,0.0,1.0,0.0,0.0,0.44403631136304417,0.5868848737724924,0.12686555050644327,0.06204827477661956,0.9048631789388176,0,0.07286036856291422,0.894730784271607,0.0
,,,304,48.0,14592,21.246818870000002,,479,30,,,,,,,,,,,,,,,
1859,0.009999999776482582,-3.657877206802368,308,48.0,14976,21.187994319999998,0.0901106670498848,482,31,0.003,,,,,,,,,,,,,,
,,,312,48.0,14976,21.187994319999998,,482,31,,,,,,,,,,,,,,,
1907,0.009999999776482582,-3.688274383544922,316,48.0,15360,21.184298500000004,0.11237496882677078,481,31,0.003,0.014464242379268343,0.0,1.0,0.0,0.0,0.13182619064617068,0.5165959743581725,0.193476142156549,0.05831431054246687,0.9570241925322966,0,0.0398207078154021,0.886198716320716,0.0
,,,320,48.0,15360,21.184298500000004,,480,31,,,,,,,,,,,,,,,
1955,0.009999999776482582,-3.6167805194854736,324,48.0,15744,21.20415592,0.2367720752954483,484,32,0.003,,,,,,,,,,,,,,
,,,328,48.0,15744,21.20415592,,484,32,,,,,,,,,,,,,,,
2003,0.009999999776482582,-3.9222888946533203,332,48.0,16128,21.22260725,0.18893225491046906,482,33,0.003,0.012600780902101172,0.0,1.0,0.0,0.0,0.30766961802204196,0.5421423095289808,0.19056723448879181,0.06228638661361757,0.9383024028024582,0,0.055101984463601886,0.8997850610883059,0.0
,,,336,48.0,16128,21.22260725,,482,33,,,,,,,,,,,,,,,
2051,0.009999999776482582,-3.9883503913879395,340,48.0,16512,21.18584141,0.024116285145282745,482,34,0.003,,,,,,,,,,,,,,
,,,344,48.0,16512,21.18584141,,482,34,,,,,,,,,,,,,,,
2099,0.009999999776482582,-3.9584121704101562,348,48.0,16896,21.202323879999998,0.36352822184562683,480,35,0.003,0.009824542845285736,0.0,1.0,0.0,0.0,0.30606138313482156,0.526845289021905,0.1770989095793774,0.0726221827692774,0.9356991139865122,0,0.10658618151823793,0.8792691679014643,0.0
,,,352,48.0,16896,21.202323879999998,,480,35,,,,,,,,,,,,,,,
2147,0.009999999776482582,-4.087961196899414,356,48.0,17280,21.204596680000005,0.2663656771183014,483,35,0.003,,,,,,,,,,,,,,
,,,360,48.0,17280,21.204596680000005,,483,35,,,,,,,,,,,,,,,
2195,0.009999999776482582,-4.010541915893555,364,48.0,17664,21.17238793,0.3197893798351288,468,37,0.003,0.019277663343711424,0.0,1.0,0.0,0.0,0.439938852703658,0.5717404664052127,0.1588753543650085,0.06836188101146082,0.8861326261097758,0,0.08033336753210762,0.9186715007425978,0.0
,,,368,48.0,17664,21.17238793,,467,37,,,,,,,,,,,,,,,
2243,0.009999999776482582,-4.393946647644043,372,48.0,18048,21.175164100000003,0.18550202250480652,470,38,0.003,,,,,,,,,,,,,,
,,,376,48.0,18048,21.175164100000003,,470,38,,,,,,,,,,,,,,,
2291,0.009999999776482582,-4.3052978515625,380,48.0,18432,21.19915890999999,0.38945645093917847,468,39,0.003,0.00680736067393071,0.0,1.0,0.0,0.0,0.28658207493347937,0.5715118480579386,0.16126266107609985,0.06274178607118283,0.8907910088758767,0,0.03800112542814788,0.919220054452679,0.0
,,,384,48.0,18432,21.19915890999999,,468,39,,,,,,,,,,,,,,,
2339,0.009999999776482582,-4.324673175811768,388,48.0,18816,21.19007112,0.0733647271990776,470,39,0.003,,,,,,,,,,,,,,
,,,392,48.0,18816,21.19007112,,470,40,,,,,,,,,,,,,,,
2387,0.009999999776482582,-4.50809383392334,396,48.0,19200,21.19136799,0.45521578192710876,468,40,0.003,0.012414643447408284,0.03007518796992481,0.9682017543859643,0.0,0.026010736577803728,0.12161673972980254,0.5006980760087932,0.21005609428924868,0.0671754632314633,0.9574488598128441,0,0.0699302296650904,0.9422830961786162,0.0
,,,400,48.0,19200,21.19136799,,468,40,,,,,,,,,,,,,,,
2435,0.009999999776482582,-4.454833030700684,404,48.0,19584,21.237743909999995,0.3513139486312866,470,41,0.003,,,,,,,,,,,,,,
,,,408,48.0,19584,21.237743909999995,,470,41,,,,,,,,,,,,,,,
2483,0.009999999776482582,-4.462532043457031,412,48.0,19968,21.232368929999996,0.32263725996017456,473,42,0.003,,,,,,,,,,,,,,
,,,416,48.0,19968,21.232368929999996,,473,42,,,,,,,,,,,,,,,
2531,0.009999999776482582,-4.513646602630615,420,48.0,20352,21.22764278,0.35838860273361206,471,43,0.003,0.018743851152513327,0.0,1.0,0.0,0.0,0.26701022930470203,0.5311154070794223,0.19867173999470833,0.06872157584647749,0.8926077280380975,0,0.05883872322925543,0.9444388003363092,0.0
,,,424,48.0,20352,21.22764278,,471,43,,,,,,,,,,,,,,,
2579,0.009999999776482582,-4.670112133026123,428,48.0,20736,21.12929409,0.41988176107406616,473,43,0.003,,,,,,,,,,,,,,
,,,432,48.0,20736,21.12929409,,473,43,,,,,,,,,,,,,,,
2627,0.009999999776482582,-4.878429412841797,436,48.0,21120,21.12463927,0.22696849703788757,471,44,0.003,0.02532994016314866,0.0,1.0,0.0,0.0,0.6062116091001657,0.5870993403508415,0.06864248367804966,0.06346204286231912,0.8967071274977029,0,0.09056058425640567,0.9010017548886288,0.0
,,,440,48.0,21120,21.12463927,,471,44,,,,,,,,,,,,,,,
2675,0.009999999776482582,-4.6693339347839355,444,48.0,21504,21.11852183,0.4976065158843994,472,45,0.003,,,,,,,,,,,,,,
,,,448,48.0,21504,21.11852183,,472,45,,,,,,,,,,,,,,,
2723,0.009999999776482582,-4.917186737060547,452,48.0,21888,21.065338650000005,0.23924726247787476,471,46,0.003,0.029889330480944803,0.0,0.9945175438596491,0.0053705692803437165,0.03798357034142275,0.3899425320132305,0.5779666310930732,0.1468887010408751,0.06397604332764745,0.8882528022499188,0,0.09850027443767448,0.9061835746973552,0.0
,,,456,48.0,21888,21.065338650000005,,471,46,,,,,,,,,,,,,,,
2771,0.009999999776482582,-4.949984550476074,460,48.0,22272,20.95152322,0.33173668384552,473,47,0.003,,,,,,,,,,,,,,
,,,464,48.0,22272,20.95152322,,473,47,,,,,,,,,,,,,,,
2819,0.009999999776482582,-5.069063663482666,468,48.0,22656,20.95888956,0.365856409072876,471,48,0.003,0.029676452541811605,0.0,0.9835526315789473,0.01611170784103115,0.07765364007905969,0.5390387156441154,0.5927863687637723,0.08068375698903134,0.06652923445112492,0.8619961120299617,0,0.12735093819725968,0.9272476943769424,0.0
,,,472,48.0,22656,20.95888956,,471,48,,,,,,,,,,,,,,,
2867,0.009999999776482582,-4.967207908630371,476,48.0,23040,20.94700824,0.41206300258636475,472,48,0.003,,,,,,,,,,,,,,
,,,480,48.0,23040,20.94700824,,472,48,,,,,,,,,,,,,,,
2915,0.009999999776482582,-5.004359245300293,484,48.0,23424,20.91840856,0.49957555532455444,471,49,0.003,0.11806826251059013,0.0010741138560687433,0.962719298245614,0.03544575725026853,0.14884808808003555,0.49759807425064856,0.6235718817747048,0.17295892756702358,0.06612230246738754,0.7710986857166783,1,0.17071404140457078,0.9185096498036062,0.0053705692803437165
,,,488,48.0,23424,20.91840856,,471,49,,,,,,,,,,,,,,,
2963,0.009999999776482582,-5.193780422210693,492,48.0,23808,20.932136400000005,0.5478543043136597,472,50,0.003,,,,,,,,,,,,,,
,,,496,48.0,23808,20.932136400000005,,472,50,,,,,,,,,,,,,,,
3011,0.009999999776482582,-5.144576072692871,500,48.0,24192,20.90585405,0.5776238441467285,470,51,0.003,0.028441464400637436,0.0,0.9978070175438596,0.0021482277121374865,0.015193428136569096,0.3219983720918958,0.5988952645952396,0.1351831519372789,0.06362153411855694,0.899052477821594,0,0.10840558426045165,0.8876331239928196,0.0
,,,504,48.0,24192,20.90585405,,470,51,,,,,,,,,,,,,,,
3059,0.009999999776482582,-5.185694217681885,508,48.0,24576,20.878913990000004,0.32010138034820557,471,52,0.003,,,,,,,,,,,,,,
,,,512,48.0,24576,20.878913990000004,,471,52,,,,,,,,,,,,,,,
3107,0.009999999776482582,-5.265323162078857,516,48.0,24960,20.774415180000002,0.6537104845046997,466,53,0.003,0.030106471820398762,0.0,0.962719298245614,0.036519871106337275,0.10354609256270476,0.7656913208371173,0.5926881777279459,0.09210214865933057,0.10169161960788543,0.951640812926945,0,0.17222711087686102,0.6566442760267227,0.0
,,,520,48.0,24960,20.774415180000002,,466,53,,,,,,,,,,,,,,,
3155,0.009999999776482582,-5.4462127685546875,524,48.0,25344,20.78983697,0.7443453073501587,467,54,0.003,,,,,,,,,,,,,,
,,,528,48.0,25344,20.78983697,,467,54,,,,,,,,,,,,,,,
3203,0.009999999776482582,-5.481751441955566,532,48.0,25728,20.81060939,0.5280787348747253,466,55,0.003,0.048827067575697214,0.0,0.9901315789473685,0.00966702470461869,0.04813520230995612,0.7038087981957213,0.5924795061076534,0.11511270812747128,0.07490708634828241,0.9009044780678366,0,0.19681792311481933,0.8871519807031367,0.0
,,,536,48.0,25728,20.81060939,,466,55,,,,,,,,,,,,,,,
3251,0.009999999776482582,-5.579065322875977,540,48.0,26112,20.780707590000002,0.3740507960319519,467,55,0.003,,,,,,,,,,,,,,
,,,544,48.0,26112,20.780707590000002,,467,55,,,,,,,,,,,,,,,
3299,0.009999999776482582,-5.5794453620910645,548,48.0,26496,20.76555558,0.2491399347782135,466,56,0.003,0.04242074658666815,0.0,0.9978070175438596,0.0021482277121374865,0.015193428136569096,0.6254757719033486,0.5898027948333041,0.173905318917318,0.13236750649800297,0.9185758441950065,0,0.20542603434628487,0.8571467409926209,0.0
,,,552,48.0,26496,20.76555558,,465,56,,,,,,,,,,,,,,,
3347,0.009999999776482582,-5.677774429321289,556,48.0,26880,20.738465519999995,0.40147948265075684,467,57,0.003,,,,,,,,,,,,,,
,,,560,48.0,26880,20.738465519999995,,467,57,,,,,,,,,,,,,,,
3395,0.009999999776482582,-5.7312397956848145,564,48.0,27264,20.78433552,0.6363621354103088,466,58,0.003,0.1411210246530878,0.0,0.9835526315789473,0.01611170784103115,0.07765364007905969,0.8100775994469576,0.6054710054981006,0.10517925842993098,0.07121766105177309,0.5146783963413342,0,0.15979405714614084,0.9286314441830935,0.0
,,,568,48.0,27264,20.78433552,,466,58,,,,,,,,,,,,,,,
3443,0.009999999776482582,-5.857921600341797,572,48.0,27648,20.783389409999998,0.43551063537597656,468,59,0.003,,,,,,,,,,,,,,
,,,576,48.0,27648,20.783389409999998,,467,59,,,,,,,,,,,,,,,
3491,0.009999999776482582,-5.9628987312316895,580,48.0,28032,20.78757717,0.7104027271270752,466,60,0.003,0.0402438309542041,0.0,0.9989035087719298,0.0010741138560687433,0.007596714068284557,0.5867820586129977,0.5093567895308996,0.1271070267872559,0.0871707638474637,0.9050472040220869,0,0.178468295841217,0.8933932767220096,0.0
,,,584,48.0,28032,20.78757717,,466,60,,,,,,,,,,,,,,,
3539,0.009999999776482582,-6.025243759155273,588,48.0,28416,20.766723519999996,0.3827522397041321,468,60,0.003,,,,,,,,,,,,,,
,,,592,48.0,28416,20.766723519999996,,468,60,,,,,,,,,,,,,,,
3587,0.009999999776482582,-5.879281997680664,596,48.0,28800,20.74731951,0.7545450925827026,466,61,0.003,0.036271947446235894,0.0,0.9989035087719298,0.0010741138560687433,0.007596714068284557,0.2780668641492679,0.54507757257386,0.1521894325450766,0.08253587625132563,0.9242163071482237,0,0.16948217159877213,0.8839759569376506,0.0
,,,600,48.0,28800,20.74731951,,466,61,,,,,,,,,,,,,,,
3635,0.009999999776482582,-6.091376781463623,604,48.0,29184,20.68714154,0.25872111320495605,467,62,0.003,,,,,,,,,,,,,,
,,,608,48.0,29184,20.68714154,,467,62,,,,,,,,,,,,,,,
3683,0.009999999776482582,-6.156105995178223,612,48.0,29568,20.70154316,0.20609307289123535,468,63,0.003,,,,,,,,,,,,,,
,,,616,48.0,29568,20.70154316,,468,63,,,,,,,,,,,,,,,
3731,0.009999999776482582,-6.418952465057373,620,48.0,29952,20.62565168,0.3121139407157898,467,64,0.003,0.04770083898271117,0.0,0.9835526315789473,0.01611170784103115,0.06437448089343181,0.7013806716172929,0.5899089926764565,0.10601224969988733,0.07958366920025435,0.8677923243528197,0,0.19635121126537394,0.9155818234282288,0.0
,,,624,48.0,29952,20.62565168,,467,64,,,,,,,,,,,,,,,
3779,0.009999999776482582,-6.344046592712402,628,48.0,30336,20.55048212,1.1050851345062256,467,64,0.003,,,,,,,,,,,,,,
,,,632,48.0,30336,20.55048212,,467,64,,,,,,,,,,,,,,,
3827,0.009999999776482582,-6.450139999389648,636,48.0,30720,20.525480480000002,0.4145858585834503,466,65,0.003,0.053439442918696935,0.007518796992481203,0.9868421052631576,0.0053705692803437165,0.04134247467407556,0.7676329293682518,0.592233884271509,0.15037919533016836,0.09897635164051602,0.8732517765148032,0,0.30576656911329675,0.8879020285230917,0.0
,,,640,48.0,30720,20.525480480000002,,466,65,,,,,,,,,,,,,,,
3875,0.009999999776482582,-6.511669158935547,644,48.0,31104,20.50949679,0.7837460041046143,467,66,0.003,,,,,,,,,,,,,,
,,,648,48.0,31104,20.50949679,,467,66,,,,,,,,,,,,,,,
3923,0.009999999776482582,-6.518966197967529,652,48.0,31488,20.52943536,0.7572171092033386,465,67,0.003,0.07378489042832881,0.0,0.9725877192982456,0.02685284640171858,0.09211859339360504,0.5627070127354243,0.4884550178257074,0.1481583800087788,0.1017263771375875,0.8892464883128678,0,0.21388621943251054,0.8918759504740743,0.0
,,,656,48.0,31488,20.52943536,,465,67,,,,,,,,,,,,,,,
3971,0.009999999776482582,-6.50051736831665,660,48.0,31872,20.528117979999998,0.895282506942749,465,68,0.003,,,,,,,,,,,,,,
,,,664,48.0,31872,20.528117979999998,,465,68,,,,,,,,,,,,,,,
4019,0.009999999776482582,-6.606252193450928,668,48.0,32256,20.48710865,1.0819034576416016,464,69,0.003,0.06019324951122969,0.0010741138560687433,0.9835526315789473,0.015037593984962405,0.07765364007905967,0.7223029869812743,0.5923301219831708,0.09491839526451197,0.07947465463326339,0.856624883257195,0,0.20535735394257612,0.9238341765125595,0.0
,,,672,48.0,32256,20.48710865,,464,69,,,,,,,,,,,,,,,
4067,0.009999999776482582,-6.774264812469482,676,48.0,32640,20.51401441,0.8379242420196533,460,70,0.003,,,,,,,,,,,,,,
,,,680,48.0,32640,20.51401441,,459,70,,,,,,,,,,,,,,,
4115,0.009999999776482582,-6.505674362182617,684,48.0,33024,20.464250509999996,1.3319714069366455,458,71,0.003,0.05357477155469335,0.0,0.9769736842105264,0.022556390977443608,0.0711168885338639,0.6247373615861805,0.6370401004747389,0.07697176607415712,0.07583830245846308,0.8738445142965615,0,0.19240293722761187,0.8897330588821654,0.0
,,,688,48.0,33024,20.464250509999996,,458,72,,,,,,,,,,,,,,,
4163,0.009999999776482582,-6.71063756942749,692,48.0,33408,20.41851883,1.130312204360962,459,72,0.003,,,,,,,,,,,,,,
,,,696,48.0,33408,20.41851883,,458,72,,,,,,,,,,,,,,,
4211,0.009999999776482582,-6.728182792663574,700,48.0,33792,20.40627628,1.3570562601089478,458,73,0.003,0.0239229914842963,0.14822771213748656,0.8377192982456134,0.0,0.21353762737316123,0.068650495971309,0.4482740423307725,0.2033415379205563,0.07797660240144454,0.9849375804731512,0,0.10614469819941771,0.9619481950987766,0.0
,,,704,48.0,33792,20.40627628,,458,73,,,,,,,,,,,,,,,
4259,0.009999999776482582,-6.926419258117676,708,48.0,34176,20.38239471,0.744949460029602,459,74,0.003,,,,,,,,,,,,,,
,,,712,48.0,34176,20.38239471,,459,74,,,,,,,,,,,,,,,
4307,0.009999999776482582,-6.646629333496094,716,48.0,34560,20.43834583,0.6618531942367554,458,75,0.003,0.11309091808894942,0.0,0.9594298245614036,0.0397422126745435,0.15092476701626403,0.6311459575033568,0.5973641773830201,0.07375238835133138,0.07340892945403395,0.8052650971943706,1,0.18907430878547457,0.9268499148732953,0.0053705692803437165
,,,720,48.0,34560,20.43834583,,458,75,,,,,,,,,,,,,,,
4355,0.009999999776482582,-7.078838348388672,724,48.0,34944,20.436580059999997,0.6952455639839172,459,76,0.003,,,,,,,,,,,,,,
,,,728,48.0,34944,20.436580059999997,,459,76,,,,,,,,,,,,,,,
4403,0.009999999776482582,-7.0258026123046875,732,48.0,35328,20.50100275,1.8899264335632324,458,77,0.003,0.08935234404997629,0.0,0.9890350877192983,0.010741138560687433,0.0531423517166997,0.6644437681308465,0.5957656296687924,0.1023248739505504,0.07201689466244193,0.8321167621948968,0,0.1756065427234897,0.926901865795113,0.0
,,,736,48.0,35328,20.50100275,,458,77,,,,,,,,,,,,,,,
4451,0.009999999776482582,-7.277533531188965,740,48.0,35712,20.477089579999998,0.30389073491096497,459,77,0.003,,,,,,,,,,,,,,
,,,744,48.0,35712,20.477089579999998,,459,77,,,,,,,,,,,,,,,
4499,0.009999999776482582,-7.077782154083252,748,48.0,36096,20.410150929999997,0.7130938768386841,459,78,0.003,0.06446516495162428,0.0,0.9517543859649122,0.047261009667024706,0.11274284325112462,0.5960335850368608,0.6069117084212787,0.1401984808204124,0.08062818399550127,0.8508086486393779,0,0.19153827423540853,0.8981995824029658,0.0
,,,752,48.0,36096,20.410150929999997,,458,78,,,,,,,,,,,,,,,
4547,0.009999999776482582,-7.093087673187256,756,48.0,36480,20.37539697,1.3093104362487793,460,79,0.003,,,,,,,,,,,,,,
,,,760,48.0,36480,20.37539697,,460,79,,,,,,,,,,,,,,,
4595,0.009999999776482582,-7.283259391784668,764,48.0,36864,20.431059979999997,0.707984983921051,459,80,0.003,0.07060324282423931,0.0,0.9835526315789473,0.01611170784103115,0.0606017349874695,0.6344697241533426,0.5855980907895527,0.1532711475238013,0.1519150291713056,0.8707906995156061,0,0.19821207614326167,0.8667219042159264,0.0
,,,768,48.0,36864,20.431059979999997,,458,80,,,,,,,,,,,,,,,
4643,0.009999999776482582,-7.490897178649902,772,48.0,37248,20.42844613,0.9913321733474731,459,80,0.003,,,,,,,,,,,,,,
,,,776,48.0,37248,20.42844613,,459,80,,,,,,,,,,,,,,,
4691,0.009999999776482582,-7.2998199462890625,780,48.0,37632,20.403659219999998,1.4576380252838135,458,82,0.003,0.057284169536605416,0.0,1.0,0.0,0.0,0.6041506410514472,0.5816073738245583,0.13997226197235627,0.07556426443563623,0.8715327019249377,0,0.18684539616916948,0.9202326096431741,0.0
,,,784,48.0,37632,20.403659219999998,,458,82,,,,,,,,,,,,,,,
4739,0.009999999776482582,-7.207196235656738,788,48.0,38016,20.44544716,0.8979592323303223,458,82,0.003,,,,,,,,,,,,,,
,,,792,48.0,38016,20.44544716,,458,82,,,,,,,,,,,,,,,
4787,0.009999999776482582,-7.234224796295166,796,48.0,38400,20.46553669,1.133399248123169,456,84,0.003,0.06600676628324519,0.0,0.9912280701754387,0.008592910848549946,0.04387830883397786,0.5299041913133146,0.5494155625239844,0.15261387957131672,0.08879892743285878,0.8810106444987186,0,0.19675553290950218,0.9007683528310589,0.0
,,,800,48.0,38400,20.46553669,,456,84,,,,,,,,,,,,,,,
4835,0.009999999776482582,-7.524345874786377,804,48.0,38784,20.51307335,1.1886601448059082,457,84,0.003,,,,,,,,,,,,,,
,,,808,48.0,38784,20.51307335,,457,84,,,,,,,,,,,,,,,
4883,0.009999999776482582,-7.339393615722656,812,48.0,39168,20.38278709,0.828251838684082,458,85,0.003,,,,,,,,,,,,,,
,,,816,48.0,39168,20.38278709,,458,85,,,,,,,,,,,,,,,
4931,0.009999999776482582,-7.555954933166504,820,48.0,39552,20.38939753,1.1725757122039795,457,86,0.003,0.07006923330572579,0.0,0.9890350877192983,0.010741138560687433,0.0531423517166997,0.592677232284292,0.48065515083393584,0.18747339881793584,0.09948013006685263,0.8966933162500135,0,0.19311093274914432,0.895872463801848,0.0
,,,824,48.0,39552,20.38939753,,457,86,,,,,,,,,,,,,,,
4979,0.009999999776482582,-7.737288951873779,828,48.0,39936,20.392065189999997,1.6393382549285889,458,87,0.003,,,,,,,,,,,,,,
,,,832,48.0,39936,20.392065189999997,,458,87,,,,,,,,,,,,,,,
5027,0.009999999776482582,-7.635821342468262,836,48.0,40320,20.405200060000002,1.7111868858337402,457,88,0.003,0.08086638831960258,0.0,0.981359649122807,0.018259935553168637,0.07865911042676867,0.5180335723276908,0.5041690810456082,0.18183767349776406,0.10448946486405215,0.8728271749210071,0,0.2213451603876153,0.9009425553121536,0.0
,,,840,48.0,40320,20.405200060000002,,457,88,,,,,,,,,,,,,,,
5075,0.009999999776482582,-7.880086898803711,844,48.0,40704,20.500555260000002,2.1024563312530518,458,88,0.003,,,,,,,,,,,,,,
,,,848,48.0,40704,20.500555260000002,,458,88,,,,,,,,,,,,,,,
5123,0.009999999776482582,-7.9340691566467285,852,48.0,41088,20.48569249,0.801120400428772,457,89,0.003,0.05260462263896158,0.0,0.9945175438596491,0.0053705692803437165,0.03798357034142275,0.738679341237729,0.5885426717518843,0.08091919459153019,0.0754793999079515,0.8682544501115552,0,0.18631546806308566,0.9165437499468831,0.0
,,,856,48.0,41088,20.48569249,,457,89,,,,,,,,,,,,,,,
5171,0.009999999776482582,-7.766937255859375,860,48.0,41472,20.52101345,1.3604660034179688,458,90,0.003,,,,,,,,,,,,,,
,,,864,48.0,41472,20.52101345,,458,90,,,,,,,,,,,,,,,
5219,0.009999999776482582,-7.889675617218018,868,48.0,41856,20.51911845,0.9193508625030518,457,91,0.003,0.06569689732920006,0.010741138560687433,0.9539473684210527,0.034371643394199784,0.17050260435427245,0.6509009274554146,0.5818941125383851,0.12684066678845765,0.08528317874221988,0.8754486212580259,0,0.2133652237456268,0.9117577256586278,0.0
,,,872,48.0,41856,20.51911845,,457,91,,,,,,,,,,,,,,,
5267,0.009999999776482582,-7.98306131362915,876,48.0,42240,20.43441602,1.6030168533325195,458,92,0.003,,,,,,,,,,,,,,
,,,880,48.0,42240,20.43441602,,458,92,,,,,,,,,,,,,,,
5315,0.009999999776482582,-8.254817962646484,884,48.0,42624,20.46315317,0.6988232731819153,457,93,0.003,0.0697727147643557,0.0,0.9934210526315791,0.00644468313641246,0.038576974263939384,0.6113358344003512,0.57360602648023,0.17403831435631803,0.11700922526495558,0.8936564328374382,0,0.2374440914155748,0.8715458522635254,0.0
,,,888,48.0,42624,20.46315317,,457,93,,,,,,,,,,,,,,,
5363,0.009999999776482582,-8.312566757202148,892,48.0,43008,20.4661572,1.5295305252075195,458,93,0.003,,,,,,,,,,,,,,
,,,896,48.0,43008,20.4661572,,458,93,,,,,,,,,,,,,,,
5411,0.009999999776482582,-8.087589263916016,900,48.0,43392,20.3412092,0.9661974906921387,457,94,0.003,0.06282665814542741,0.0,0.9155701754385966,0.08270676691729323,0.19261413322543672,0.6283850600177795,0.6481956803227372,0.07136756808652898,0.11783261670400519,0.8773659992846378,1,0.21625044763762025,0.826727331717566,0.0053705692803437165
,,,904,48.0,43392,20.3412092,,457,94,,,,,,,,,,,,,,,
5459,0.009999999776482582,-8.197336196899414,908,48.0,43776,20.40851767,1.2338508367538452,458,95,0.003,,,,,,,,,,,,,,
,,,912,48.0,43776,20.40851767,,458,95,,,,,,,,,,,,,,,
5507,0.009999999776482582,-8.106327056884766,916,48.0,44160,20.54346783,1.384260654449463,457,96,0.003,0.10070389549822636,0.0,0.9835526315789473,0.01611170784103115,0.06437448089343181,0.5227952572417153,0.5889571556851952,0.1297406958748049,0.07529690361451402,0.8120560769787327,0,0.1697203903728736,0.9274322863125478,0.0
,,,920,48.0,44160,20.54346783,,457,96,,,,,,,,,,,,,,,
5555,0.009999999776482582,-8.083641052246094,924,48.0,44544,20.56256479,1.0824646949768066,458,97,0.003,,,,,,,,,,,,,,
,,,928,48.0,44544,20.56256479,,458,97,,,,,,,,,,,,,,,
5603,0.009999999776482582,-8.447803497314453,932,48.0,44928,20.6194846,1.9374098777770996,457,98,0.003,0.06073233961384805,0.0,0.9791666666666666,0.02040816326530612,0.08530889468644254,0.5161385503003443,0.5666613374722397,0.09878945670631616,0.0835695900951302,0.8516755239959353,0,0.16591355999648663,0.9212964479401811,0.0
,,,936,48.0,44928,20.6194846,,457,98,,,,,,,,,,,,,,,
5651,0.009999999776482582,-8.301513671875,940,48.0,45312,20.5712239,0.8935889601707458,458,98,0.003,,,,,,,,,,,,,,
,,,944,48.0,45312,20.5712239,,458,98,,,,,,,,,,,,,,,
5699,0.009999999776482582,-8.475481033325195,948,48.0,45696,20.489610709999997,1.2590065002441406,457,99,0.003,0.11901011542725186,0.0,1.0,0.0,0.0,0.2462022721420396,0.5614366061649348,0.23413433744779366,0.07063532165910828,0.8521336562434708,0,0.18182617659643877,0.9059136909479188,0.0
,,,952,48.0,45696,20.489610709999997,,457,99,,,,,,,,,,,,,,,
5747,0.009999999776482582,-8.280692100524902,956,48.0,46080,20.4817949,1.3548834323883057,458,100,0.003,,,,,,,,,,,,,,
,,,960,48.0,46080,20.4817949,,458,100,,,,,,,,,,,,,,,
5795,0.009999999776482582,-8.349380493164062,964,48.0,46464,20.528737879999998,1.3108898401260376,457,101,0.003,0.045397602651471095,0.0,0.918859649122807,0.079484425349087,0.2643775394947997,0.5539006922579192,0.6279704665608624,0.07659466678875429,0.11989629027116887,0.9114324440416712,3,0.20923270143280598,0.7965212559811113,0.01933404940923738
,,,968,48.0,46464,20.528737879999998,,457,101,,,,,,,,,,,,,,,
5843,0.009999999776482582,-8.617897987365723,972,48.0,46848,20.52041945,1.0039029121398926,458,102,0.003,,,,,,,,,,,,,,
,,,976,48.0,46848,20.52041945,,458,102,,,,,,,,,,,,,,,
5891,0.009999999776482582,-8.63719654083252,980,48.0,47232,20.5946248,0.781071662902832,454,103,0.003,0.05893424468310277,0.0,0.9978070175438596,0.0021482277121374865,0.015193428136569096,0.47344557213718946,0.498598739624815,0.20074119261742118,0.12358486747025389,0.905691488873784,0,0.18059275778465902,0.8599262418176854,0.0
,,,984,48.0,47232,20.5946248,,454,103,,,,,,,,,,,,,,,
5939,0.009999999776482582,-8.500663757324219,988,48.0,47616,20.613235409999998,1.0801200866699219,455,104,0.003,,,,,,,,,,,,,,
,,,992,48.0,47616,20.613235409999998,,455,104,,,,,,,,,,,,,,,
5987,0.009999999776482582,-8.48940372467041,996,48.0,48000,20.651294429999997,0.7993329167366028,454,105,0.003,0.051440191530953215,0.0,0.9890350877192983,0.010741138560687433,0.0531423517166997,0.6782037314972966,0.6170284159592959,0.05395605433724313,0.10184581143175063,0.8930689256673644,0,0.22824571436564683,0.869820747873167,0.0
,,,1000,48.0,48000,20.651294429999997,,454,105,,,,,,,,,,,,,,,
6035,0.009999999776482582,-8.53886890411377,1004,48.0,48384,20.794260380000004,2.195068597793579,455,106,0.003,,,,,,,,,,,,,,
,,,1008,48.0,48384,20.794260380000004,,455,106,,,,,,,,,,,,,,,
6083,0.009999999776482582,-8.990117073059082,1012,48.0,48768,20.77005643,0.5988056659698486,456,106,0.003,,,,,,,,,,,,,,
,,,1016,48.0,48768,20.77005643,,456,106,,,,,,,,,,,,,,,
6131,0.009999999776482582,-8.945686340332031,1020,48.0,49152,20.751244669999995,1.330352783203125,455,107,0.003,0.09477146368695938,0.0,0.9692982456140351,0.03007518796992481,0.1435570703357047,0.6020057539203596,0.5639073437929975,0.21739855163047855,0.1146802066594644,0.8687802384965961,0,0.22633108911363034,0.8680271322011138,0.0
,,,1024,48.0,49152,20.751244669999995,,455,107,,,,,,,,,,,,,,,
6179,0.009999999776482582,-8.628825187683105,1028,48.0,49536,20.73466879,1.789193868637085,456,108,0.003,,,,,,,,,,,,,,
,,,1032,48.0,49536,20.73466879,,456,108,,,,,,,,,,,,,,,
6227,0.009999999776482582,-8.960185050964355,1036,48.0,49920,20.66188905,1.148685336112976,456,109,0.003,0.0834324636016221,0.0,0.9967105263157894,0.00322234156820623,0.012874896178686373,0.5929460078739041,0.532627393167294,0.18160433614304253,0.11799977471968007,0.8831870339009914,0,0.23435265859935744,0.8625496818692507,0.0
,,,1040,48.0,49920,20.66188905,,456,109,,,,,,,,,,,,,,,
6275,0.009999999776482582,-8.822781562805176,1044,48.0,50304,20.66251011,0.5020319223403931,456,110,0.003,,,,,,,,,,,,,,
,,,1048,48.0,50304,20.66251011,,456,110,,,,,,,,,,,,,,,
6323,0.009999999776482582,-8.744688987731934,1052,48.0,50688,20.700820740000005,2.1700499057769775,456,111,0.003,0.083029065278806,0.0,0.9473684210526315,0.05155746509129968,0.1642972177631738,0.8494517356418484,0.5256149436682481,0.18186770754491136,0.24081329499601659,0.875272131904846,1,0.1920529287147864,0.18432460007513474,0.0053705692803437165
,,,1056,48.0,50688,20.700820740000005,,456,111,,,,,,,,,,,,,,,
6371,0.009999999776482582,-8.687365531921387,1060,48.0,51072,20.67946555,2.5868616104125977,457,111,0.003,,,,,,,,,,,,,,
,,,1064,48.0,51072,20.67946555,,457,111,,,,,,,,,,,,,,,
6419,0.009999999776482582,-9.009092330932617,1068,48.0,51456,20.638106320000002,0.769054651260376,456,112,0.003,0.045764843688918255,0.0,0.9890350877192983,0.010741138560687433,0.0531423517166997,0.6554465540470776,0.6209421378494762,0.0557323159815903,0.09041423982580042,0.9019276003103555,0,0.21960965454996642,0.8685268015875299,0.0
,,,1072,48.0,51456,20.638106320000002,,456,112,,,,,,,,,,,,,,,
6467,0.009999999776482582,-9.076987266540527,1076,48.0,51840,20.63546942,0.6139523386955261,456,113,0.003,,,,,,,,,,,,,,
,,,1080,48.0,51840,20.63546942,,456,113,,,,,,,,,,,,,,,
6515,0.009999999776482582,-9.080556869506836,1084,48.0,52224,20.552899849999996,0.6274213194847107,456,114,0.003,0.03633044204636707,0.0,0.9934210526315789,0.00644468313641246,0.038576974263939384,0.6705360166533519,0.640378992009823,0.06270128502092621,0.07836573781628026,0.8753489598591188,0,0.18672921509056323,0.8887848073720123,0.0
,,,1088,48.0,52224,20.552899849999996,,455,114,,,,,,,,,,,,,,,
6563,0.009999999776482582,-9.037961959838867,1092,48.0,52608,20.504396779999997,0.9725000858306885,456,115,0.003,,,,,,,,,,,,,,
,,,1096,48.0,52608,20.504396779999997,,456,115,,,,,,,,,,,,,,,
6611,0.009999999776482582,-9.040977478027344,1100,48.0,52992,20.522519969999998,1.9507050514221191,456,116,0.003,0.06337521297394559,0.0,1.0,0.0,0.0,0.6858970836370225,0.5932660740392127,0.06754143609918233,0.0822808620463796,0.8892583557192847,0,0.2285315867452853,0.8987586411275833,0.0
,,,1104,48.0,52992,20.522519969999998,,455,116,,,,,,,,,,,,,,,
6659,0.009999999776482582,-9.145257949829102,1108,48.0,53376,20.530976229999997,2.2180252075195312,456,116,0.003,,,,,,,,,,,,,,
,,,1112,48.0,53376,20.530976229999997,,456,116,,,,,,,,,,,,,,,
6707,0.009999999776482582,-9.400412559509277,1116,48.0,53760,20.52487453,1.7658843994140625,456,117,0.003,0.06532182386090699,0.0,0.9890350877192983,0.010741138560687433,0.0531423517166997,0.5310761226336217,0.5598053262597209,0.16607235519322094,0.08724735803135797,0.8810795182739672,0,0.21075354395359727,0.8967368381961676,0.0
,,,1120,48.0,53760,20.52487453,,456,117,,,,,,,,,,,,,,,
6755,0.009999999776482582,-9.616405487060547,1124,48.0,54144,20.52824489,1.678430438041687,457,118,0.003,,,,,,,,,,,,,,
,,,1128,48.0,54144,20.52824489,,457,118,,,,,,,,,,,,,,,
6803,0.009999999776482582,-9.060917854309082,1132,48.0,54528,20.560302609999997,1.9180967807769775,456,119,0.003,0.06390461032724268,0.0,0.9835526315789473,0.01611170784103115,0.06437448089343181,0.7189851400456517,0.6199792271481179,0.14321903451191484,0.07664598180745906,0.8360992453191433,0,0.18653069486265075,0.9228037703391648,0.0
,,,1136,48.0,54528,20.560302609999997,,456,119,,,,,,,,,,,,,,,
6851,0.009999999776482582,-9.29781436920166,1140,48.0,54912,20.530034619999995,2.2197065353393555,457,120,0.003,,,,,,,,,,,,,,
,,,1144,48.0,54912,20.530034619999995,,457,120,,,,,,,,,,,,,,,
6899,0.009999999776482582,-9.22018051147461,1148,48.0,55296,20.525428459999997,1.5672845840454102,456,121,0.003,0.086286381460527,0.0,0.975877192982456,0.023630504833512353,0.08614678599549089,0.2960390993179974,0.5617467813448463,0.192479465848287,0.09841889598680331,0.8686808897179688,0,0.2671323461064968,0.8840942210678343,0.0
,,,1152,48.0,55296,20.525428459999997,,456,121,,,,,,,,,,,,,,,
6947,0.009999999776482582,-9.252984046936035,1156,48.0,55680,20.409060680000003,2.541139602661133,457,121,0.003,,,,,,,,,,,,,,
,,,1160,48.0,55680,20.409060680000003,,457,121,,,,,,,,,,,,,,,
6995,0.009999999776482582,-9.208473205566406,1164,48.0,56064,20.34069294,1.5122613906860352,456,122,0.003,0.03648950103756882,0.0,0.9703947368421053,0.02900107411385607,0.13814789597477098,0.2930354801628921,0.4519603718155502,0.267845981196972,0.07117332373805138,0.8468361815282964,0,0.09958101925970846,0.9543339888041524,0.0
,,,1168,48.0,56064,20.34069294,,456,122,,,,,,,,,,,,,,,
7043,0.009999999776482582,-9.383809089660645,1172,48.0,56448,20.421815300000002,2.214132070541382,457,123,0.003,,,,,,,,,,,,,,
,,,1176,48.0,56448,20.421815300000002,,457,123,,,,,,,,,,,,,,,
7091,0.009999999776482582,-9.10090446472168,1180,48.0,56832,20.45698386,1.377736210823059,457,124,0.003,0.03146177996504156,0.0010741138560687433,0.9989035087719298,0.0,0.007596714068284557,0.9521021602974513,0.5747219868485293,0.015335263872436927,0.1270332823636659,0.8635065022435194,0,0.1310690862422796,0.6863928435397799,0.0
,,,1184,48.0,56832,20.45698386,,457,124,,,,,,,,,,,,,,,
7139,0.009999999776482582,-9.615287780761719,1188,48.0,57216,20.316661089999997,0.9560710191726685,457,124,0.003,,,,,,,,,,,,,,
,,,1192,48.0,57216,20.316661089999997,,457,124,,,,,,,,,,,,,,,
7187,0.009999999776482582,-9.770394325256348,1196,48.0,57600,20.27114715,2.022296905517578,457,125,0.003,0.14377835615097873,0.0,1.0,0.0,0.0,0.7383276415983892,0.5599497116205655,0.23486961280794302,0.07243250466712904,0.4745751159186953,0,0.1491472346655277,0.947913201304277,0.0
,,,1200,48.0,57600,20.27114715,,457,125,,,,,,,,,,,,,,,
7235,0.009999999776482582,-9.724946975708008,1204,48.0,57984,20.145263380000003,0.9847123622894287,457,126,0.003,,,,,,,,,,,,,,
,,,1208,48.0,57984,20.145263380000003,,457,126,,,,,,,,,,,,,,,
7283,0.009999999776482582,-9.820979118347168,1212,48.0,58368,20.10783192,0.7119998335838318,458,127,0.003,,,,,,,,,,,,,,
,,,1216,48.0,58368,20.10783192,,458,127,,,,,,,,,,,,,,,
7331,0.009999999776482582,-9.618171691894531,1220,48.0,58752,20.12450499,2.390420913696289,457,128,0.003,0.11635605374117752,0.0,0.9594298245614036,0.0397422126745435,0.11347559938576933,0.8268248344823672,0.5956551757051775,0.027475826923644416,0.07405801758093071,0.758299097931697,0,0.20178805470947841,0.9346645192821823,0.0
,,,1224,48.0,58752,20.12450499,,457,128,,,,,,,,,,,,,,,
7379,0.009999999776482582,-9.667705535888672,1228,48.0,59136,20.07431931,1.4121730327606201,458,129,0.003,,,,,,,,,,,,,,
,,,1232,48.0,59136,20.07431931,,458,129,,,,,,,,,,,,,,,
7427,0.009999999776482582,-9.655864715576172,1236,48.0,59520,20.11954557,1.6012295484542847,457,130,0.003,0.08527020780917664,0.0,0.9945175438596491,0.0053705692803437165,0.03798357034142275,0.6578394384669665,0.5790019864798612,0.14323782308551544,0.08161071694856507,0.8777589946032257,0,0.2272490299406091,0.8910229301563738,0.0
,,,1240,48.0,59520,20.11954557,,457,130,,,,,,,,,,,,,,,
7475,0.009999999776482582,-9.697176933288574,1244,48.0,59904,20.132655409999998,2.369318962097168,458,130,0.003,,,,,,,,,,,,,,
,,,1248,48.0,59904,20.132655409999998,,458,130,,,,,,,,,,,,,,,
7523,0.009999999776482582,-9.903369903564453,1252,48.0,60288,20.213707709999998,0.9420161843299866,457,131,0.003,0.07024821578136937,0.0,0.9945175438596491,0.0053705692803437165,0.03798357034142275,0.708662934171267,0.5989870552507707,0.07056587562290183,0.06967658987474132,0.869777211329957,0,0.18800138281977205,0.9126916355613951,0.0
,,,1256,48.0,60288,20.213707709999998,,457,131,,,,,,,,,,,,,,,
7571,0.009999999776482582,-9.952187538146973,1260,48.0,60672,20.27462421,1.3797450065612793,457,132,0.003,,,,,,,,,,,,,,
,,,1264,48.0,60672,20.27462421,,457,132,,,,,,,,,,,,,,,
7619,0.009999999776482582,-9.939473152160645,1268,48.0,61056,20.28431058,1.3174810409545898,457,133,0.003,0.0695108942715428,0.0,1.0,0.0,0.0,0.6099226697020035,0.55044105295202,0.14845643255147878,0.09843217302003535,0.8738667237170575,0,0.21031328370115054,0.9053349614741042,0.0
,,,1272,48.0,61056,20.28431058,,457,133,,,,,,,,,,,,,,,
7667,0.009999999776482582,-10.139944076538086,1276,48.0,61440,20.265106290000002,1.7982559204101562,458,134,0.003,,,,,,,,,,,,,,
,,,1280,48.0,61440,20.265106290000002,,458,134,,,,,,,,,,,,,,,
7715,0.009999999776482582,-10.127619743347168,1284,48.0,61824,20.360703230000002,0.7538279294967651,457,135,0.003,0.10342151821832535,0.0,0.9780701754385964,0.021482277121374866,0.11934544441021402,0.6530549310560996,0.6331433832389702,0.05250833272941714,0.08854878409560593,0.8436237429741165,0,0.23660586018474503,0.8849721768062133,0.0
,,,1288,48.0,61824,20.360703230000002,,457,135,,,,,,,,,,,,,,,
7763,0.009999999776482582,-10.229344367980957,1292,48.0,62208,20.3519197,0.72856605052948,458,135,0.003,,,,,,,,,,,,,,
,,,1296,48.0,62208,20.3519197,,458,135,,,,,,,,,,,,,,,
7811,0.009999999776482582,-10.342609405517578,1300,48.0,62592,20.450463250000002,1.4645711183547974,455,137,0.003,0.09844214414813934,0.0,0.9945175438596491,0.0053705692803437165,0.03798357034142275,0.572967325876527,0.5736634632532146,0.10479079951764471,0.08218229278781548,0.8617488889933319,0,0.22502278712894894,0.9075522749389112,0.0
,,,1304,48.0,62592,20.450463250000002,,455,137,,,,,,,,,,,,,,,
7859,0.009999999776482582,-10.167901039123535,1308,48.0,62976,20.555364169999997,2.0430145263671875,455,138,0.003,,,,,,,,,,,,,,
,,,1312,48.0,62976,20.555364169999997,,455,138,,,,,,,,,,,,,,,
7907,0.009999999776482582,-10.185283660888672,1316,48.0,63360,20.54888465,2.269376516342163,455,139,0.003,0.11694341631376817,0.0,1.0,0.0,0.0,0.7138798836195606,0.591459126762388,0.05219756414063851,0.07181282424192575,0.8109093152402086,0,0.18471045289742932,0.9345957063279997,0.0
,,,1320,48.0,63360,20.54888465,,455,139,,,,,,,,,,,,,,,
7955,0.009999999776482582,-10.135355949401855,1324,48.0,63744,20.54119605,3.0632877349853516,456,139,0.003,,,,,,,,,,,,,,
,,,1328,48.0,63744,20.54119605,,456,139,,,,,,,,,,,,,,,
8003,0.009999999776482582,-10.349411964416504,1332,48.0,64128,20.530726799999997,1.798419713973999,455,140,0.003,0.14697394015467494,0.0,0.9780701754385964,0.021482277121374866,0.13726068006841205,0.693570300962817,0.6277563212277336,0.16661852095998267,0.1121484159923746,0.8365055087533003,1,0.257796374713115,0.8707739818450547,0.0053705692803437165
,,,1336,48.0,64128,20.530726799999997,,455,140,,,,,,,,,,,,,,,
8051,0.009999999776482582,-10.208939552307129,1340,48.0,64512,20.524682090000002,1.1965327262878418,456,141,0.003,,,,,,,,,,,,,,
,,,1344,48.0,64512,20.524682090000002,,456,141,,,,,,,,,,,,,,,
8099,0.009999999776482582,-10.357110977172852,1348,48.0,64896,20.570439450000002,1.9550282955169678,455,142,0.003,0.036712352119226986,0.010741138560687433,0.9254385964912282,0.06229860365198711,0.19837060477540994,0.7450892338600344,0.5863461548046186,0.12318079615049163,0.22737531973588604,0.9442678302789909,1,0.1906707236651617,0.6537521388447205,0.00966702470461869
,,,1352,48.0,64896,20.570439450000002,,455,142,,,,,,,,,,,,,,,
8147,0.009999999776482582,-10.345909118652344,1356,48.0,65280,20.569677849999998,1.2787595987319946,456,143,0.003,,,,,,,,,,,,,,
,,,1360,48.0,65280,20.569677849999998,,456,143,,,,,,,,,,,,,,,
8195,0.009999999776482582,-10.518248558044434,1364,48.0,65664,20.55257603,1.6561400890350342,455,144,0.003,0.0747400293949347,0.0,0.9857456140350876,0.013963480128893663,0.05718240730119905,0.33003698048721924,0.48544900996683654,0.18230805664311098,0.09947363369867626,0.8734186159976361,0,0.20541613248325952,0.9029425015852567,0.0
,,,1368,48.0,65664,20.55257603,,455,144,,,,,,,,,,,,,,,
8243,0.009999999776482582,-10.308048248291016,1372,48.0,66048,20.560727919999998,2.2501704692840576,455,144,0.003,,,,,,,,,,,,,,
,,,1376,48.0,66048,20.560727919999998,,455,144,,,,,,,,,,,,,,,
8291,0.009999999776482582,-10.301140785217285,1380,48.0,66432,20.512338179999997,1.9622645378112793,455,145,0.003,0.03354186412329312,0.0,0.9890350877192983,0.010741138560687433,0.0531423517166997,0.6447963219169102,0.6132757577232706,0.09349073606647455,0.10273573701946175,0.8907438141614278,0,0.19948110690360538,0.8738122240002465,0.0
,,,1384,48.0,66432,20.512338179999997,,455,145,,,,,,,,,,,,,,,
8339,0.009999999776482582,-10.573188781738281,1388,48.0,66816,20.52188078,2.3965277671813965,456,146,0.003,,,,,,,,,,,,,,
,,,1392,48.0,66816,20.52188078,,456,146,,,,,,,,,,,,,,,
8387,0.009999999776482582,-10.543811798095703,1396,48.0,67200,20.537625379999998,1.605452299118042,455,147,0.003,0.07444628149149975,0.0,0.9857456140350878,0.013963480128893663,0.05718240730119905,0.7492369313282277,0.601818368182938,0.10195695849378152,0.09064896023277118,0.8578590606811782,0,0.2087474591557442,0.9045869098015384,0.0
,,,1400,48.0,67200,20.537625379999998,,455,147,,,,,,,,,,,,,,,
8435,0.009999999776482582,-10.69688606262207,1404,48.0,67584,20.517693329999997,2.0022425651550293,456,148,0.003,,,,,,,,,,,,,,
,,,1408,48.0,67584,20.517693329999997,,456,148,,,,,,,,,,,,,,,
8483,0.009999999776482582,-10.513641357421875,1412,48.0,67968,20.440777509999997,2.7652878761291504,456,148,0.003,,,,,,,,,,,,,,
,,,1416,48.0,67968,20.440777509999997,,456,148,,,,,,,,,,,,,,,
8531,0.009999999776482582,-10.285393714904785,1420,48.0,68352,20.46698175,2.9356093406677246,456,149,0.003,0.10207290243463546,0.0,0.9692982456140351,0.03007518796992481,0.1451899994840478,0.8174854593270546,0.5675116371750559,0.05289701727017301,0.07471419825242563,0.6963879577622809,1,0.17243286689921322,0.9422475219370559,0.0053705692803437165
,,,1424,48.0,68352,20.46698175,,456,149,,,,,,,,,,,,,,,
8579,0.009999999776482582,-10.48754596710205,1428,48.0,68736,20.50188274,2.6141481399536133,457,150,0.003,,,,,,,,,,,,,,
,,,1432,48.0,68736,20.50188274,,457,150,,,,,,,,,,,,,,,
8627,0.009999999776482582,-10.702037811279297,1436,48.0,69120,20.45218818,0.8892507553100586,456,151,0.003,0.02670269172129715,0.0,0.9890350877192983,0.010741138560687433,0.0531423517166997,0.6345695564594455,0.6260996483452963,0.15831826637486057,0.16337938672708777,0.9297650495009233,0,0.16384746307055026,0.7747820218596331,0.0
,,,1440,48.0,69120,20.45218818,,456,151,,,,,,,,,,,,,,,
8675,0.009999999776482582,-10.449357986450195,1444,48.0,69504,20.461864849999998,1.2812745571136475,457,151,0.003,,,,,,,,,,,,,,
,,,1448,48.0,69504,20.461864849999998,,457,151,,,,,,,,,,,,,,,
8723,0.009999999776482582,-10.443229675292969,1452,48.0,69888,20.45489937,0.7896913290023804,456,152,0.003,0.01709677059514492,0.0,0.9989035087719298,0.0010741138560687433,0.007596714068284557,0.25076605625477527,0.5368049054390839,0.27495887102830324,0.36001034790717074,0.9849505280617019,0,0.08456402514940285,0.4585959258725855,0.0
,,,1456,48.0,69888,20.45489937,,456,152,,,,,,,,,,,,,,,
8771,0.009999999776482582,-10.978782653808594,1460,48.0,70272,20.479844659999998,1.9187779426574707,457,153,0.003,,,,,,,,,,,,,,
,,,1464,48.0,70272,20.479844659999998,,457,153,,,,,,,,,,,,,,,
8819,0.009999999776482582,-10.747640609741211,1468,48.0,70656,20.520967419999998,1.2648948431015015,457,154,0.003,0.16793298988725988,0.0,0.9945175438596491,0.0053705692803437165,0.03798357034142275,0.7444573169721282,0.5798819257178013,0.13966203336863248,0.07138261714439764,0.7146244069406652,0,0.14989749293958313,0.9496108060578101,0.0
,,,1472,48.0,70656,20.520967419999998,,457,154,,,,,,,,,,,,,,,
8867,0.009999999776482582,-10.776815414428711,1476,48.0,71040,20.370082019999998,1.5184717178344727,457,155,0.003,,,,,,,,,,,,,,
,,,1480,48.0,71040,20.370082019999998,,457,155,,,,,,,,,,,,,,,
8915,0.009999999776482582,-10.914238929748535,1484,48.0,71424,20.29508685,1.4690392017364502,457,156,0.003,0.062017918416021105,0.0,0.9890350877192983,0.010741138560687433,0.0531423517166997,0.7477241934215186,0.5295484059956044,0.1511864258283427,0.0892655308850728,0.8336103962047446,0,0.14826483846026764,0.9442902132554121,0.0
,,,1488,48.0,71424,20.29508685,,457,156,,,,,,,,,,,,,,,
8963,0.009999999776482582,-10.54173469543457,1492,48.0,71808,20.32684712,2.877303123474121,457,156,0.003,,,,,,,,,,,,,,
,,,1496,48.0,71808,20.32684712,,457,156,,,,,,,,,,,,,,,
9011,0.009999999776482582,-10.812163352966309,1500,48.0,72192,20.32408307,1.5504196882247925,457,157,0.003,0.06526249218791283,0.0,0.9890350877192983,0.010741138560687433,0.053142351716699704,0.6960477187578425,0.5971813735353885,0.15567410162461073,0.09991156333385068,0.8802347842183119,0,0.19471781762990828,0.8816789581448855,0.0
,,,1504,48.0,72192,20.32408307,,457,157,,,,,,,,,,,,,,,
9059,0.009999999776482582,-11.067638397216797,1508,48.0,72576,20.3720407,0.7310255765914917,457,158,0.003,,,,,,,,,,,,,,
,,,1512,48.0,72576,20.3720407,,457,158,,,,,,,,,,,,,,,
9107,0.009999999776482582,-11.017333984375,1516,48.0,72960,20.413338869999997,2.5704641342163086,457,159,0.003,0.05943201662008822,0.0,0.9780701754385964,0.021482277121374866,0.07350268259617476,0.777917465715349,0.6137246577593284,0.04425319447838974,0.07552955147883113,0.8640553819545148,0,0.20572992093019374,0.909806426507032,0.0
,,,1520,48.0,72960,20.413338869999997,,457,159,,,,,,,,,,,,,,,
9155,0.009999999776482582,-10.9166841506958,1524,48.0,73344,20.422393040000003,2.3364548683166504,457,160,0.003,,,,,,,,,,,,,,
,,,1528,48.0,73344,20.422393040000003,,457,160,,,,,,,,,,,,,,,
9203,0.009999999776482582,-10.77688217163086,1532,48.0,73728,20.4222198,1.1070895195007324,457,161,0.003,0.07593257542544825,0.0,1.0,0.0,0.0,0.5547089020469618,0.4273841624964847,0.1912203329487549,0.10739326567530119,0.8879200793914119,0,0.13615096152706377,0.9220569630656115,0.0
,,,1536,48.0,73728,20.4222198,,457,161,,,,,,,,,,,,,,,
9251,0.009999999776482582,-10.851068496704102,1540,48.0,74112,20.465213289999998,2.026489019393921,457,161,0.003,,,,,,,,,,,,,,
,,,1544,48.0,74112,20.465213289999998,,457,161,,,,,,,,,,,,,,,
9299,0.009999999776482582,-10.906478881835938,1548,48.0,74496,20.526703339999997,1.6227749586105347,457,162,0.003,0.0477290052551569,0.0,0.9835526315789473,0.01611170784103115,0.06437448089343181,0.6118993129918421,0.6070268606882808,0.09826031338124919,0.06817986651146248,0.8761346147640098,0,0.16916885472525728,0.9054691157160164,0.0
,,,1552,48.0,74496,20.526703339999997,,457,162,,,,,,,,,,,,,,,
9347,0.009999999776482582,-10.953170776367188,1556,48.0,74880,20.538458459999998,2.6889939308166504,458,163,0.003,,,,,,,,,,,,,,
,,,1560,48.0,74880,20.538458459999998,,458,163,,,,,,,,,,,,,,,
9395,0.009999999776482582,-11.133484840393066,1564,48.0,75264,20.593234360000007,1.0457067489624023,457,164,0.003,0.04548283977925942,0.0,0.9945175438596491,0.0053705692803437165,0.03798357034142275,0.7113104587567962,0.5826853712185205,0.05546982014496571,0.06914527537723685,0.8824033021582104,0,0.16861726386182568,0.9111855003896215,0.0
,,,1568,48.0,75264,20.593234360000007,,457,164,,,,,,,,,,,,,,,
9443,0.009999999776482582,-11.4246826171875,1572,48.0,75648,20.66608192,0.5099341869354248,458,165,0.003,,,,,,,,,,,,,,
,,,1576,48.0,75648,20.66608192,,458,165,,,,,,,,,,,,,,,
9491,0.009999999776482582,-10.979053497314453,1580,48.0,76032,20.798385879999998,3.8209118843078613,458,165,0.003,0.09274245865260793,0.0,0.9890350877192983,0.010741138560687433,0.053142351716699704,0.7033689797793983,0.6652419281335634,0.14337996732506025,0.16020149947527354,0.8479313986297243,0,0.22171161855981908,0.8481109517558905,0.0
,,,1584,48.0,76032,20.798385879999998,,458,165,,,,,,,,,,,,,,,
9539,0.009999999776482582,-10.851686477661133,1588,48.0,76416,20.89678413,3.91456937789917,458,166,0.003,,,,,,,,,,,,,,
,,,1592,48.0,76416,20.89678413,,458,166,,,,,,,,,,,,,,,
9587,0.009999999776482582,-11.064629554748535,1596,48.0,76800,20.87244125,3.283278465270996,458,167,0.003,0.018944370115911904,0.0,0.9802631578947368,0.01933404940923738,0.13674085322912188,0.048302052910803854,0.5287686581781104,0.18573044643104789,0.2728028243938136,0.9941317112733594,1,0.07288029091618105,0.12419356600257014,0.0053705692803437165
,,,1600,48.0,76800,20.87244125,,458,167,,,,,,,,,,,,,,,
9635,0.009999999776482582,-11.34547233581543,1604,48.0,77184,20.80390383,1.2158541679382324,458,168,0.003,,,,,,,,,,,,,,
,,,1608,48.0,77184,20.80390383,,458,168,,,,,,,,,,,,,,,
9683,0.009999999776482582,-11.079187393188477,1612,48.0,77568,20.80877744,2.0896377563476562,459,168,0.003,,,,,,,,,,,,,,
,,,1616,48.0,77568,20.80877744,,459,168,,,,,,,,,,,,,,,
9731,0.009999999776482582,-11.31096363067627,1620,48.0,77952,20.81096968,1.826676607131958,456,170,0.003,0.031408279702950404,0.0,0.9846491228070176,0.015037593984962405,0.06040894538803211,0.735737834988165,0.614800542754841,0.05493709733985665,0.07448132365687991,0.8786319958575605,0,0.18366252885776044,0.8968699718605906,0.0
,,,1624,48.0,77952,20.81096968,,456,170,,,,,,,,,,,,,,,
9779,0.009999999776482582,-11.22274112701416,1628,48.0,78336,20.8529706,2.4864096641540527,457,171,0.003,,,,,,,,,,,,,,
,,,1632,48.0,78336,20.8529706,,457,171,,,,,,,,,,,,,,,
9827,0.009999999776482582,-11.274696350097656,1636,48.0,78720,20.93698313,1.920346975326538,456,172,0.003,0.09154941410761797,0.0,0.9945175438596491,0.0053705692803437165,0.031164853747041362,0.6556674093269222,0.5688945043485057,0.13544220682356609,0.10813335903672874,0.8654497705815477,0,0.23103275688544891,0.8977995488706091,0.0
,,,1640,48.0,78720,20.93698313,,456,172,,,,,,,,,,,,,,,
9875,0.009999999776482582,-11.260129928588867,1644,48.0,79104,20.83065691,1.002640724182129,457,173,0.003,,,,,,,,,,,,,,
,,,1648,48.0,79104,20.83065691,,457,173,,,,,,,,,,,,,,,
9923,0.009999999776482582,-11.143012046813965,1652,48.0,79488,20.81170435,2.4712343215942383,456,174,0.003,0.061057010564296715,0.0,0.9945175438596491,0.0053705692803437165,0.031164853747041362,0.6575133913286745,0.5894382312113734,0.06118925211117017,0.06793676897844537,0.8864110381891004,0,0.17709684131615833,0.9064290716321292,0.0
,,,1656,48.0,79488,20.81170435,,456,174,,,,,,,,,,,,,,,
9971,0.009999999776482582,-11.164993286132812,1660,48.0,79872,20.786736560000005,3.5242397785186768,457,174,0.003,,,,,,,,,,,,,,
,,,1664,48.0,79872,20.786736560000005,,457,174,,,,,,,,,,,,,,,
10019,0.009999999776482582,-11.403935432434082,1668,48.0,80256,20.77021415,2.2308666706085205,456,175,0.003,0.07873205606024995,0.0,0.9879385964912281,0.011815252416756176,0.05003633186194115,0.6724814447474373,0.6143261628682016,0.07352529451878376,0.10556981136757224,0.880967652519937,0,0.25556744272634735,0.8783929516455756,0.0
,,,1672,48.0,80256,20.77021415,,456,175,,,,,,,,,,,,,,,
10067,0.009999999776482582,-11.26601791381836,1676,48.0,80640,20.706857550000006,1.0145008563995361,457,176,0.003,,,,,,,,,,,,,,
,,,1680,48.0,80640,20.706857550000006,,457,176,,,,,,,,,,,,,,,
10115,0.009999999776482582,-11.233083724975586,1684,48.0,81024,20.77430842,1.6244360208511353,456,177,0.003,0.03975565294079773,0.0,0.9879385964912282,0.011815252416756176,0.053453364125224216,0.6735325045384574,0.5796721914911293,0.07208824102110296,0.07905770548181881,0.9029989913673504,0,0.17975230760159888,0.8863953812379417,0.0
,,,1688,48.0,81024,20.77430842,,456,177,,,,,,,,,,,,,,,
10163,0.009999999776482582,-11.452881813049316,1692,48.0,81408,20.804454810000006,2.7019290924072266,457,177,0.003,,,,,,,,,,,,,,
,,,1696,48.0,81408,20.804454810000006,,457,177,,,,,,,,,,,,,,,
10211,0.009999999776482582,-11.158724784851074,1700,48.0,81792,20.851961839999998,3.0495314598083496,457,178,0.003,0.08884242207688751,0.0,0.9791666666666666,0.02040816326530612,0.07014335306061355,0.6941667847140361,0.6068615427051848,0.11301718902545836,0.1184991845318732,0.8419141272764504,0,0.2305100081789023,0.9025066322807554,0.0
,,,1704,48.0,81792,20.851961839999998,,457,178,,,,,,,,,,,,,,,
10259,0.009999999776482582,-11.244244575500488,1708,48.0,82176,20.923265580000002,3.2484822273254395,457,179,0.003,,,,,,,,,,,,,,
,,,1712,48.0,82176,20.923265580000002,,457,179,,,,,,,,,,,,,,,
10307,0.009999999776482582,-11.232571601867676,1716,48.0,82560,20.930541119999997,1.9491342306137085,457,180,0.003,0.0675013359822827,0.0,1.0,0.0,0.0,0.549737108935472,0.48919722824124073,0.1507204770401059,0.09295752881865604,0.8888926873056944,0,0.16622738262838943,0.9190915590027564,0.0
,,,1720,48.0,82560,20.930541119999997,,457,180,,,,,,,,,,,,,,,
10355,0.009999999776482582,-11.418487548828125,1724,48.0,82944,20.89066126,2.9274888038635254,457,181,0.003,,,,,,,,,,,,,,
,,,1728,48.0,82944,20.89066126,,457,181,,,,,,,,,,,,,,,
10403,0.009999999776482582,-11.227235794067383,1732,48.0,83328,20.84958924,2.926541805267334,457,182,0.003,0.08801864399635383,0.0,0.888157894736842,0.10955961331901182,0.2609368760445642,0.4406329025680572,0.6312314356177048,0.3453022465683802,0.398660008266716,0.8464175367497139,3,0.28644087193483764,0.5753267752262201,0.06015037593984962
,,,1736,48.0,83328,20.84958924,,457,182,,,,,,,,,,,,,,,
10451,0.009999999776482582,-11.463296890258789,1740,48.0,83712,20.773068610000006,1.8510406017303467,458,182,0.003,,,,,,,,,,,,,,
,,,1744,48.0,83712,20.773068610000006,,458,182,,,,,,,,,,,,,,,
10499,0.009999999776482582,-11.690710067749023,1748,48.0,84096,20.689311379999996,1.6248408555984497,457,183,0.003,0.04474218795119986,0.0,0.918859649122807,0.079484425349087,0.24105579378878467,0.12241195084059879,0.6008518297066402,0.2686796807216987,0.3413989569795173,0.952901468193843,2,0.18755732621976115,0.19293021529199328,0.024704618689581095
,,,1752,48.0,84096,20.689311379999996,,457,183,,,,,,,,,,,,,,,
10547,0.009999999776482582,-11.401598930358887,1756,48.0,84480,20.56095256,1.9112231731414795,458,184,0.003,,,,,,,,,,,,,,
,,,1760,48.0,84480,20.56095256,,458,184,,,,,,,,,,,,,,,
10595,0.009999999776482582,-11.513936042785645,1764,48.0,84864,20.46306854,1.723587989807129,457,185,0.003,0.11468900076806454,0.0,0.9035087719298246,0.09452201933404941,0.22338484237695258,0.7713301014796462,0.6353713201202523,0.07594246004960656,0.08180451651246647,0.7863628866376396,1,0.261866524477117,0.8751313794013597,0.00966702470461869
,,,1768,48.0,84864,20.46306854,,457,185,,,,,,,,,,,,,,,
10643,0.009999999776482582,-11.642755508422852,1772,48.0,85248,20.457816660000002,1.880077600479126,458,185,0.003,,,,,,,,,,,,,,
,,,1776,48.0,85248,20.457816660000002,,458,185,,,,,,,,,,,,,,,
10691,0.009999999776482582,-11.55167293548584,1780,48.0,85632,20.408370059999996,3.258277654647827,458,186,0.003,0.023712144681098314,0.0,0.9868421052631579,0.01288936627282492,0.06468843500128188,0.1977541486480665,0.530175430645024,0.2632921064589388,0.35540397952979985,0.9727852930483241,0,0.17292674083091503,0.44862504619619487,0.0
,,,1784,48.0,85632,20.408370059999996,,458,186,,,,,,,,,,,,,,,
10739,0.009999999776482582,-11.38760757446289,1788,48.0,86016,20.354537370000003,2.4541163444519043,458,187,0.003,,,,,,,,,,,,,,
,,,1792,48.0,86016,20.354537370000003,,458,187,,,,,,,,,,,,,,,
10787,0.009999999776482582,-11.440574645996094,1796,48.0,86400,20.318249450000003,2.8943166732788086,457,188,0.003,0.062047243629346896,0.0,0.9945175438596491,0.0053705692803437165,0.03798357034142275,0.7603980981226737,0.5704615565105784,0.08359384815574458,0.07517640463195606,0.8463265605990454,0,0.1560856091085923,0.936486093181899,0.0
,,,1800,48.0,86400,20.318249450000003,,457,188,,,,,,,,,,,,,,,
10835,0.009999999776482582,-11.597102165222168,1804,48.0,86784,20.23358646,1.4591670036315918,458,189,0.003,,,,,,,,,,,,,,
,,,1808,48.0,86784,20.23358646,,458,189,,,,,,,,,,,,,,,
10883,0.009999999776482582,-11.787787437438965,1812,48.0,87168,20.2166934,2.0303006172180176,458,190,0.003,,,,,,,,,,,,,,
,,,1816,48.0,87168,20.2166934,,458,190,,,,,,,,,,,,,,,
10931,0.009999999776482582,-11.466514587402344,1820,48.0,87552,20.23993911,2.5420327186584473,458,191,0.003,0.07902325117980138,0.0,0.9923245614035089,0.007518796992481203,0.039130020743774016,0.5417250787378224,0.4862761604887176,0.17513986980483046,0.13138885750566306,0.8684757062022254,0,0.19558297679727457,0.9035550445307682,0.0
,,,1824,48.0,87552,20.23993911,,458,191,,,,,,,,,,,,,,,
10979,0.009999999776482582,-11.517212867736816,1828,48.0,87936,20.22094343,3.2362866401672363,458,191,0.003,,,,,,,,,,,,,,
,,,1832,48.0,87936,20.22094343,,458,191,,,,,,,,,,,,,,,
11027,0.009999999776482582,-11.87201976776123,1836,48.0,88320,20.287656229999996,1.4345555305480957,458,192,0.003,0.0929859872491627,0.0,0.9429824561403509,0.055853920515574654,0.171264261652296,0.6474512338291276,0.5294258812613096,0.17802611769304755,0.09020821908427834,0.8186370695995512,1,0.23713060488773033,0.9257513891058716,0.00966702470461869
,,,1840,48.0,88320,20.287656229999996,,458,192,,,,,,,,,,,,,,,
11075,0.009999999776482582,-11.745527267456055,1844,48.0,88704,20.38159063,3.474595069885254,458,193,0.003,,,,,,,,,,,,,,
,,,1848,48.0,88704,20.38159063,,458,193,,,,,,,,,,,,,,,
11123,0.009999999776482582,-11.632390975952148,1852,48.0,89088,20.50508171,2.378737449645996,458,194,0.003,0.13081951060439337,0.0,0.9605263157894736,0.03866809881847476,0.14906241229195077,0.7887207254724493,0.5310757474233,0.15191015343188866,0.10841029105445762,0.7222223344769484,1,0.21609938675479873,0.9296461110810035,0.00966702470461869
,,,1856,48.0,89088,20.50508171,,458,194,,,,,,,,,,,,,,,
11171,0.009999999776482582,-11.212639808654785,1860,48.0,89472,20.521311100000002,4.525175094604492,459,194,0.003,,,,,,,,,,,,,,
,,,1864,48.0,89472,20.521311100000002,,459,194,,,,,,,,,,,,,,,
11219,0.009999999776482582,-11.429682731628418,1868,48.0,89856,20.5554861,4.123592853546143,458,195,0.003,0.01858642056769331,0.0,0.9945175438596491,0.0053705692803437165,0.03798357034142275,0.21375836252128744,0.5358858775329963,0.25324182250571425,0.22432349196180773,0.942460228194578,0,0.16696498078890915,0.745897266146034,0.0
,,,1872,48.0,89856,20.5554861,,458,195,,,,,,,,,,,,,,,
11267,0.009999999776482582,-11.740726470947266,1876,48.0,90240,20.39392495,1.8972301483154297,459,196,0.003,,,,,,,,,,,,,,
,,,1880,48.0,90240,20.39392495,,459,196,,,,,,,,,,,,,,,
11315,0.009999999776482582,-11.997636795043945,1884,48.0,90624,20.41747809,3.3922126293182373,459,197,0.003,0.03786244388364396,0.0,0.9879385964912281,0.011815252416756176,0.06972196239518053,0.7060675721648655,0.5159921119684188,0.06613941199758107,0.07153872960094132,0.8647028818077658,0,0.11546586395817927,0.958727248893871,0.0
,,,1888,48.0,90624,20.41747809,,459,197,,,,,,,,,,,,,,,
11363,0.009999999776482582,-11.469147682189941,1892,48.0,91008,20.412000369999998,4.51904296875,459,197,0.003,,,,,,,,,,,,,,
,,,1896,48.0,91008,20.412000369999998,,459,197,,,,,,,,,,,,,,,
11411,0.009999999776482582,-11.782833099365234,1900,48.0,91392,20.331717299999998,2.038768768310547,459,198,0.003,0.09541031806416486,0.0,0.9374999999999999,0.061224489795918366,0.16947328427404418,0.7393022620817487,0.6228039975816682,0.048847017142615225,0.07909750682043905,0.8202313636902114,1,0.23190720549712723,0.9095621143666256,0.00966702470461869
,,,1904,48.0,91392,20.331717299999998,,459,198,,,,,,,,,,,,,,,
11459,0.009999999776482582,-11.826616287231445,1908,48.0,91776,20.32321623,1.8270808458328247,459,199,0.003,,,,,,,,,,,,,,
,,,1912,48.0,91776,20.32321623,,459,199,,,,,,,,,,,,,,,
11507,0.009999999776482582,-11.767329216003418,1916,48.0,92160,20.335729179999998,2.611741781234741,459,200,0.003,0.048584113272734306,0.0,0.9934210526315789,0.00644468313641246,0.03857697426393938,0.7337457321997458,0.5685448816086428,0.03749921067428209,0.06963732829689223,0.9129296750093681,0,0.18067459143759093,0.8893513361399679,0.0
,,,1920,48.0,92160,20.335729179999998,,459,200,,,,,,,,,,,,,,,
11555,0.009999999776482582,-12.111153602600098,1924,48.0,92544,20.318452259999997,1.8003448247909546,459,201,0.003,,,,,,,,,,,,,,
,,,1928,48.0,92544,20.318452259999997,,459,201,,,,,,,,,,,,,,,
11603,0.009999999776482582,-12.106500625610352,1932,48.0,92928,20.203433950000004,1.4872093200683594,457,203,0.003,0.10239634249076612,0.0,0.900219298245614,0.09774436090225563,0.17979497020707239,0.7319591182488219,0.627901297588804,0.06537240161997712,0.0795956950097745,0.8188868167104241,1,0.2863047281305643,0.891898521171703,0.0053705692803437165
,,,1936,48.0,92928,20.203433950000004,,457,203,,,,,,,,,,,,,,,
11651,0.009999999776482582,-12.076967239379883,1940,48.0,93312,20.228824999999997,1.5983357429504395,457,203,0.003,,,,,,,,,,,,,,
,,,1944,48.0,93312,20.228824999999997,,457,203,,,,,,,,,,,,,,,
11699,0.009999999776482582,-11.730376243591309,1948,48.0,93696,20.19253606,4.124383926391602,457,204,0.003,0.07058632704140959,0.0010741138560687433,0.9780701754385964,0.02040816326530612,0.07022208229628826,0.7542568935076451,0.6026274752155989,0.04588100306969393,0.06972796127968277,0.8733803972561219,0,0.20393156018476796,0.9017472070688295,0.0
,,,1952,48.0,93696,20.19253606,,457,204,,,,,,,,,,,,,,,
11747,0.009999999776482582,-11.98416519165039,1956,48.0,94080,20.225204350000002,2.110705852508545,457,205,0.003,,,,,,,,,,,,,,
,,,1960,48.0,94080,20.225204350000002,,457,205,,,,,,,,,,,,,,,
11795,0.009999999776482582,-11.609949111938477,1964,48.0,94464,20.24747747,3.4096970558166504,457,206,0.003,0.23194533902031145,0.0,0.9945175438596491,0.0053705692803437165,0.03798357034142275,0.831563175663013,0.508863833042289,0.22944208659830467,0.09868183829471953,0.3279363095415569,0,0.21347291753547615,0.8979826105481915,0.0
,,,1968,48.0,94464,20.24747747,,457,206,,,,,,,,,,,,,,,
11843,0.009999999776482582,-12.100595474243164,1972,48.0,94848,20.316636919999997,2.769657611846924,458,207,0.003,,,,,,,,,,,,,,
,,,1976,48.0,94848,20.316636919999997,,457,207,,,,,,,,,,,,,,,
11891,0.009999999776482582,-11.70327377319336,1980,48.0,95232,20.348741899999997,4.376011848449707,457,208,0.003,0.20046754808683984,0.0010741138560687433,0.9879385964912281,0.010741138560687433,0.0534533641252242,0.8071852755442824,0.5432049391506677,0.1949415438105001,0.08448574591649972,0.5418819580414544,0,0.2330266517788287,0.9305629339134613,0.0
,,,1984,48.0,95232,20.348741899999997,,457,208,,,,,,,,,,,,,,,
11939,0.009999999776482582,-11.837971687316895,1988,48.0,95616,20.37392113,4.325004577636719,457,208,0.003,,,,,,,,,,,,,,
,,,1992,48.0,95616,20.37392113,,457,208,,,,,,,,,,,,,,,
11987,0.009999999776482582,-11.780389785766602,1996,48.0,96000,20.431115889999997,4.323915958404541,457,209,0.003,0.08352312329241147,0.0,0.9956140350877193,0.004296455424274973,0.030386856273138196,0.5664986132011989,0.4150888030165219,0.23377321609165005,0.10470825677873326,0.9036715203057217,0,0.19339470842328632,0.9232383356400089,0.0
,,,2000,48.0,96000,20.431115889999997,,457,209,,,,,,,,,,,,,,,
12035,0.009999999776482582,-11.80929183959961,2004,48.0,96384,20.47277211,4.131010055541992,457,210,0.003,,,,,,,,,,,,,,
,,,2008,48.0,96384,20.47277211,,457,210,,,,,,,,,,,,,,,
12083,0.009999999776482582,-11.837717056274414,2012,48.0,96768,20.54334544,2.830958843231201,457,211,0.003,,,,,,,,,,,,,,
,,,2016,48.0,96768,20.54334544,,457,211,,,,,,,,,,,,,,,
12131,0.009999999776482582,-12.019026756286621,2020,48.0,97152,20.5511726,3.554699659347534,457,212,0.003,0.0689669489320456,0.0,0.9824561403508772,0.017185821697099892,0.06453640556666265,0.6143377043415956,0.5551128345539398,0.14541952439489741,0.07959252216070796,0.8753743052137829,0,0.1790479893831512,0.9167098291663899,0.0
,,,2024,48.0,97152,20.5511726,,457,212,,,,,,,,,,,,,,,
12179,0.009999999776482582,-11.940446853637695,2028,48.0,97536,20.556749600000003,4.078086853027344,458,212,0.003,,,,,,,,,,,,,,
,,,2032,48.0,97536,20.556749600000003,,458,212,,,,,,,,,,,,,,,
12227,0.009999999776482582,-11.818904876708984,2036,48.0,97920,20.61128695,3.1631832122802734,457,213,0.003,0.07728049012334938,0.0,0.9429824561403509,0.055853920515574654,0.16708362217429962,0.6971450451338428,0.5966838844572638,0.06269936392037938,0.0718599097814917,0.8593425582521503,1,0.23501505131222494,0.9033605053098025,0.00966702470461869
,,,2040,48.0,97920,20.61128695,,457,213,,,,,,,,,,,,,,,
12275,0.009999999776482582,-11.909463882446289,2044,48.0,98304,20.64666762,4.849798202514648,458,214,0.003,,,,,,,,,,,,,,
,,,2048,48.0,98304,20.64666762,,458,214,,,,,,,,,,,,,,,
12323,0.009999999776482582,-12.426610946655273,2052,48.0,98688,20.641611979999997,2.1077475547790527,457,215,0.003,0.0814075048687829,0.0,0.9671052631578947,0.0322234156820623,0.14551101110420045,0.7149724258105016,0.6015649977991978,0.054567730829719864,0.0664861072502219,0.8577776516842069,1,0.1950403698895938,0.9033846549223071,0.0053705692803437165
,,,2056,48.0,98688,20.641611979999997,,457,215,,,,,,,,,,,,,,,
12371,0.009999999776482582,-12.21409797668457,2060,48.0,99072,20.621470210000002,1.7081525325775146,457,216,0.003,,,,,,,,,,,,,,
,,,2064,48.0,99072,20.621470210000002,,457,216,,,,,,,,,,,,,,,
12419,0.009999999776482582,-12.168327331542969,2068,48.0,99456,20.58118786,1.2277307510375977,457,217,0.003,0.11734137126491469,0.0,0.9385964912280702,0.06015037593984962,0.17517711009540368,0.6774111429908705,0.6147329519847942,0.08238402334633278,0.0753828171169428,0.784408973396623,0,0.20204044611094543,0.9173425847767974,0.0
,,,2072,48.0,99456,20.58118786,,457,217,,,,,,,,,,,,,,,
12467,0.009999999776482582,-12.321425437927246,2076,48.0,99840,20.605616640000004,1.5570924282073975,457,218,0.003,,,,,,,,,,,,,,
,,,2080,48.0,99840,20.605616640000004,,457,218,,,,,,,,,,,,,,,
