train/learning_rate,train/actor_loss,time/fps,rollout/ep_rew_mean,time/total_timesteps,train/critic_loss,time/episodes,train/ent_coef,rollout/ep_len_mean,train/n_updates,time/time_elapsed,eval/ep_b3_mean,eval/ep_pump_price_obj_std,eval/ep_pressure_obj_mean,eval/ep_timesteps_below_zero,eval/ep_b1_mean,eval/ep_pressure_obj_std,eval/ep_nodes_below_zero,eval/ep_b3_std,eval/ep_pump_price_obj_mean,eval/ep_b1_std,eval/ep_nodes_below_threshold,eval/ep_nodes_above_threshold,eval/ep_b2_std,eval/ep_b2_mean
0.003,-0.4208414554595947,670,13.8396915,384,0.035383813083171844,4,0.009999999776482582,48.0,35,0,,,,,,,,,,,,,,
,,661,13.8396915,384,,8,,48.0,,0,,,,,,,,,,,,,,
0.003,-0.6357235908508301,642,17.1054729375,768,0.016488300636410713,12,0.009999999776482582,48.0,83,1,,,,,,,,,,,,,,
,,638,17.1054729375,768,,16,,48.0,,1,,,,,,,,,,,,,,
0.003,-0.7339727282524109,545,18.550830041666668,1152,0.011851666495203972,20,0.009999999776482582,48.0,131,2,0.45969006634667364,0.17305002315088724,0.9934210526315789,0,0.39263899006607156,0.038576974263939384,0.0,0.342592878757601,0.5804827150537087,0.33066674132132123,0.0053705692803437165,0.0010741138560687433,0.0855641036197447,0.9418121805594083
,,539,18.550830041666668,1152,,24,,48.0,,2,,,,,,,,,,,,,,
0.003,-0.8087759017944336,561,19.219156375,1536,0.008686842396855354,28,0.009999999776482582,48.0,179,2,,,,,,,,,,,,,,
,,559,19.219156375,1536,,32,,48.0,,2,,,,,,,,,,,,,,
0.003,-0.854638934135437,523,19.59366975,1920,0.018540797755122185,36,0.009999999776482582,48.0,227,3,0.8171090602527726,0.2598748764148063,0.9550438596491228,0,0.6648394990595706,0.15844978341346755,0.0,0.1336575375170379,0.6054931094920711,0.19974036753385627,0.04296455424274973,0.0010741138560687433,0.30686572941033063,0.7237097649539411
,,521,19.59366975,1920,,40,,48.0,,3,,,,,,,,,,,,,,
0.003,-0.9849485754966736,535,19.89282775,2304,0.009327895008027554,44,0.009999999776482582,48.0,275,4,,,,,,,,,,,,,,
,,534,19.89282775,2304,,48,,48.0,,4,,,,,,,,,,,,,,
0.003,-1.0217976570129395,516,20.097642875,2688,0.010902207344770432,52,0.009999999776482582,48.0,323,5,0.7129131394642607,0.27873564630671943,0.9934210526315789,0,0.39699424611263917,0.038576974263939384,0.0,0.2823560492764688,0.5838362594842275,0.2784079754641066,0.00644468313641246,0.0,0.21946177664830488,0.8188959504258067
,,515,20.097642875,2688,,56,,48.0,,5,,,,,,,,,,,,,,
0.003,-1.0915429592132568,527,20.245709578125002,3072,0.011530513875186443,60,0.009999999776482582,48.0,371,5,,,,,,,,,,,,,,
,,526,20.245709578125002,3072,,64,,48.0,,5,,,,,,,,,,,,,,
0.003,-1.225469708442688,511,20.364488555555553,3456,0.012185798957943916,68,0.009999999776482582,48.0,419,6,0.7450524304247282,0.25159397813094997,0.9517543859649122,0,0.641522075657524,0.11274284325112462,0.0,0.26181518839169343,0.6158814401567484,0.23215310119076552,0.047261009667024706,0.0,0.24073145605826238,0.7635036017811219
,,510,20.364488555555553,3456,,72,,48.0,,6,,,,,,,,,,,,,,
0.003,-1.2826383113861084,504,20.4543808375,3840,0.00633559376001358,76,0.009999999776482582,48.0,467,7,,,,,,,,,,,,,,
,,504,20.4543808375,3840,,80,,48.0,,7,,,,,,,,,,,,,,
0.003,-1.3541574478149414,494,20.555568409090906,4224,0.009096590802073479,84,0.009999999776482582,48.0,515,8,0.7205654714441679,0.20741215019522263,0.9978070175438596,0,0.6913969324214805,0.015193428136569096,0.0,0.27362454166346256,0.58707453857893,0.1826445015598419,0.0021482277121374865,0.0,0.17437241226146455,0.8713657531800726
,,493,20.555568409090906,4224,,88,,48.0,,8,,,,,,,,,,,,,,
0.003,-1.4200820922851562,500,20.62955803125,4608,0.013027452863752842,92,0.009999999776482582,48.0,563,9,,,,,,,,,,,,,,
,,500,20.62955803125,4608,,96,,48.0,,9,,,,,,,,,,,,,,
0.003,-1.4982471466064453,491,20.964124690000002,4992,0.006437928881496191,100,0.009999999776482582,48.0,611,10,0.7772763167978199,0.19087974531618485,0.9989035087719298,0,0.6773967361835271,0.007596714068284557,0.0,0.2328314626191512,0.5795097449102963,0.16498325772699612,0.0010741138560687433,0.0,0.1339194631269861,0.8790523845919949
,,490,20.964124690000002,4992,,104,,48.0,,10,,,,,,,,,,,,,,
0.003,-1.6025524139404297,498,21.346198199999993,5376,0.00840441882610321,108,0.009999999776482582,48.0,659,10,,,,,,,,,,,,,,
,,498,21.346198199999993,5376,,112,,48.0,,10,,,,,,,,,,,,,,
0.003,-1.7152736186981201,491,21.370453010000002,5760,0.008004512637853622,116,0.009999999776482582,48.0,707,11,0.761305042397576,0.18578612288397825,1.0,0,0.5774348155231579,0.0,0.0,0.23862465316989317,0.534346742605016,0.18680462188325764,0.0,0.0,0.14348076492589137,0.9102852093311397
,,490,21.370453010000002,5760,,120,,48.0,,11,,,,,,,,,,,,,,
0.003,-1.7757929563522339,494,21.37907301,6144,0.00893767923116684,124,0.009999999776482582,48.0,755,12,,,,,,,,,,,,,,
,,494,21.37907301,6144,,128,,48.0,,12,,,,,,,,,,,,,,
0.003,-1.854583978652954,489,21.391005659999998,6528,0.005608829669654369,132,0.009999999776482582,48.0,803,13,0.7860516501585698,0.24043206202332804,0.9978070175438596,0,0.7198534907998558,0.01062847034333995,0.0,0.21427811285712595,0.5745357962328718,0.19203353148799807,0.0010741138560687433,0.0010741138560687433,0.13569927512600474,0.8605895356853805
,,489,21.391005659999998,6528,,136,,48.0,,13,,,,,,,,,,,,,,
0.003,-1.875185251235962,495,21.39828188,6912,0.009304238483309746,140,0.009999999776482582,48.0,851,13,,,,,,,,,,,,,,
,,495,21.39828188,6912,,144,,48.0,,13,,,,,,,,,,,,,,
0.003,-1.9908500909805298,491,21.408414269999998,7296,0.0046872035600245,148,0.009999999776482582,48.0,899,14,0.741376821814108,0.17965373306656965,1.0,0,0.702629023877524,0.0,0.0,0.2766844495620562,0.5978851132139161,0.14319644859441702,0.0,0.0,0.11698518454727591,0.9004909053738427
,,490,21.408414269999998,7296,,152,,48.0,,14,,,,,,,,,,,,,,
0.003,-2.1082661151885986,496,21.432934400000008,7680,0.007107451558113098,156,0.009999999776482582,48.0,947,15,,,,,,,,,,,,,,
,,496,21.432934400000008,7680,,160,,48.0,,15,,,,,,,,,,,,,,
0.003,-2.1629867553710938,491,21.454035590000004,8064,0.00557287223637104,164,0.009999999776482582,48.0,995,16,0.821495856887797,0.19512869508202255,1.0,0,0.6803542651347438,0.0,0.0,0.14847766946921248,0.6289749379094814,0.11059959979820516,0.0,0.0,0.1380489506045942,0.8766792518133211
,,490,21.454035590000004,8064,,168,,48.0,,16,,,,,,,,,,,,,,
0.003,-2.2470242977142334,496,21.47826107,8448,0.006175207905471325,172,0.009999999776482582,48.0,1043,17,,,,,,,,,,,,,,
,,496,21.47826107,8448,,176,,48.0,,17,,,,,,,,,,,,,,
0.003,-2.323119640350342,492,21.452580080000004,8832,0.0066801030188798904,180,0.009999999776482582,48.0,1091,17,0.8100442476071524,0.21257799516609333,1.0,0,0.6699529791020088,0.0,0.0,0.13485645551122954,0.6256093109516203,0.11979881347818647,0.0,0.0,0.13681180895735404,0.8819147942615206
,,492,21.452580080000004,8832,,184,,48.0,,17,,,,,,,,,,,,,,
0.003,-2.442169666290283,497,21.445000579999995,9216,0.010288380086421967,188,0.009999999776482582,48.0,1139,18,,,,,,,,,,,,,,
,,497,21.445000579999995,9216,,192,,48.0,,18,,,,,,,,,,,,,,
0.003,-2.5204546451568604,492,21.450627859999994,9600,0.004521015100181103,196,0.009999999776482582,48.0,1187,19,0.7901358388777548,0.20197449588360725,0.9945175438596491,0,0.6838280633659466,0.03798357034142275,0.0,0.15323101149614715,0.6216153063957544,0.1281781841775384,0.0053705692803437165,0.0,0.11812063159552326,0.900885046561316
,,492,21.450627859999994,9600,,200,,48.0,,19,,,,,,,,,,,,,,
0.003,-2.524995803833008,496,21.379937830000006,9984,0.006610273849219084,204,0.009999999776482582,48.0,1235,20,,,,,,,,,,,,,,
,,496,21.379937830000006,9984,,208,,48.0,,20,,,,,,,,,,,,,,
0.003,-2.6708879470825195,499,21.35381394,10368,0.004619002342224121,212,0.009999999776482582,48.0,1283,20,,,,,,,,,,,,,,
,,499,21.35381394,10368,,216,,48.0,,20,,,,,,,,,,,,,,
0.003,-2.7434120178222656,496,21.382626489999996,10752,0.00842185690999031,220,0.009999999776482582,48.0,1331,21,0.8419064876637548,0.21347726763274638,0.9945175438596491,0,0.6883574440426443,0.03798357034142275,0.0,0.13197546567520377,0.6053368932402711,0.13047594752511718,0.0,0.0,0.17341890199649854,0.8538637755466159
,,495,21.382626489999996,10752,,224,,48.0,,21,,,,,,,,,,,,,,
0.003,-2.785874366760254,498,21.391543079999998,11136,0.006548572331666946,228,0.009999999776482582,48.0,1379,22,,,,,,,,,,,,,,
,,498,21.391543079999998,11136,,232,,48.0,,22,,,,,,,,,,,,,,
0.003,-2.9409940242767334,493,21.426647680000002,11520,0.004125462844967842,236,0.009999999776482582,48.0,1427,23,0.8405707122981199,0.16925621461232007,0.9945175438596491,0,0.7119598165721996,0.03798357034142275,0.0,0.12560472796127797,0.6049203131138771,0.13362346768268463,0.0053705692803437165,0.0,0.13087272301876524,0.876893989102127
,,493,21.426647680000002,11520,,240,,48.0,,23,,,,,,,,,,,,,,
0.003,-3.0021989345550537,496,21.446108629999998,11904,0.004956833086907864,244,0.009999999776482582,48.0,1475,23,,,,,,,,,,,,,,
,,496,21.446108629999998,11904,,248,,48.0,,23,,,,,,,,,,,,,,
0.003,-3.065462589263916,493,21.43616608,12288,0.00515082199126482,252,0.009999999776482582,48.0,1523,24,0.8572595481622842,0.2552998599688089,0.9989035087719298,0,0.7424752100045054,0.007596714068284557,0.0,0.13774897020533874,0.6546262719986149,0.12834932039501937,0.0,0.0010741138560687433,0.19457164670122074,0.758630607625822
,,493,21.43616608,12288,,256,,48.0,,24,,,,,,,,,,,,,,
0.003,-3.2156646251678467,496,21.43311381,12672,0.006110541522502899,260,0.009999999776482582,48.0,1571,25,,,,,,,,,,,,,,
,,496,21.43311381,12672,,264,,48.0,,25,,,,,,,,,,,,,,
0.003,-3.322312593460083,494,21.446101669999997,13056,0.0042644282802939415,268,0.009999999776482582,48.0,1619,26,0.7997425542455198,0.31503932733608275,0.9956140350877192,0,0.6797100186003185,0.014700536519234966,0.0,0.17907653848113544,0.617521140792892,0.17936641558159402,0.0,0.004296455424274973,0.1415792780906139,0.8493759356580626
,,493,21.446101669999997,13056,,272,,48.0,,26,,,,,,,,,,,,,,
0.003,-3.3481574058532715,496,21.468094970000003,13440,0.005204515531659126,276,0.009999999776482582,48.0,1667,27,,,,,,,,,,,,,,
,,496,21.468094970000003,13440,,280,,48.0,,27,,,,,,,,,,,,,,
0.003,-3.4438223838806152,494,21.49658362999999,13824,0.004186130128800869,284,0.009999999776482582,48.0,1715,27,0.789334958027177,0.28435939792083126,0.9989035087719298,0,0.6841446157276101,0.007596714068284557,0.0,0.15168972920031004,0.5990428467749447,0.15623105517458777,0.0,0.0010741138560687433,0.1377450428303773,0.8713702217037987
,,494,21.49658362999999,13824,,288,,48.0,,27,,,,,,,,,,,,,,
0.003,-3.4052231311798096,497,21.526707619999996,14208,0.004566009156405926,292,0.009999999776482582,48.0,1763,28,,,,,,,,,,,,,,
,,497,21.526707619999996,14208,,296,,48.0,,28,,,,,,,,,,,,,,
0.003,-3.446657657623291,494,21.56362178,14592,0.005426247604191303,300,0.009999999776482582,48.0,1811,29,0.8005482466506365,0.2336789304182527,1.0,0,0.6506238016202213,0.0,0.0,0.1488385057091038,0.6388229149779743,0.1174953919366895,0.0,0.0,0.1355254082802101,0.8741989474504985
,,494,21.56362178,14592,,304,,48.0,,29,,,,,,,,,,,,,,
0.003,-3.6897013187408447,497,21.620259020000002,14976,0.0036505963653326035,308,0.009999999776482582,48.0,1859,30,,,,,,,,,,,,,,
,,497,21.620259020000002,14976,,312,,48.0,,30,,,,,,,,,,,,,,
0.003,-3.668508529663086,495,21.649664749999996,15360,0.003571147099137306,316,0.009999999776482582,48.0,1907,31,0.8368782623342972,0.27191670540428386,1.0,0,0.6965403169656974,0.0,0.0,0.1328415579414439,0.6355727586276193,0.09722414005476085,0.0,0.0,0.14109046710041795,0.8677475766857468
,,495,21.649664749999996,15360,,320,,48.0,,31,,,,,,,,,,,,,,
0.003,-3.785789966583252,497,21.65518192,15744,0.0034775580279529095,324,0.009999999776482582,48.0,1955,31,,,,,,,,,,,,,,
,,497,21.65518192,15744,,328,,48.0,,31,,,,,,,,,,,,,,
0.003,-3.742130994796753,495,21.658640190000007,16128,0.007575541269034147,332,0.009999999776482582,48.0,2003,32,0.8364097388076189,0.2863767987153545,1.0,0,0.7192452454708748,0.0,0.0,0.13365918230384824,0.6463487707700002,0.09992835415852726,0.0,0.0,0.1610443406722254,0.8449683084161105
,,495,21.658640190000007,16128,,336,,48.0,,32,,,,,,,,,,,,,,
0.003,-3.9053094387054443,497,21.66944188,16512,0.0035042851231992245,340,0.009999999776482582,48.0,2051,33,,,,,,,,,,,,,,
,,497,21.66944188,16512,,344,,48.0,,33,,,,,,,,,,,,,,
0.003,-3.9580297470092773,494,21.693206540000006,16896,0.005397937260568142,348,0.009999999776482582,48.0,2099,34,0.8195390777581459,0.30807208615051096,0.9989035087719298,0,0.6557244849103525,0.007596714068284557,0.0,0.14757182833113086,0.630566421902052,0.14779358814389162,0.0,0.0010741138560687433,0.1483994759239546,0.8521333018725423
,,494,21.693206540000006,16896,,352,,48.0,,34,,,,,,,,,,,,,,
0.003,-4.0353312492370605,496,21.69887343,17280,0.00502416305243969,356,0.009999999776482582,48.0,2147,34,,,,,,,,,,,,,,
,,496,21.69887343,17280,,360,,48.0,,34,,,,,,,,,,,,,,
0.003,-4.115147590637207,494,21.734077690000003,17664,0.004427413921803236,364,0.009999999776482582,48.0,2195,35,0.8102101218596663,0.277008546634488,1.0,0,0.6480104000856153,0.0,0.0,0.13872244095250763,0.6589797617999266,0.14155101933942055,0.0,0.0,0.1324019663970306,0.8687315240795922
,,494,21.734077690000003,17664,,368,,48.0,,35,,,,,,,,,,,,,,
0.003,-4.105881690979004,496,21.73843553999999,18048,0.0067794849164783955,372,0.009999999776482582,48.0,2243,36,,,,,,,,,,,,,,
,,496,21.73843553999999,18048,,376,,48.0,,36,,,,,,,,,,,,,,
0.003,-4.157322883605957,494,21.74263588000001,18432,0.006726447492837906,380,0.009999999776482582,48.0,2291,37,0.8046202650744955,0.27765403433398783,1.0,0,0.7066155911363589,0.0,0.0,0.171155084936708,0.6188106957288273,0.1154159452798475,0.0,0.0,0.1424442243356671,0.8769760841607238
,,494,21.74263588000001,18432,,384,,48.0,,37,,,,,,,,,,,,,,
0.003,-4.435586452484131,496,21.740423999999994,18816,0.005982148461043835,388,0.009999999776482582,48.0,2339,37,,,,,,,,,,,,,,
,,496,21.740423999999994,18816,,392,,48.0,,37,,,,,,,,,,,,,,
0.003,-4.471790790557861,493,21.73604354,19200,0.005881981924176216,396,0.009999999776482582,48.0,2387,38,0.7616428000239344,0.21682743054818668,1.0,0,0.6414871576752669,0.0,0.0,0.15469988082851294,0.6614203678945192,0.1677103442819877,0.0,0.0,0.11072399293661003,0.8824031764744903
,,493,21.73604354,19200,,400,,48.0,,38,,,,,,,,,,,,,,
0.003,-4.507115840911865,495,21.750169979999995,19584,0.008047893643379211,404,0.009999999776482582,48.0,2435,39,,,,,,,,,,,,,,
,,495,21.750169979999995,19584,,408,,48.0,,39,,,,,,,,,,,,,,
0.003,-4.455089569091797,497,21.75353466,19968,0.004150776192545891,412,0.009999999776482582,48.0,2483,40,,,,,,,,,,,,,,
,,497,21.75353466,19968,,416,,48.0,,40,,,,,,,,,,,,,,
0.003,-4.541746139526367,496,21.75311397,20352,0.0033264346420764923,420,0.009999999776482582,48.0,2531,41,0.8234692784857643,0.27980977695097164,1.0,0,0.7015604938434782,0.0,0.0,0.15445891001271567,0.6325921477940927,0.1405993295050299,0.0,0.0,0.14129202796599147,0.85129507627917
,,495,21.75311397,20352,,424,,48.0,,41,,,,,,,,,,,,,,
0.003,-4.565958499908447,497,21.772425750000004,20736,0.007187163457274437,428,0.009999999776482582,48.0,2579,41,,,,,,,,,,,,,,
,,497,21.772425750000004,20736,,432,,48.0,,41,,,,,,,,,,,,,,
0.003,-4.4870524406433105,495,21.766667390000002,21120,0.007620238233357668,436,0.009999999776482582,48.0,2627,42,0.8189768618119873,0.24426200102038118,1.0,0,0.6982120168107584,0.0,0.0,0.1489112601264132,0.6119516507815338,0.10468347281454982,0.0,0.0,0.10998493113094251,0.8983521033904182
,,495,21.766667390000002,21120,,440,,48.0,,42,,,,,,,,,,,,,,
0.003,-4.78102970123291,497,21.75162613,21504,0.010787910781800747,444,0.009999999776482582,48.0,2675,43,,,,,,,,,,,,,,
,,497,21.75162613,21504,,448,,48.0,,43,,,,,,,,,,,,,,
0.003,-4.943243980407715,495,21.749368770000004,21888,0.009039102122187614,452,0.009999999776482582,48.0,2723,44,0.8118669357488001,0.2791327295894751,1.0,0,0.5694918579856431,0.0,0.0,0.16365626450457815,0.6176582638679072,0.1455413459660242,0.0,0.0,0.11679513841894534,0.8879624055954066
,,495,21.749368770000004,21888,,456,,48.0,,44,,,,,,,,,,,,,,
0.003,-4.903233051300049,496,21.745472460000002,22272,0.004631796386092901,460,0.009999999776482582,48.0,2771,44,,,,,,,,,,,,,,
,,496,21.745472460000002,22272,,464,,48.0,,44,,,,,,,,,,,,,,
0.003,-5.087945461273193,495,21.75230529,22656,0.003125680610537529,468,0.009999999776482582,48.0,2819,45,0.8430266663389197,0.3022010673522583,1.0,0,0.6850721053586402,0.0,0.0,0.13382600145992662,0.6275929511285309,0.12532190862226356,0.0,0.0,0.13635822117365487,0.8688697752285168
,,495,21.75230529,22656,,472,,48.0,,45,,,,,,,,,,,,,,
0.003,-5.058204650878906,496,21.743032659999997,23040,0.0035465266555547714,476,0.009999999776482582,48.0,2867,46,,,,,,,,,,,,,,
,,496,21.743032659999997,23040,,480,,48.0,,46,,,,,,,,,,,,,,
0.003,-5.185327053070068,494,21.731226659999997,23424,0.005078895948827267,484,0.009999999776482582,48.0,2915,47,0.8134866341905584,0.29795970155957957,1.0,0,0.6372057852351622,0.0,0.0,0.15427285031099924,0.6689083583026364,0.13435094373970577,0.0,0.0,0.15104278077779318,0.84245872600849
,,494,21.731226659999997,23424,,488,,48.0,,47,,,,,,,,,,,,,,
0.003,-5.256801605224609,495,21.726594239999994,23808,0.0034449524246156216,492,0.009999999776482582,48.0,2963,48,,,,,,,,,,,,,,
,,495,21.726594239999994,23808,,496,,48.0,,48,,,,,,,,,,,,,,
0.003,-5.347946643829346,493,21.703625089999996,24192,0.004412263631820679,500,0.009999999776482582,48.0,3011,49,0.7910582292706033,0.28875484473610197,1.0,0,0.6449848105368037,0.0,0.0,0.1974510041905463,0.6665617584642721,0.14673108904301746,0.0,0.0,0.17769904557409427,0.8166003924840974
,,493,21.703625089999996,24192,,504,,48.0,,49,,,,,,,,,,,,,,
0.003,-5.386054039001465,495,21.69826224,24576,0.007304421626031399,508,0.009999999776482582,48.0,3059,49,,,,,,,,,,,,,,
,,495,21.69826224,24576,,512,,48.0,,49,,,,,,,,,,,,,,
0.003,-5.53680944442749,494,21.70598253,24960,0.007514979224652052,516,0.009999999776482582,48.0,3107,50,0.8204601659719691,0.2715627876764224,1.0,0,0.6338541120554191,0.0,0.0,0.1489026746221319,0.663082721032444,0.13161153867239353,0.0,0.0,0.1368425452398015,0.8413984080347887
,,494,21.70598253,24960,,520,,48.0,,50,,,,,,,,,,,,,,
0.003,-5.551704406738281,495,21.701952470000005,25344,0.003024678211659193,524,0.009999999776482582,48.0,3155,51,,,,,,,,,,,,,,
,,495,21.701952470000005,25344,,528,,48.0,,51,,,,,,,,,,,,,,
0.003,-5.540395259857178,494,21.70652767,25728,0.007282444275915623,532,0.009999999776482582,48.0,3203,52,0.847956382220462,0.28231997065371983,1.0,0,0.6967409607970672,0.0,0.0,0.1377750593669755,0.6261015145564615,0.1045820094859231,0.0,0.0,0.11414207830866249,0.8773727451649654
,,494,21.70652767,25728,,536,,48.0,,52,,,,,,,,,,,,,,
0.003,-5.630800247192383,495,21.70940132,26112,0.0040620919317007065,540,0.009999999776482582,48.0,3251,52,,,,,,,,,,,,,,
,,495,21.70940132,26112,,544,,48.0,,52,,,,,,,,,,,,,,
0.003,-5.322340965270996,493,21.7147076,26496,0.025548553094267845,548,0.009999999776482582,48.0,3299,53,0.8494128527342923,0.2501574859908714,0.9989035087719298,0,0.7484315380413392,0.007596714068284557,0.0,0.10509207343312268,0.6362987893911046,0.1460988182633123,0.0,0.0010741138560687433,0.1257469536991267,0.8391266043686544
,,493,21.7147076,26496,,552,,48.0,,53,,,,,,,,,,,,,,
0.003,-5.794957637786865,493,21.707154149999997,26880,0.01664040982723236,556,0.009999999776482582,48.0,3347,54,,,,,,,,,,,,,,
,,493,21.707154149999997,26880,,560,,48.0,,54,,,,,,,,,,,,,,
0.003,-5.803447246551514,492,21.6891886,27264,0.004152973182499409,564,0.009999999776482582,48.0,3395,55,0.8314913733534317,0.25764850213765933,1.0,0,0.7449887202365745,0.0,0.0,0.13338754627196414,0.6260028710675646,0.09746992361761367,0.0,0.0,0.10112372186905481,0.890599221415828
,,492,21.6891886,27264,,568,,48.0,,55,,,,,,,,,,,,,,
0.003,-5.897911071777344,493,21.676765809999992,27648,0.0030406543519347906,572,0.009999999776482582,48.0,3443,56,,,,,,,,,,,,,,
,,493,21.676765809999992,27648,,576,,48.0,,56,,,,,,,,,,,,,,
0.003,-5.797348499298096,492,21.68104647,28032,0.00498705729842186,580,0.009999999776482582,48.0,3491,56,0.8541639924918769,0.2908856292081574,1.0,0,0.6758246332670432,0.0,0.0,0.11504350203679249,0.6376931678126113,0.14092255715183027,0.0,0.0,0.11459832316500973,0.8714840726574264
,,492,21.68104647,28032,,584,,48.0,,56,,,,,,,,,,,,,,
0.003,-5.781158447265625,493,21.676264290000002,28416,0.004067030735313892,588,0.009999999776482582,48.0,3539,57,,,,,,,,,,,,,,
,,493,21.676264290000002,28416,,592,,48.0,,57,,,,,,,,,,,,,,
0.003,-6.029001235961914,492,21.686954720000003,28800,0.004323243163526058,596,0.009999999776482582,48.0,3587,58,0.8332307159553636,0.29323276707519386,1.0,0,0.7234515787042605,0.0,0.0,0.13204827793197457,0.650506494361137,0.10806118554839725,0.0,0.0,0.14148117204174465,0.846934157183138
,,492,21.686954720000003,28800,,600,,48.0,,58,,,,,,,,,,,,,,
0.003,-5.952005386352539,493,21.695588120000004,29184,0.003413962898775935,604,0.009999999776482582,48.0,3635,59,,,,,,,,,,,,,,
,,493,21.695588120000004,29184,,608,,48.0,,59,,,,,,,,,,,,,,
0.003,-6.191203594207764,494,21.673251679999993,29568,0.006018439773470163,612,0.009999999776482582,48.0,3683,59,,,,,,,,,,,,,,
,,494,21.673251679999993,29568,,616,,48.0,,59,,,,,,,,,,,,,,
0.003,-6.127821922302246,493,21.656604070000007,29952,0.002972761867567897,620,0.009999999776482582,48.0,3731,60,0.8343302677741723,0.2761495249523035,1.0,0,0.6555244535471183,0.0,0.0,0.12366189084328336,0.6686278185055555,0.14007053050756296,0.0,0.0,0.1324789204978106,0.8543566281079437
,,493,21.656604070000007,29952,,624,,48.0,,60,,,,,,,,,,,,,,
0.003,-6.080008506774902,494,21.643246920000003,30336,0.003392874263226986,628,0.009999999776482582,48.0,3779,61,,,,,,,,,,,,,,
,,494,21.643246920000003,30336,,632,,48.0,,61,,,,,,,,,,,,,,
0.003,-6.175276756286621,493,21.6459636,30720,0.0038737666327506304,636,0.009999999776482582,48.0,3827,62,0.865198914215846,0.292044043232153,1.0,0,0.6916157933785678,0.0,0.0,0.1156980366262576,0.6307112929545009,0.1196926758104447,0.0,0.0,0.12182619929238407,0.8563743669757229
,,493,21.6459636,30720,,640,,48.0,,62,,,,,,,,,,,,,,
0.003,-6.466771602630615,494,21.645577550000002,31104,0.004497956484556198,644,0.009999999776482582,48.0,3875,62,,,,,,,,,,,,,,
,,494,21.645577550000002,31104,,648,,48.0,,62,,,,,,,,,,,,,,
0.003,-6.345993518829346,493,21.658200170000004,31488,0.009100263938307762,652,0.009999999776482582,48.0,3923,63,0.8075696999582359,0.29321741820509195,0.9989035087719298,0,0.7025606074766924,0.007596714068284557,0.0,0.1644580522150261,0.6634091082336124,0.15298283153845083,0.0,0.0010741138560687433,0.1418668200268401,0.829004569745956
,,493,21.658200170000004,31488,,656,,48.0,,63,,,,,,,,,,,,,,
0.003,-6.4376115798950195,494,21.6485373,31872,0.0036210548132658005,660,0.009999999776482582,48.0,3971,64,,,,,,,,,,,,,,
,,494,21.6485373,31872,,664,,48.0,,64,,,,,,,,,,,,,,
0.003,-6.346579551696777,493,21.66737557,32256,0.004193439148366451,668,0.009999999776482582,48.0,4019,65,0.7948285484453503,0.28720798398234404,1.0,0,0.6714793476178409,0.0,0.0,0.19024028453854913,0.6709819742281776,0.14095621857832788,0.0,0.0,0.1912388997695999,0.8042249477020739
,,493,21.66737557,32256,,672,,48.0,,65,,,,,,,,,,,,,,
0.003,-6.624616622924805,494,21.656857799999997,32640,0.013692215085029602,676,0.009999999776482582,48.0,4067,66,,,,,,,,,,,,,,
,,494,21.656857799999997,32640,,680,,48.0,,66,,,,,,,,,,,,,,
0.003,-6.483939170837402,493,21.684000419999997,33024,0.008747775107622147,684,0.009999999776482582,48.0,4115,66,0.8398826101257744,0.26657847212701175,1.0,0,0.6746857873902716,0.0,0.0,0.12170635413889162,0.6509137727498645,0.11700623695454443,0.0,0.0,0.12726120626615312,0.8530924622491105
,,493,21.684000419999997,33024,,688,,48.0,,66,,,,,,,,,,,,,,
0.003,-6.43443489074707,493,21.67130161,33408,0.006843741983175278,692,0.009999999776482582,48.0,4163,67,,,,,,,,,,,,,,
,,493,21.67130161,33408,,696,,48.0,,67,,,,,,,,,,,,,,
0.003,-6.791898727416992,492,21.648245770000003,33792,0.00601571798324585,700,0.009999999776482582,48.0,4211,68,0.8369321163472732,0.2911623953522665,0.9989035087719298,0,0.7553051706134744,0.007596714068284557,0.0,0.11437754288063118,0.6479256714817897,0.11546815516024375,0.0,0.0010741138560687433,0.12417396604680041,0.8610476302238551
,,492,21.648245770000003,33792,,704,,48.0,,68,,,,,,,,,,,,,,
0.003,-6.741796493530273,493,21.64770159,34176,0.007504643872380257,708,0.009999999776482582,48.0,4259,69,,,,,,,,,,,,,,
,,493,21.64770159,34176,,712,,48.0,,69,,,,,,,,,,,,,,
0.003,-6.546151161193848,492,21.656677769999998,34560,0.004217666108161211,716,0.009999999776482582,48.0,4307,70,0.826365002894245,0.2927320423038396,1.0,0,0.6777691806720915,0.0,0.0,0.1369089374790996,0.6588245304083234,0.15220754584930643,0.0,0.0,0.1272403591967756,0.8503975635269874
,,491,21.656677769999998,34560,,720,,48.0,,70,,,,,,,,,,,,,,
0.003,-6.656838417053223,493,21.6649365,34944,0.0037421195302158594,724,0.009999999776482582,48.0,4355,70,,,,,,,,,,,,,,
,,493,21.6649365,34944,,728,,48.0,,70,,,,,,,,,,,,,,
0.003,-7.009012699127197,492,21.664301610000003,35328,0.00422434089705348,732,0.009999999776482582,48.0,4403,71,0.8564167026007312,0.2556180367560496,0.9989035087719298,0,0.7383938640619498,0.007596714068284557,0.0,0.1049826004172245,0.6307159689952452,0.13852322651283766,0.0,0.0010741138560687433,0.11313017042377498,0.8464539876387235
,,492,21.664301610000003,35328,,736,,48.0,,71,,,,,,,,,,,,,,
0.003,-6.994624137878418,493,21.646177159999997,35712,0.0039986502379179,740,0.009999999776482582,48.0,4451,72,,,,,,,,,,,,,,
,,493,21.646177159999997,35712,,744,,48.0,,72,,,,,,,,,,,,,,
0.003,-6.871750831604004,492,21.62005764,36096,0.005724826827645302,748,0.009999999776482582,48.0,4499,73,0.8295148383250909,0.2811352626268367,1.0,0,0.738888110033902,0.0,0.0,0.14035522921731916,0.6381117355522478,0.13026133510771495,0.0,0.0,0.14222156048432857,0.8491732202611815
,,492,21.62005764,36096,,752,,48.0,,73,,,,,,,,,,,,,,
0.003,-6.948984146118164,493,21.626669469999996,36480,0.006264809053391218,756,0.009999999776482582,48.0,4547,73,,,,,,,,,,,,,,
,,493,21.626669469999996,36480,,760,,48.0,,73,,,,,,,,,,,,,,
0.003,-7.195712089538574,492,21.642600880000003,36864,0.0034074601717293262,764,0.009999999776482582,48.0,4595,74,0.8425627360191531,0.30759082725703296,1.0,0,0.6771375350461402,0.0,0.0,0.14579151221235662,0.6401414362684898,0.1677871702704968,0.0,0.0,0.13452992445180786,0.8517046374315309
,,492,21.642600880000003,36864,,768,,48.0,,74,,,,,,,,,,,,,,
0.003,-6.700611591339111,493,21.62407685,37248,0.009144206531345844,772,0.009999999776482582,48.0,4643,75,,,,,,,,,,,,,,
,,493,21.62407685,37248,,776,,48.0,,75,,,,,,,,,,,,,,
0.003,-7.39090633392334,492,21.61157383,37632,0.005881582386791706,780,0.009999999776482582,48.0,4691,76,0.8324513414337578,0.30097199188888996,0.9989035087719298,0,0.7687192464016609,0.007596714068284557,0.0,0.12010583145061215,0.6405070133316367,0.1078290564331204,0.0,0.0010741138560687433,0.11786375662623483,0.85227008358451
,,492,21.61157383,37632,,784,,48.0,,76,,,,,,,,,,,,,,
0.003,-7.2353081703186035,493,21.617987430000003,38016,0.0048423996195197105,788,0.009999999776482582,48.0,4739,77,,,,,,,,,,,,,,
,,493,21.617987430000003,38016,,792,,48.0,,77,,,,,,,,,,,,,,
0.003,-6.795681953430176,492,21.63933368,38400,0.005378996953368187,796,0.009999999776482582,48.0,4787,77,0.8532168071750126,0.2802856904486042,1.0,0,0.7014832012162604,0.0,0.0,0.1188401108093865,0.6482305248680524,0.13362117132275056,0.0,0.0,0.15293079855656333,0.825541982661867
,,492,21.63933368,38400,,800,,48.0,,78,,,,,,,,,,,,,,
0.003,-7.126453399658203,493,21.645147770000005,38784,0.005985382944345474,804,0.009999999776482582,48.0,4835,78,,,,,,,,,,,,,,
,,493,21.645147770000005,38784,,808,,48.0,,78,,,,,,,,,,,,,,
0.003,-7.400768280029297,494,21.653490019999996,39168,0.0031773443333804607,812,0.009999999776482582,48.0,4883,79,,,,,,,,,,,,,,
,,494,21.653490019999996,39168,,816,,48.0,,79,,,,,,,,,,,,,,
0.003,-7.464860916137695,493,21.65025004,39552,0.008049609139561653,820,0.009999999776482582,48.0,4931,80,0.8325865436226388,0.29463342266856274,1.0,0,0.6738939208299001,0.0,0.0,0.13959129528688374,0.6553916747144912,0.14667813722745213,0.0,0.0,0.1302170904541216,0.8450985439567341
,,493,21.65025004,39552,,824,,48.0,,80,,,,,,,,,,,,,,
0.003,-7.461798667907715,494,21.640614499999998,39936,0.005211557261645794,828,0.009999999776482582,48.0,4979,80,,,,,,,,,,,,,,
,,494,21.640614499999998,39936,,832,,48.0,,80,,,,,,,,,,,,,,
0.003,-7.471226215362549,493,21.632528620000002,40320,0.003852883353829384,836,0.009999999776482582,48.0,5027,81,0.8287698617656271,0.3120894702539739,1.0,0,0.7061652008023268,0.0,0.0,0.1471538084791831,0.6888733815339121,0.11113936489103222,0.0,0.0,0.14441913016097174,0.8190348529683491
,,493,21.632528620000002,40320,,840,,48.0,,81,,,,,,,,,,,,,,
0.003,-7.661108016967773,494,21.639692399999998,40704,0.005690719932317734,844,0.009999999776482582,48.0,5075,82,,,,,,,,,,,,,,
,,494,21.639692399999998,40704,,848,,48.0,,82,,,,,,,,,,,,,,
0.003,-7.5868048667907715,493,21.64445653,41088,0.0073533933609724045,852,0.009999999776482582,48.0,5123,83,0.8277146764816937,0.2715252530730655,1.0,0,0.7082810154638199,0.0,0.0,0.12544735558539463,0.654217605561056,0.1138104705677589,0.0,0.0,0.13927677400079938,0.8482332568377056
,,493,21.64445653,41088,,856,,48.0,,83,,,,,,,,,,,,,,
0.003,-7.992947578430176,494,21.64694802,41472,0.005963839590549469,860,0.009999999776482582,48.0,5171,83,,,,,,,,,,,,,,
,,494,21.64694802,41472,,864,,48.0,,83,,,,,,,,,,,,,,
0.003,-7.437924385070801,493,21.640605839999992,41856,0.002759816125035286,868,0.009999999776482582,48.0,5219,84,0.8406097162395975,0.2750133263203437,1.0,0,0.7146527477328345,0.0,0.0,0.10461710597463106,0.6703420247870332,0.1194521294800121,0.0,0.0,0.11864955659990103,0.8627751455612735
,,493,21.640605839999992,41856,,872,,48.0,,84,,,,,,,,,,,,,,
0.003,-7.4768385887146,494,21.62337241,42240,0.003562828293070197,876,0.009999999776482582,48.0,5267,85,,,,,,,,,,,,,,
,,494,21.62337241,42240,,880,,48.0,,85,,,,,,,,,,,,,,
0.003,-7.273857116699219,493,21.61649323,42624,0.005836684722453356,884,0.009999999776482582,48.0,5315,86,0.8147967485401962,0.28498379750129404,0.9978070175438596,0,0.7387912457958247,0.010628470343339951,0.0,0.12514493283099323,0.6414955042870597,0.13812202519943897,0.0,0.0021482277121374865,0.1409185048908402,0.8370322972525547
,,493,21.61649323,42624,,888,,48.0,,86,,,,,,,,,,,,,,
0.003,-7.517221927642822,494,21.624542230000007,43008,0.0051252515986561775,892,0.009999999776482582,48.0,5363,87,,,,,,,,,,,,,,
,,494,21.624542230000007,43008,,896,,48.0,,87,,,,,,,,,,,,,,
0.003,-7.86791467666626,493,21.62712615,43392,0.005958148278295994,900,0.009999999776482582,48.0,5411,87,0.8188626319431179,0.29673895949280643,0.9989035087719298,0,0.746305627082874,0.007596714068284557,0.0,0.13401614312770596,0.6302510009693653,0.1291330542737535,0.0,0.0010741138560687433,0.12046024849616734,0.8584888368834446
,,493,21.62712615,43392,,904,,48.0,,87,,,,,,,,,,,,,,
0.003,-7.829892158508301,494,21.62444544,43776,0.003909417428076267,908,0.009999999776482582,48.0,5459,88,,,,,,,,,,,,,,
,,494,21.62444544,43776,,912,,48.0,,88,,,,,,,,,,,,,,
0.003,-7.741010665893555,493,21.618618279999996,44160,0.005169515497982502,916,0.009999999776482582,48.0,5507,89,0.7979349904783785,0.2752576954830313,1.0,0,0.695374456804208,0.0,0.0,0.1794796957759261,0.596088507128899,0.1595049561508999,0.0,0.0,0.1420466545089405,0.8646693148772735
,,493,21.618618279999996,44160,,920,,48.0,,89,,,,,,,,,,,,,,
0.003,-7.857983589172363,494,21.629995010000002,44544,0.00559598533436656,924,0.009999999776482582,48.0,5555,90,,,,,,,,,,,,,,
,,494,21.629995010000002,44544,,928,,48.0,,90,,,,,,,,,,,,,,
0.003,-8.191229820251465,493,21.617457099999996,44928,0.0071741677820682526,932,0.009999999776482582,48.0,5603,91,0.7843104926560257,0.259686520201843,1.0,0,0.7561564928070094,0.0,0.0,0.14786315805106198,0.6464762481991447,0.14420539271515717,0.0,0.0,0.1599151513202641,0.8277643783349571
,,493,21.617457099999996,44928,,936,,48.0,,91,,,,,,,,,,,,,,
0.003,-7.849623203277588,494,21.61116614,45312,0.015500613488256931,940,0.009999999776482582,48.0,5651,91,,,,,,,,,,,,,,
,,494,21.61116614,45312,,944,,48.0,,91,,,,,,,,,,,,,,
0.003,-7.941300868988037,493,21.615812299999998,45696,0.004689220804721117,948,0.009999999776482582,48.0,5699,92,0.8329554264295724,0.2689769962392448,1.0,0,0.7799756127616051,0.0,0.0,0.11267373088692793,0.6389541713614201,0.08314766965182722,0.0,0.0,0.12329309892138929,0.8561681495018558
,,493,21.615812299999998,45696,,952,,48.0,,92,,,,,,,,,,,,,,
0.003,-8.066427230834961,494,21.604156699999997,46080,0.004972376860678196,956,0.009999999776482582,48.0,5747,93,,,,,,,,,,,,,,
,,494,21.604156699999997,46080,,960,,48.0,,93,,,,,,,,,,,,,,
0.003,-8.002098083496094,493,21.593701919999994,46464,0.004120269324630499,964,0.009999999776482582,48.0,5795,94,0.8096715245581053,0.2955804178196913,1.0,0,0.7491782832774051,0.0,0.0,0.17355924673908377,0.6334040946447953,0.13598152879807093,0.0,0.0,0.16164489273401075,0.8289502766048829
,,493,21.593701919999994,46464,,968,,48.0,,94,,,,,,,,,,,,,,
0.003,-8.30606746673584,494,21.58267183,46848,0.004884750582277775,972,0.009999999776482582,48.0,5843,94,,,,,,,,,,,,,,
,,494,21.58267183,46848,,976,,48.0,,94,,,,,,,,,,,,,,
0.003,-7.893892288208008,493,21.591225979999994,47232,0.005962746683508158,980,0.009999999776482582,48.0,5891,95,0.8175298982389986,0.26047154047795085,1.0,0,0.7448593848477292,0.0,0.0,0.1268190565649038,0.6312365474665221,0.13334808412720814,0.0,0.0,0.13264628288958674,0.8605012186317219
,,493,21.591225979999994,47232,,984,,48.0,,95,,,,,,,,,,,,,,
0.003,-7.932399272918701,494,21.577099089999997,47616,0.00580330565571785,988,0.009999999776482582,48.0,5939,96,,,,,,,,,,,,,,
,,494,21.577099089999997,47616,,992,,48.0,,96,,,,,,,,,,,,,,
0.003,-8.353320121765137,493,21.5595263,48000,0.0029317536391317844,996,0.009999999776482582,48.0,5987,97,0.8396737907266997,0.28309589488007914,1.0,0,0.6730554251909943,0.0,0.0,0.1297793382298519,0.6439058909075617,0.13706832493795845,0.0,0.0,0.13709254198956836,0.8620045310978178
,,493,21.5595263,48000,,1000,,48.0,,97,,,,,,,,,,,,,,
0.003,-8.351142883300781,494,21.56806941,48384,0.00435761408880353,1004,0.009999999776482582,48.0,6035,97,,,,,,,,,,,,,,
,,494,21.56806941,48384,,1008,,48.0,,97,,,,,,,,,,,,,,
0.003,-8.616708755493164,494,21.572393690000002,48768,0.0029377765022218227,1012,0.009999999776482582,48.0,6083,98,,,,,,,,,,,,,,
,,494,21.572393690000002,48768,,1016,,48.0,,98,,,,,,,,,,,,,,
0.003,-7.9511590003967285,494,21.558613049999998,49152,0.009239989332854748,1020,0.009999999776482582,48.0,6131,99,0.8567736225121743,0.271807057547085,1.0,0,0.69635934874921,0.0,0.0,0.125972307201024,0.6196975807704227,0.10611226301196824,0.0,0.0,0.13136122922301496,0.864612734864115
,,494,21.558613049999998,49152,,1024,,48.0,,99,,,,,,,,,,,,,,
0.003,-8.4609375,494,21.572434670000003,49536,0.007032780908048153,1028,0.009999999776482582,48.0,6179,100,,,,,,,,,,,,,,
,,494,21.572434670000003,49536,,1032,,48.0,,100,,,,,,,,,,,,,,
0.003,-8.148548126220703,494,21.577958919999997,49920,0.003267609514296055,1036,0.009999999776482582,48.0,6227,101,0.8534675073519912,0.271974526998255,0.9945175438596491,0,0.7000675501527306,0.03798357034142275,0.0,0.11965872176299923,0.6195231885709092,0.10284242277825967,0.0,0.0,0.13542982115300725,0.8708909079117841
,,494,21.577958919999997,49920,,1040,,48.0,,101,,,,,,,,,,,,,,
0.003,-8.415456771850586,494,21.574926989999998,50304,0.004210033919662237,1044,0.009999999776482582,48.0,6275,101,,,,,,,,,,,,,,
,,494,21.574926989999998,50304,,1048,,48.0,,101,,,,,,,,,,,,,,
0.003,-8.465627670288086,494,21.580768909999996,50688,0.004271827172487974,1052,0.009999999776482582,48.0,6323,102,0.8583016702976413,0.2990510543524412,1.0,0,0.7049840052172316,0.0,0.0,0.11854777736353947,0.6411747840990387,0.09725555909049302,0.0,0.0,0.11788938001308305,0.8655202909989423
,,494,21.580768909999996,50688,,1056,,48.0,,102,,,,,,,,,,,,,,
0.003,-8.11146068572998,495,21.58092401,51072,0.005385846830904484,1060,0.009999999776482582,48.0,6371,103,,,,,,,,,,,,,,
,,494,21.58092401,51072,,1064,,48.0,,103,,,,,,,,,,,,,,
0.003,-8.643878936767578,494,21.57643184,51456,0.007835233584046364,1068,0.009999999776482582,48.0,6419,104,0.8773398220192064,0.2763140969364092,1.0,0,0.7128291843760457,0.0,0.0,0.09991110886515471,0.6240267077072598,0.1428125485452622,0.0,0.0,0.11730199324846712,0.8599406612760357
,,494,21.57643184,51456,,1072,,48.0,,104,,,,,,,,,,,,,,
0.003,-8.410347938537598,495,21.573261650000003,51840,0.004468653816729784,1076,0.009999999776482582,48.0,6467,104,,,,,,,,,,,,,,
,,495,21.573261650000003,51840,,1080,,48.0,,104,,,,,,,,,,,,,,
0.003,-8.012142181396484,494,21.58486589,52224,0.0048708016984164715,1084,0.009999999776482582,48.0,6515,105,0.8303628129271479,0.30113279357469336,1.0,0,0.6672439948291882,0.0,0.0,0.15169531666372824,0.6512991642048368,0.1472293270021937,0.0,0.0,0.1336823998236187,0.8470555761020202
,,494,21.58486589,52224,,1088,,48.0,,105,,,,,,,,,,,,,,
0.003,-8.509488105773926,495,21.590566349999996,52608,0.007003664970397949,1092,0.009999999776482582,48.0,6563,106,,,,,,,,,,,,,,
,,495,21.590566349999996,52608,,1096,,48.0,,106,,,,,,,,,,,,,,
0.003,-8.876015663146973,494,21.598968250000002,52992,0.009423241950571537,1100,0.009999999776482582,48.0,6611,107,0.8407022646148244,0.27916520764618247,1.0,0,0.6992344706297607,0.0,0.0,0.1368511236956983,0.6688720860545225,0.11075987679385324,0.0,0.0,0.14175367265075436,0.8363781381007768
,,494,21.598968250000002,52992,,1104,,48.0,,107,,,,,,,,,,,,,,
0.003,-8.514567375183105,495,21.60083362,53376,0.004625801928341389,1108,0.009999999776482582,48.0,6659,107,,,,,,,,,,,,,,
,,494,21.60083362,53376,,1112,,48.0,,107,,,,,,,,,,,,,,
0.003,-8.501678466796875,494,21.590577310000004,53760,0.007615573704242706,1116,0.009999999776482582,48.0,6707,108,0.8280655276671615,0.27878252188421226,1.0,0,0.7322986651095279,0.0,0.0,0.1432755005604544,0.6189479383910368,0.1071573847467468,0.0,0.0,0.14712320522186112,0.8415668483280813
,,494,21.590577310000004,53760,,1120,,48.0,,108,,,,,,,,,,,,,,
0.003,-8.467663764953613,494,21.59010971,54144,0.005251341499388218,1124,0.009999999776482582,48.0,6755,109,,,,,,,,,,,,,,
,,494,21.59010971,54144,,1128,,48.0,,109,,,,,,,,,,,,,,
0.003,-8.815168380737305,494,21.587452570000004,54528,0.0031146667897701263,1132,0.009999999776482582,48.0,6803,110,0.8250867776377727,0.28708695617088825,1.0,0,0.6977230069243865,0.0,0.0,0.13194864371622617,0.6591019130848611,0.14669071725238575,0.0,0.0,0.13783316348965258,0.8433747818873044
,,494,21.587452570000004,54528,,1136,,48.0,,110,,,,,,,,,,,,,,
0.003,-8.528850555419922,494,21.59799623,54912,0.0057837823405861855,1140,0.009999999776482582,48.0,6851,110,,,,,,,,,,,,,,
,,494,21.59799623,54912,,1144,,48.0,,110,,,,,,,,,,,,,,
0.003,-8.451643943786621,494,21.59684609,55296,0.008362910710275173,1148,0.009999999776482582,48.0,6899,111,0.8414529200372298,0.3112791363991765,1.0,0,0.6423117021780312,0.0,0.0,0.14381112088900447,0.6593618287266795,0.15995954969598283,0.0,0.0,0.125641425412338,0.8559485538262901
,,494,21.59684609,55296,,1152,,48.0,,111,,,,,,,,,,,,,,
0.003,-8.593356132507324,494,21.59148762,55680,0.0050613535568118095,1156,0.009999999776482582,48.0,6947,112,,,,,,,,,,,,,,
,,494,21.59148762,55680,,1160,,48.0,,112,,,,,,,,,,,,,,
0.003,-9.031888008117676,494,21.5964887,56064,0.00778230931609869,1164,0.009999999776482582,48.0,6995,113,0.8476917734820882,0.30539925556230774,0.9956140350877193,0,0.5777176687567289,0.030386856273138196,0.0,0.12570504268495852,0.6324593969424578,0.16095614250070575,0.004296455424274973,0.0,0.11748853603474294,0.8632267590069448
,,494,21.5964887,56064,,1168,,48.0,,113,,,,,,,,,,,,,,
0.003,-8.679292678833008,494,21.63094484,56448,0.00972646102309227,1172,0.009999999776482582,48.0,7043,114,,,,,,,,,,,,,,
,,494,21.63094484,56448,,1176,,48.0,,114,,,,,,,,,,,,,,
0.003,-8.548723220825195,494,21.61937335,56832,0.006069761235266924,1180,0.009999999776482582,48.0,7091,114,0.8267911700222824,0.31269276721697514,0.9956140350877193,0,0.6744290586292214,0.030386856273138196,0.0,0.1647984123875727,0.6044579354068013,0.13234753195906077,0.004296455424274973,0.0,0.1492758673593294,0.848119829198698
,,494,21.61937335,56832,,1184,,48.0,,115,,,,,,,,,,,,,,
0.003,-8.466480255126953,494,21.615964179999995,57216,0.005233584903180599,1188,0.009999999776482582,48.0,7139,115,,,,,,,,,,,,,,
,,494,21.615964179999995,57216,,1192,,48.0,,115,,,,,,,,,,,,,,
0.003,-8.674423217773438,494,21.6191208,57600,0.0063315825536847115,1196,0.009999999776482582,48.0,7187,116,0.8379050970946906,0.280250558503571,1.0,0,0.7348639809010667,0.0,0.0,0.1281834204934877,0.6359008026317021,0.11125343296107787,0.0,0.0,0.10855221830693312,0.8639194416137782
,,494,21.6191208,57600,,1200,,48.0,,116,,,,,,,,,,,,,,
0.003,-8.39589786529541,494,21.622095610000002,57984,0.006124517880380154,1204,0.009999999776482582,48.0,7235,117,,,,,,,,,,,,,,
,,494,21.622095610000002,57984,,1208,,48.0,,117,,,,,,,,,,,,,,
0.003,-9.002204895019531,495,21.626194780000002,58368,0.003058557165786624,1212,0.009999999776482582,48.0,7283,117,,,,,,,,,,,,,,
,,495,21.626194780000002,58368,,1216,,48.0,,117,,,,,,,,,,,,,,
0.003,-8.927313804626465,494,21.634243980000004,58752,0.01730487309396267,1220,0.009999999776482582,48.0,7331,118,0.8257953229868549,0.28130702039420186,1.0,0,0.6512873326900741,0.0,0.0,0.14347275334408913,0.6595480185906021,0.17986253605455158,0.0,0.0,0.14154256902948192,0.8415386979058488
,,494,21.634243980000004,58752,,1224,,48.0,,118,,,,,,,,,,,,,,
0.003,-9.144253730773926,495,21.64680735,59136,0.004986268933862448,1228,0.009999999776482582,48.0,7379,119,,,,,,,,,,,,,,
,,495,21.64680735,59136,,1232,,48.0,,119,,,,,,,,,,,,,,
0.003,-8.93503475189209,494,21.652365459999995,59520,0.003292202018201351,1236,0.009999999776482582,48.0,7427,120,0.8226548035187031,0.28553529056130383,0.9989035087719298,0,0.7502497327226236,0.007596714068284557,0.0,0.1345545627207127,0.6421992442760085,0.12024700095905483,0.0010741138560687433,0.0,0.1089632108584949,0.8593186515315863
,,494,21.652365459999995,59520,,1240,,48.0,,120,,,,,,,,,,,,,,
0.003,-9.155125617980957,495,21.637384899999994,59904,0.006105555221438408,1244,0.009999999776482582,48.0,7475,120,,,,,,,,,,,,,,
,,495,21.637384899999994,59904,,1248,,48.0,,120,,,,,,,,,,,,,,
0.003,-9.302160263061523,494,21.650356590000005,60288,0.008017043583095074,1252,0.009999999776482582,48.0,7523,121,0.8373365721793458,0.3193984343637394,0.9978070175438596,0,0.7564598755832308,0.010628470343339951,0.0,0.13091596735917005,0.6518025272992038,0.13979041423785288,0.0,0.0021482277121374865,0.13065510192040214,0.8304801338170663
,,494,21.650356590000005,60288,,1256,,48.0,,121,,,,,,,,,,,,,,
0.003,-8.784624099731445,495,21.643899190000003,60672,0.003537762211635709,1260,0.009999999776482582,48.0,7571,122,,,,,,,,,,,,,,
,,495,21.643899190000003,60672,,1264,,48.0,,122,,,,,,,,,,,,,,
0.003,-9.065793991088867,494,21.646522559999998,61056,0.004419144708663225,1268,0.009999999776482582,48.0,7619,123,0.8312477478828616,0.32026324223585595,0.9978070175438596,0,0.6672146754260653,0.015193428136569096,0.0,0.16038362111749,0.6458279377086236,0.16963769620222618,0.0021482277121374865,0.0,0.14260538595643107,0.8378537988773821
,,494,21.646522559999998,61056,,1272,,48.0,,123,,,,,,,,,,,,,,
0.003,-8.649099349975586,495,21.65712786,61440,0.004419528879225254,1276,0.009999999776482582,48.0,7667,123,,,,,,,,,,,,,,
,,495,21.65712786,61440,,1280,,48.0,,123,,,,,,,,,,,,,,
0.003,-8.917187690734863,495,21.660728409999997,61824,0.005603298544883728,1284,0.009999999776482582,48.0,7715,124,0.8407231755055594,0.28905524952947953,0.9956140350877193,0,0.6651549262315114,0.030386856273138196,0.0,0.1449663686178991,0.6216771013917816,0.13122623050295007,0.004296455424274973,0.0,0.1254024490169205,0.8653180500063768
,,495,21.660728409999997,61824,,1288,,48.0,,124,,,,,,,,,,,,,,
0.003,-8.864078521728516,495,21.662932219999995,62208,0.0036616127472370863,1292,0.009999999776482582,48.0,7763,125,,,,,,,,,,,,,,
,,495,21.662932219999995,62208,,1296,,48.0,,125,,,,,,,,,,,,,,
0.003,-9.2418851852417,495,21.648346440000005,62592,0.0040735481306910515,1300,0.009999999776482582,48.0,7811,126,0.8092021994097759,0.300177425149353,1.0,0,0.7179886737303545,0.0,0.0,0.17574463706427698,0.6835477755489365,0.12088291725479366,0.0,0.0,0.15947792761083437,0.8027265003130551
,,495,21.648346440000005,62592,,1304,,48.0,,126,,,,,,,,,,,,,,
0.003,-8.873169898986816,495,21.625779230000003,62976,0.00556121114641428,1308,0.009999999776482582,48.0,7859,127,,,,,,,,,,,,,,
,,495,21.625779230000003,62976,,1312,,48.0,,127,,,,,,,,,,,,,,
0.003,-9.16303825378418,495,21.63004074,63360,0.007995964959263802,1316,0.009999999776482582,48.0,7907,127,0.8497628110665099,0.2962509272313734,0.9890350877192983,0,0.6540749877954704,0.053142351716699704,0.0,0.1295067500796194,0.6502969420677142,0.1731837669600402,0.0053705692803437165,0.0,0.1272067971722442,0.8462232556259552
,,494,21.63004074,63360,,1320,,48.0,,128,,,,,,,,,,,,,,
0.003,-8.858858108520508,495,21.63121679,63744,0.006211414001882076,1324,0.009999999776482582,48.0,7955,128,,,,,,,,,,,,,,
,,495,21.63121679,63744,,1328,,48.0,,128,,,,,,,,,,,,,,
0.003,-9.038071632385254,495,21.611775930000004,64128,0.005969751626253128,1332,0.009999999776482582,48.0,8003,129,0.831833239442805,0.3054328143189163,0.9945175438596491,0,0.6304325378326208,0.03798357034142275,0.0,0.15651493937916877,0.6544993817365968,0.1497420868891256,0.0053705692803437165,0.0,0.13662511136799652,0.843135995340753
,,494,21.611775930000004,64128,,1336,,48.0,,129,,,,,,,,,,,,,,
0.003,-9.139446258544922,495,21.605956360000004,64512,0.004493070300668478,1340,0.009999999776482582,48.0,8051,130,,,,,,,,,,,,,,
,,495,21.605956360000004,64512,,1344,,48.0,,130,,,,,,,,,,,,,,
0.003,-8.749412536621094,495,21.594369199999996,64896,0.0105504235252738,1348,0.009999999776482582,48.0,8099,131,0.8332749474674722,0.25230834939027885,0.9978070175438596,0,0.8108743492093092,0.015193428136569096,0.0,0.15129824555545393,0.6204717583105136,0.08757207686890321,0.0021482277121374865,0.0,0.15007735397144112,0.7994081716745891
,,494,21.594369199999996,64896,,1352,,48.0,,131,,,,,,,,,,,,,,
0.003,-8.935433387756348,495,21.59074361,65280,0.006987791042774916,1356,0.009999999776482582,48.0,8147,131,,,,,,,,,,,,,,
,,495,21.59074361,65280,,1360,,48.0,,131,,,,,,,,,,,,,,
0.003,-9.267285346984863,495,21.555906769999996,65664,0.0033974749967455864,1364,0.009999999776482582,48.0,8195,132,0.8237034207357086,0.30733390536713007,0.9978070175438596,0,0.7195571188679234,0.015193428136569096,0.0,0.16207555347701627,0.668238932647324,0.12493052732482927,0.0021482277121374865,0.0,0.12725926219016992,0.8365942359568312
,,494,21.555906769999996,65664,,1368,,48.0,,132,,,,,,,,,,,,,,
0.003,-9.258041381835938,495,21.544698819999997,66048,0.0035893297754228115,1372,0.009999999776482582,48.0,8243,133,,,,,,,,,,,,,,
,,495,21.544698819999997,66048,,1376,,48.0,,133,,,,,,,,,,,,,,
0.003,-8.377537727355957,495,21.534557649999996,66432,0.0040725949220359325,1380,0.009999999776482582,48.0,8291,134,0.8551761073378534,0.30494237858581696,0.9956140350877193,0,0.6642870807789497,0.030386856273138196,0.0,0.13302505364153613,0.635677133107497,0.169033568950173,0.004296455424274973,0.0,0.11313178907875583,0.8611474144813157
,,495,21.534557649999996,66432,,1384,,48.0,,134,,,,,,,,,,,,,,
0.003,-9.43281364440918,495,21.54118439,66816,0.003840203396975994,1388,0.009999999776482582,48.0,8339,134,,,,,,,,,,,,,,
,,495,21.54118439,66816,,1392,,48.0,,134,,,,,,,,,,,,,,
0.003,-9.464832305908203,494,21.54612618,67200,0.00534540880471468,1396,0.009999999776482582,48.0,8387,135,0.849903127698839,0.2869711983695048,0.9956140350877193,0,0.6819187374402753,0.030386856273138196,0.0,0.13215286760091505,0.6424769997650065,0.14175151177825177,0.004296455424274973,0.0,0.11587441822952327,0.8538892984987929
,,494,21.54612618,67200,,1400,,48.0,,135,,,,,,,,,,,,,,
0.003,-9.06810474395752,495,21.551551729999996,67584,0.006026170682162046,1404,0.009999999776482582,48.0,8435,136,,,,,,,,,,,,,,
,,495,21.551551729999996,67584,,1408,,48.0,,136,,,,,,,,,,,,,,
0.003,-9.284158706665039,496,21.55300238,67968,0.0068211862817406654,1412,0.009999999776482582,48.0,8483,136,,,,,,,,,,,,,,
,,496,21.55300238,67968,,1416,,48.0,,136,,,,,,,,,,,,,,
0.003,-8.572639465332031,495,21.5396663,68352,0.004080252721905708,1420,0.009999999776482582,48.0,8531,137,0.8307096681685731,0.28647173524598546,1.0,0,0.7437938806617217,0.0,0.0,0.1366609036573359,0.662889114441079,0.11840446108111005,0.0,0.0,0.1551364776100124,0.8115344921534566
,,495,21.5396663,68352,,1424,,48.0,,137,,,,,,,,,,,,,,
0.003,-9.569623947143555,496,21.521180559999998,68736,0.0074552204459905624,1428,0.009999999776482582,48.0,8579,138,,,,,,,,,,,,,,
,,496,21.521180559999998,68736,,1432,,48.0,,138,,,,,,,,,,,,,,
0.003,-9.162446975708008,495,21.525317180000002,69120,0.005547940731048584,1436,0.009999999776482582,48.0,8627,139,0.8308922761210024,0.32096105482735116,0.9978070175438596,0,0.7897070417254026,0.010628470343339951,0.0,0.1423797828708065,0.6357358609496692,0.11008197017693346,0.0,0.0021482277121374865,0.13226389419703735,0.8280064899691921
,,495,21.525317180000002,69120,,1440,,48.0,,139,,,,,,,,,,,,,,
0.003,-9.290687561035156,496,21.52574775,69504,0.0033640358597040176,1444,0.009999999776482582,48.0,8675,140,,,,,,,,,,,,,,
,,496,21.52574775,69504,,1448,,48.0,,140,,,,,,,,,,,,,,
0.003,-9.335366249084473,495,21.529609479999998,69888,0.006517562549561262,1452,0.009999999776482582,48.0,8723,141,0.837831230518126,0.29262750841237345,0.9956140350877193,0,0.74392140601564,0.030386856273138196,0.0,0.139118925267399,0.6526289231599757,0.14251125633523323,0.004296455424274973,0.0,0.14350820398584155,0.8200232761844488
,,495,21.529609479999998,69888,,1456,,48.0,,141,,,,,,,,,,,,,,
0.003,-9.281352996826172,496,21.52525318,70272,0.004369304981082678,1460,0.009999999776482582,48.0,8771,141,,,,,,,,,,,,,,
,,496,21.52525318,70272,,1464,,48.0,,141,,,,,,,,,,,,,,
0.003,-9.160896301269531,495,21.518523310000006,70656,0.003117831889539957,1468,0.009999999776482582,48.0,8819,142,0.853928025001739,0.3140390762856279,1.0,0,0.6906472251994956,0.0,0.0,0.12713351771488185,0.6618386801730971,0.11080178347246851,0.0,0.0,0.11759313535796523,0.8523750583117513
,,495,21.518523310000006,70656,,1472,,48.0,,142,,,,,,,,,,,,,,
0.003,-9.369861602783203,495,21.528315699999997,71040,0.006605344824492931,1476,0.009999999776482582,48.0,8867,143,,,,,,,,,,,,,,
,,495,21.528315699999997,71040,,1480,,48.0,,143,,,,,,,,,,,,,,
0.003,-9.513359069824219,495,21.521155889999996,71424,0.007483021356165409,1484,0.009999999776482582,48.0,8915,144,0.8368240281896582,0.31592008464419696,1.0,0,0.6446255027903057,0.0,0.0,0.15467924034861796,0.6619515731065378,0.15863659251190582,0.0,0.0,0.14960725264552774,0.8209814159835279
,,495,21.521155889999996,71424,,1488,,48.0,,144,,,,,,,,,,,,,,
0.003,-9.187761306762695,495,21.527323170000003,71808,0.006201460957527161,1492,0.009999999776482582,48.0,8963,144,,,,,,,,,,,,,,
,,495,21.527323170000003,71808,,1496,,48.0,,144,,,,,,,,,,,,,,
0.003,-9.52094841003418,495,21.511164410000003,72192,0.004120643250644207,1500,0.009999999776482582,48.0,9011,145,0.8322937844620326,0.30315728867663383,1.0,0,0.7071061093851698,0.0,0.0,0.15849439173093405,0.6584174032496738,0.13344184498414743,0.0,0.0,0.14328569949716666,0.8267877623124189
,,495,21.511164410000003,72192,,1504,,48.0,,145,,,,,,,,,,,,,,
0.003,-8.992354393005371,495,21.509492110000007,72576,0.004044748842716217,1508,0.009999999776482582,48.0,9059,146,,,,,,,,,,,,,,
,,495,21.509492110000007,72576,,1512,,48.0,,146,,,,,,,,,,,,,,
0.003,-9.497589111328125,495,21.498276080000004,72960,0.006518766283988953,1516,0.009999999776482582,48.0,9107,147,0.8596505319238575,0.30738536758021284,1.0,0,0.6448606960282721,0.0,0.0,0.12213681765679323,0.6528321037616013,0.16038163613701234,0.0,0.0,0.12702600822054255,0.8415916426438865
,,495,21.498276080000004,72960,,1520,,48.0,,147,,,,,,,,,,,,,,
0.003,-9.217516899108887,495,21.488289050000002,73344,0.01019192487001419,1524,0.009999999776482582,48.0,9155,147,,,,,,,,,,,,,,
,,495,21.488289050000002,73344,,1528,,48.0,,147,,,,,,,,,,,,,,
0.003,-9.470335006713867,494,21.51030261,73728,0.006200088653713465,1532,0.009999999776482582,48.0,9203,148,0.8567661512524148,0.2900194477763652,1.0,0,0.6959944734423216,0.0,0.0,0.1324582888832964,0.6357165703212267,0.1540720045777209,0.0,0.0,0.14008810401947114,0.8262175088623755
,,494,21.51030261,73728,,1536,,48.0,,148,,,,,,,,,,,,,,
0.003,-9.25936508178711,495,21.50906916,74112,0.004720947239547968,1540,0.009999999776482582,48.0,9251,149,,,,,,,,,,,,,,
,,495,21.50906916,74112,,1544,,48.0,,149,,,,,,,,,,,,,,
0.003,-9.528926849365234,494,21.486190560000004,74496,0.005520983599126339,1548,0.009999999776482582,48.0,9299,150,0.8513422264997706,0.29634045907435713,1.0,0,0.7110308495974741,0.0,0.0,0.13483387803793964,0.6227947242549351,0.12045845266140973,0.0,0.0,0.13155080687307955,0.8423714794055948
,,494,21.486190560000004,74496,,1552,,48.0,,150,,,,,,,,,,,,,,
0.003,-9.041597366333008,495,21.488777610000003,74880,0.005461407825350761,1556,0.009999999776482582,48.0,9347,151,,,,,,,,,,,,,,
,,495,21.488777610000003,74880,,1560,,48.0,,151,,,,,,,,,,,,,,
0.003,-9.38357162475586,494,21.492034479999997,75264,0.008648877032101154,1564,0.009999999776482582,48.0,9395,152,0.8628653187793995,0.29980716124140044,1.0,0,0.7291137407892292,0.0,0.0,0.12883140455040218,0.6226822619161242,0.12090886095276203,0.0,0.0,0.1387628741592736,0.8370709332265823
,,494,21.492034479999997,75264,,1568,,48.0,,152,,,,,,,,,,,,,,
0.003,-9.423133850097656,495,21.52755558,75648,0.00664950255304575,1572,0.009999999776482582,48.0,9443,152,,,,,,,,,,,,,,
,,495,21.52755558,75648,,1576,,48.0,,152,,,,,,,,,,,,,,
0.003,-9.081165313720703,494,21.52530798,76032,0.003310792613774538,1580,0.009999999776482582,48.0,9491,153,0.8363412062385511,0.31289955552483034,1.0,0,0.6838862940628389,0.0,0.0,0.15154894345920486,0.6559739922548679,0.14235013029189864,0.0,0.0,0.14340741040100166,0.832350251442478
,,494,21.52530798,76032,,1584,,48.0,,153,,,,,,,,,,,,,,
0.003,-9.642803192138672,495,21.521133059999997,76416,0.002372941467911005,1588,0.009999999776482582,48.0,9539,154,,,,,,,,,,,,,,
,,495,21.521133059999997,76416,,1592,,48.0,,154,,,,,,,,,,,,,,
0.003,-9.37328052520752,494,21.508044130000002,76800,0.006097116507589817,1596,0.009999999776482582,48.0,9587,155,0.86784173185907,0.32808012001373554,1.0,0,0.6136928360944579,0.0,0.0,0.1103633845782359,0.6512016007209004,0.17173273121591798,0.0,0.0,0.12626498170298373,0.8506800785954308
,,494,21.508044130000002,76800,,1600,,48.0,,155,,,,,,,,,,,,,,
0.003,-9.343935012817383,495,21.528628160000004,77184,0.009418760426342487,1604,0.009999999776482582,48.0,9635,155,,,,,,,,,,,,,,
,,495,21.528628160000004,77184,,1608,,48.0,,155,,,,,,,,,,,,,,
0.003,-9.578853607177734,495,21.539438880000002,77568,0.008030335418879986,1612,0.009999999776482582,48.0,9683,156,,,,,,,,,,,,,,
,,495,21.539438880000002,77568,,1616,,48.0,,156,,,,,,,,,,,,,,
0.003,-9.18707275390625,495,21.544252079999993,77952,0.00430870009586215,1620,0.009999999776482582,48.0,9731,157,0.8335657025739505,0.3204012235234372,0.9901315789473685,0,0.6837410138233054,0.06837042661456096,0.0,0.1315194687965914,0.6762161929703918,0.13904262788536007,0.0,0.0,0.14123128313347177,0.8304596152222077
,,495,21.544252079999993,77952,,1624,,48.0,,157,,,,,,,,,,,,,,
0.003,-8.86627197265625,495,21.539844879999997,78336,0.0032891060691326857,1628,0.009999999776482582,48.0,9779,158,,,,,,,,,,,,,,
,,495,21.539844879999997,78336,,1632,,48.0,,158,,,,,,,,,,,,,,
0.003,-9.442768096923828,495,21.557489320000006,78720,0.004127463325858116,1636,0.009999999776482582,48.0,9827,159,0.8431035630209972,0.29183444438938516,0.9967105263157894,0,0.744446903675985,0.016841580338964206,0.0,0.13829039182326755,0.6298788447715379,0.11971895693675001,0.0,0.0010741138560687433,0.13499960235972558,0.8222579418994134
,,495,21.557489320000006,78720,,1640,,48.0,,159,,,,,,,,,,,,,,
0.003,-9.120238304138184,495,21.562455949999993,79104,0.004850542172789574,1644,0.009999999776482582,48.0,9875,159,,,,,,,,,,,,,,
,,495,21.562455949999993,79104,,1648,,48.0,,159,,,,,,,,,,,,,,
0.003,-9.336816787719727,494,21.574369180000005,79488,0.006060166284441948,1652,0.009999999776482582,48.0,9923,160,0.8540547493422168,0.2775501387447362,0.9978070175438596,0,0.7644967469289066,0.01062847034333995,0.0,0.12027733198846985,0.5946003965480949,0.15520230298683188,0.0,0.0021482277121374865,0.13549413120195972,0.8118424158304729
,,494,21.574369180000005,79488,,1656,,48.0,,160,,,,,,,,,,,,,,
0.003,-9.817824363708496,495,21.586291459999998,79872,0.005416659638285637,1660,0.009999999776482582,48.0,9971,161,,,,,,,,,,,,,,
,,495,21.586291459999998,79872,,1664,,48.0,,161,,,,,,,,,,,,,,
0.003,-9.208477020263672,494,21.588552909999994,80256,0.003781998995691538,1668,0.009999999776482582,48.0,10019,162,0.8176366428592634,0.2970939608767237,1.0,0,0.7269926857846811,0.0,0.0,0.18109600776016072,0.6238041921739024,0.1181434585363859,0.0,0.0,0.16180441272519072,0.8313617157074061
,,494,21.588552909999994,80256,,1672,,48.0,,162,,,,,,,,,,,,,,
0.003,-9.12246322631836,495,21.605272739999997,80640,0.005212601739913225,1676,0.009999999776482582,48.0,10067,162,,,,,,,,,,,,,,
,,495,21.605272739999997,80640,,1680,,48.0,,162,,,,,,,,,,,,,,
0.003,-9.594847679138184,494,21.57905135,81024,0.009994602762162685,1684,0.009999999776482582,48.0,10115,163,0.845189538867463,0.30522966310515437,1.0,0,0.6286220139041926,0.0,0.0,0.1394711048431859,0.6386906667003016,0.15150321111534865,0.0,0.0,0.12814507456111934,0.853660713469658
,,494,21.57905135,81024,,1688,,48.0,,163,,,,,,,,,,,,,,
0.003,-9.259499549865723,494,21.599277450000002,81408,0.007559121586382389,1692,0.009999999776482582,48.0,10163,164,,,,,,,,,,,,,,
,,494,21.599277450000002,81408,,1696,,48.0,,164,,,,,,,,,,,,,,
0.003,-9.099305152893066,494,21.602516830000003,81792,0.003823190461844206,1700,0.009999999776482582,48.0,10211,165,0.8046328221918019,0.31655887616862727,1.0,0,0.7066888355134172,0.0,0.0,0.1858996625677378,0.6227317955895338,0.1477511859114571,0.0,0.0,0.14473965837171907,0.85147911109381
,,494,21.602516830000003,81792,,1704,,48.0,,165,,,,,,,,,,,,,,
0.003,-9.795466423034668,494,21.615857220000002,82176,0.004162634257227182,1708,0.009999999776482582,48.0,10259,166,,,,,,,,,,,,,,
,,494,21.615857220000002,82176,,1712,,48.0,,166,,,,,,,,,,,,,,
0.003,-9.094905853271484,494,21.59582094,82560,0.0032295261044055223,1716,0.009999999776482582,48.0,10307,167,0.8394987045155147,0.2932688795818864,1.0,0,0.6786800545960744,0.0,0.0,0.14343365339007674,0.6522177361503252,0.11930319554862147,0.0,0.0,0.14011566682556556,0.8456638514376824
,,494,21.59582094,82560,,1720,,48.0,,167,,,,,,,,,,,,,,
0.003,-8.667463302612305,494,21.62015733,82944,0.005245386157184839,1724,0.009999999776482582,48.0,10355,167,,,,,,,,,,,,,,
,,494,21.62015733,82944,,1728,,48.0,,167,,,,,,,,,,,,,,
0.003,-9.560755729675293,494,21.596218449999995,83328,0.007078951690346003,1732,0.009999999776482582,48.0,10403,168,0.8512609969249444,0.3133400894877404,1.0,0,0.6908494442964774,0.0,0.0,0.12577549846558456,0.6530614956236782,0.14561940587304759,0.0,0.0,0.1197264526637233,0.8578822537941999
,,494,21.596218449999995,83328,,1736,,48.0,,168,,,,,,,,,,,,,,
0.003,-9.774084091186523,494,21.584607050000002,83712,0.005910600069910288,1740,0.009999999776482582,48.0,10451,169,,,,,,,,,,,,,,
,,494,21.584607050000002,83712,,1744,,48.0,,169,,,,,,,,,,,,,,
0.003,-9.002107620239258,494,21.604709640000006,84096,0.004965968895703554,1748,0.009999999776482582,48.0,10499,170,0.8322480914197057,0.292616393281328,0.9989035087719298,0,0.6922925426907156,0.007596714068284557,0.0,0.1597004560700092,0.6232820723944158,0.17416297001514885,0.0010741138560687433,0.0,0.12890237145447633,0.8442079094589164
,,494,21.604709640000006,84096,,1752,,48.0,,170,,,,,,,,,,,,,,
0.003,-9.486225128173828,494,21.615376020000003,84480,0.008359503000974655,1756,0.009999999776482582,48.0,10547,170,,,,,,,,,,,,,,
,,494,21.615376020000003,84480,,1760,,48.0,,170,,,,,,,,,,,,,,
0.003,-8.96148681640625,494,21.61612638,84864,0.004826582968235016,1764,0.009999999776482582,48.0,10595,171,0.869336345088082,0.30179470640547507,0.9989035087719298,0,0.7256234065265759,0.007596714068284557,0.0,0.1052646749087877,0.6280283808240319,0.1316403755827014,0.0010741138560687433,0.0,0.11172532839033955,0.8647075634211101
,,494,21.61612638,84864,,1768,,48.0,,171,,,,,,,,,,,,,,
0.003,-9.456290245056152,494,21.597279450000006,85248,0.0033749626018106937,1772,0.009999999776482582,48.0,10643,172,,,,,,,,,,,,,,
,,494,21.597279450000006,85248,,1776,,48.0,,172,,,,,,,,,,,,,,
0.003,-9.37993335723877,493,21.582760560000008,85632,0.009512308984994888,1780,0.009999999776482582,48.0,10691,173,0.8496385353821532,0.30017532594990437,1.0,0,0.7090798782714246,0.0,0.0,0.1327954687429335,0.6610026219425938,0.14172377548957799,0.0,0.0,0.15888999915497956,0.7875224672399412
,,493,21.582760560000008,85632,,1784,,48.0,,173,,,,,,,,,,,,,,
0.003,-9.049339294433594,494,21.568383389999994,86016,0.007527478970587254,1788,0.009999999776482582,48.0,10739,174,,,,,,,,,,,,,,
,,494,21.568383389999994,86016,,1792,,48.0,,174,,,,,,,,,,,,,,
0.003,-9.571294784545898,493,21.5740454,86400,0.007367831654846668,1796,0.009999999776482582,48.0,10787,175,0.8529508798359259,0.2956286555861564,1.0,0,0.7361171271991443,0.0,0.0,0.12414390546635787,0.650683120490919,0.10605700065457023,0.0,0.0,0.1145165983003098,0.848859362272746
,,493,21.5740454,86400,,1800,,48.0,,175,,,,,,,,,,,,,,
0.003,-9.032150268554688,493,21.570365100000004,86784,0.005344838835299015,1804,0.009999999776482582,48.0,10835,175,,,,,,,,,,,,,,
,,493,21.570365100000004,86784,,1808,,48.0,,175,,,,,,,,,,,,,,
0.003,-9.68133544921875,494,21.554577880000007,87168,0.005161338020116091,1812,0.009999999776482582,48.0,10883,176,,,,,,,,,,,,,,
,,494,21.554577880000007,87168,,1816,,48.0,,176,,,,,,,,,,,,,,
0.003,-9.857056617736816,493,21.571825789999995,87552,0.003996414132416248,1820,0.009999999776482582,48.0,10931,177,0.8621955079344721,0.2841839672308449,1.0,0,0.7363563352356839,0.0,0.0,0.11975802975707057,0.599221254174591,0.10952443310574456,0.0,0.0,0.11395463739732804,0.8718174438684978
,,493,21.571825789999995,87552,,1824,,48.0,,177,,,,,,,,,,,,,,
0.003,-9.395828247070312,493,21.56896121000001,87936,0.017194483429193497,1828,0.009999999776482582,48.0,10979,178,,,,,,,,,,,,,,
,,493,21.56896121000001,87936,,1832,,48.0,,178,,,,,,,,,,,,,,
0.003,-9.50706672668457,493,21.58079628000001,88320,0.00822331104427576,1836,0.009999999776482582,48.0,11027,179,0.7966786796602318,0.2709362766560427,1.0,0,0.7099909553377683,0.0,0.0,0.1932449610575797,0.6387682175575962,0.1540153617221975,0.0,0.0,0.18021417624913008,0.789393856633845
,,493,21.58079628000001,88320,,1840,,48.0,,179,,,,,,,,,,,,,,
0.003,-8.930201530456543,493,21.58258632,88704,0.003762128297239542,1844,0.009999999776482582,48.0,11075,179,,,,,,,,,,,,,,
,,493,21.58258632,88704,,1848,,48.0,,179,,,,,,,,,,,,,,
0.003,-9.652877807617188,493,21.557097499999994,89088,0.004049492068588734,1852,0.009999999776482582,48.0,11123,180,0.8374940075089388,0.269095314023839,0.9989035087719298,0,0.7478156286498192,0.007596714068284557,0.0,0.13810255532343735,0.6153167680381463,0.10711286509375235,0.0010741138560687433,0.0,0.18855151649747204,0.8181972124736328
,,493,21.557097499999994,89088,,1856,,48.0,,180,,,,,,,,,,,,,,
0.003,-8.928585052490234,493,21.540835639999997,89472,0.0058525074273347855,1860,0.009999999776482582,48.0,11171,181,,,,,,,,,,,,,,
,,493,21.540835639999997,89472,,1864,,48.0,,181,,,,,,,,,,,,,,
0.003,-9.164884567260742,493,21.551523630000002,89856,0.004312595352530479,1868,0.009999999776482582,48.0,11219,182,0.8212821474750082,0.3099251110526773,1.0,0,0.7087818605214437,0.0,0.0,0.15175307164547183,0.686235776506746,0.09351352384298857,0.0,0.0,0.13195111776701562,0.8370195783512124
,,493,21.551523630000002,89856,,1872,,48.0,,182,,,,,,,,,,,,,,
0.003,-9.01275634765625,493,21.566326179999997,90240,0.006515514105558395,1876,0.009999999776482582,48.0,11267,182,,,,,,,,,,,,,,
,,493,21.566326179999997,90240,,1880,,48.0,,182,,,,,,,,,,,,,,
0.003,-9.354255676269531,493,21.580366630000004,90624,0.005431170575320721,1884,0.009999999776482582,48.0,11315,183,0.8648053946196683,0.2718248587307647,1.0,0,0.7037324408750832,0.0,0.0,0.0985256789978195,0.6298623590697576,0.09462619567717086,0.0,0.0,0.09975175244188529,0.882371581147074
,,493,21.580366630000004,90624,,1888,,48.0,,183,,,,,,,,,,,,,,
0.003,-9.234640121459961,493,21.583436239999997,91008,0.006297207437455654,1892,0.009999999776482582,48.0,11363,184,,,,,,,,,,,,,,
,,493,21.583436239999997,91008,,1896,,48.0,,184,,,,,,,,,,,,,,
0.003,-9.446175575256348,493,21.58506957,91392,0.004308753646910191,1900,0.009999999776482582,48.0,11411,185,0.8293690313751251,0.30163919718519516,1.0,0,0.6859106429640814,0.0,0.0,0.14645453465221114,0.6680163521698669,0.1181414041202958,0.0,0.0,0.14261154112777225,0.8259200780356825
,,493,21.58506957,91392,,1904,,48.0,,185,,,,,,,,,,,,,,
0.003,-9.28799057006836,493,21.578387929999998,91776,0.003669863101094961,1908,0.009999999776482582,48.0,11459,185,,,,,,,,,,,,,,
,,493,21.578387929999998,91776,,1912,,48.0,,185,,,,,,,,,,,,,,
0.003,-9.479122161865234,493,21.576556779999997,92160,0.003297112649306655,1916,0.009999999776482582,48.0,11507,186,0.8301005780349839,0.28513109255273944,1.0,0,0.6984146488827789,0.0,0.0,0.1483661605992665,0.659558916983621,0.14020267932200298,0.0,0.0,0.12744812987925258,0.8417557987012833
,,493,21.576556779999997,92160,,1920,,48.0,,186,,,,,,,,,,,,,,
0.003,-9.381871223449707,493,21.578271,92544,0.004688644781708717,1924,0.009999999776482582,48.0,11555,187,,,,,,,,,,,,,,
,,493,21.578271,92544,,1928,,48.0,,187,,,,,,,,,,,,,,
0.003,-9.51220989227295,493,21.58737049,92928,0.008892497047781944,1932,0.009999999776482582,48.0,11603,188,0.8386009910538139,0.2940228128587158,1.0,0,0.7499969567226591,0.0,0.0,0.11957599581971895,0.668978232910879,0.11500239510367105,0.0,0.0,0.12096041403109849,0.8399564159757428
,,493,21.58737049,92928,,1936,,48.0,,188,,,,,,,,,,,,,,
0.003,-9.316078186035156,493,21.572836790000007,93312,0.0034117363393306732,1940,0.009999999776482582,48.0,11651,189,,,,,,,,,,,,,,
,,493,21.572836790000007,93312,,1944,,48.0,,189,,,,,,,,,,,,,,
0.003,-9.4725980758667,493,21.57545208,93696,0.0036018453538417816,1948,0.009999999776482582,48.0,11699,189,0.8468354019236458,0.28147233546514216,1.0,0,0.7461689226136603,0.0,0.0,0.1258129480498267,0.6248287658151069,0.12164263391665825,0.0,0.0,0.11738857291381673,0.8484406493745695
,,493,21.57545208,93696,,1952,,48.0,,189,,,,,,,,,,,,,,
0.003,-9.137552261352539,493,21.56568033,94080,0.00538303516805172,1956,0.009999999776482582,48.0,11747,190,,,,,,,,,,,,,,
,,493,21.56568033,94080,,1960,,48.0,,190,,,,,,,,,,,,,,
0.003,-10.072951316833496,493,21.558181720000007,94464,0.007750512100756168,1964,0.009999999776482582,48.0,11795,191,0.8504322138020838,0.2916738404979837,1.0,0,0.7296682500981025,0.0,0.0,0.1007281393886937,0.6762213140368992,0.15318383812465763,0.0,0.0,0.10583701127217213,0.8531279562068637
,,493,21.558181720000007,94464,,1968,,48.0,,191,,,,,,,,,,,,,,
0.003,-9.10943603515625,493,21.546364840000003,94848,0.003057456575334072,1972,0.009999999776482582,48.0,11843,192,,,,,,,,,,,,,,
,,493,21.546364840000003,94848,,1976,,48.0,,192,,,,,,,,,,,,,,
0.003,-9.49315357208252,493,21.534828270000002,95232,0.004874303471297026,1980,0.009999999776482582,48.0,11891,193,0.8412714044311476,0.28965064772649657,1.0,0,0.6933585559490463,0.0,0.0,0.12713610308600953,0.6599662351078305,0.14373073757278465,0.0,0.0,0.10317443579118196,0.8670512338671557
,,493,21.534828270000002,95232,,1984,,48.0,,193,,,,,,,,,,,,,,
0.003,-8.618974685668945,493,21.5346312,95616,0.005937228910624981,1988,0.009999999776482582,48.0,11939,193,,,,,,,,,,,,,,
,,493,21.5346312,95616,,1992,,48.0,,193,,,,,,,,,,,,,,
0.003,-9.225844383239746,493,21.51568916,96000,0.005210798233747482,1996,0.009999999776482582,48.0,11987,194,0.8244416692688408,0.2995175846805679,1.0,0,0.6833551765359865,0.0,0.0,0.14557529418160547,0.6762142051817586,0.16031044596962354,0.0,0.0,0.13112110207518518,0.8405611488881567
,,493,21.51568916,96000,,2000,,48.0,,194,,,,,,,,,,,,,,
0.003,-9.027973175048828,493,21.501907459999998,96384,0.004913839977234602,2004,0.009999999776482582,48.0,12035,195,,,,,,,,,,,,,,
,,493,21.501907459999998,96384,,2008,,48.0,,195,,,,,,,,,,,,,,
0.003,-9.0694580078125,493,21.52620773,96768,0.005295890383422375,2012,0.009999999776482582,48.0,12083,195,,,,,,,,,,,,,,
,,493,21.52620773,96768,,2016,,48.0,,195,,,,,,,,,,,,,,
0.003,-9.036234855651855,493,21.497968690000004,97152,0.00504083139821887,2020,0.009999999776482582,48.0,12131,196,0.8110926337041068,0.27267268131435035,0.9945175438596491,0,0.735704906341563,0.03798357034142275,0.0,0.1489883136957465,0.679224878508233,0.12465417721741848,0.0053705692803437165,0.0,0.15041778831466826,0.8199719644920358
,,493,21.497968690000004,97152,,2024,,48.0,,196,,,,,,,,,,,,,,
0.003,-9.40916633605957,493,21.497302410000003,97536,0.007977912202477455,2028,0.009999999776482582,48.0,12179,197,,,,,,,,,,,,,,
,,493,21.497302410000003,97536,,2032,,48.0,,197,,,,,,,,,,,,,,
0.003,-9.050896644592285,493,21.49293137,97920,0.0029415208846330643,2036,0.009999999776482582,48.0,12227,198,0.8338357991971183,0.3027062082452902,0.9989035087719298,0,0.7180049403244823,0.007596714068284557,0.0,0.13056224973182418,0.6715507746885603,0.12649037348662914,0.0,0.0010741138560687433,0.12473247726109706,0.8443420758650418
,,493,21.49293137,97920,,2040,,48.0,,198,,,,,,,,,,,,,,
0.003,-9.416312217712402,493,21.49091586,98304,0.006796613335609436,2044,0.009999999776482582,48.0,12275,199,,,,,,,,,,,,,,
,,493,21.49091586,98304,,2048,,48.0,,199,,,,,,,,,,,,,,
0.003,-9.458501815795898,493,21.486838140000003,98688,0.013636762276291847,2052,0.009999999776482582,48.0,12323,199,0.8467567128447504,0.28572535396381504,1.0,0,0.7125327650036818,0.0,0.0,0.11593579099694654,0.6743586471480825,0.14129503267629068,0.0,0.0,0.13457153432736854,0.8115174318444163
,,493,21.486838140000003,98688,,2056,,48.0,,199,,,,,,,,,,,,,,
0.003,-9.372062683105469,493,21.497221870000004,99072,0.004274317529052496,2060,0.009999999776482582,48.0,12371,200,,,,,,,,,,,,,,
,,493,21.497221870000004,99072,,2064,,48.0,,200,,,,,,,,,,,,,,
0.003,-8.978419303894043,493,21.484372120000003,99456,0.0037962051574140787,2068,0.009999999776482582,48.0,12419,201,0.8363024656522897,0.3072330159456201,0.9989035087719298,0,0.7093762325652478,0.007596714068284557,0.0,0.12241870601515714,0.6789039412907965,0.1510689349343418,0.0,0.0010741138560687433,0.12168290054451421,0.8299481684445525
,,493,21.484372120000003,99456,,2072,,48.0,,201,,,,,,,,,,,,,,
0.003,-9.337298393249512,493,21.494854090000004,99840,0.0034360180143266916,2076,0.009999999776482582,48.0,12467,202,,,,,,,,,,,,,,
,,493,21.494854090000004,99840,,2080,,48.0,,202,,,,,,,,,,,,,,
