train/ent_coef,train/critic_loss,time/time_elapsed,rollout/ep_len_mean,time/fps,train/n_updates,train/actor_loss,time/episodes,time/total_timesteps,train/learning_rate,rollout/ep_rew_mean,eval/ep_b3_mean,eval/ep_nodes_below_zero,eval/ep_b1_mean,eval/ep_b3_std,eval/ep_timesteps_below_zero,eval/ep_b1_std,eval/ep_b2_mean,eval/ep_nodes_above_threshold,eval/ep_b2_std,eval/ep_pressure_obj_mean,eval/ep_pump_price_obj_std,eval/ep_nodes_below_threshold,eval/ep_pump_price_obj_mean,eval/ep_pressure_obj_std
0.009999999776482582,0.030829917639493942,0,48.0,639,35,-0.4758698344230652,4,384,0.003,13.441878625000001,,,,,,,,,,,,,,
,,0,48.0,631,,,8,384,,13.441878625000001,,,,,,,,,,,,,,
0.009999999776482582,0.008072542026638985,1,48.0,611,83,-0.6602646708488464,12,768,0.003,16.994398375000003,,,,,,,,,,,,,,
,,1,48.0,608,,,16,768,,16.994398375000003,,,,,,,,,,,,,,
0.009999999776482582,0.005933747626841068,2,48.0,532,131,-0.7351008057594299,20,1152,0.003,18.511535291666664,0.25553991937086445,0.0,0.985301992323516,0.2408447574435555,0,0.01724743068424123,0.28756502738915346,0.0,0.2663201391446167,0.9265350877192983,0.05769495629435893,0.02040816326530612,0.5547498311090562,0.17362467449293645
,,2,48.0,527,,,24,1152,,18.511535291666664,,,,,,,,,,,,,,
0.009999999776482582,0.011314010247588158,2,48.0,543,179,-0.8497090935707092,28,1536,0.003,18.74950734375,,,,,,,,,,,,,,
,,2,48.0,541,,,32,1536,,18.74950734375,,,,,,,,,,,,,,
0.009999999776482582,0.011442485265433788,3,48.0,508,227,-0.9589195251464844,36,1920,0.003,19.292244175,0.3071840135071609,0.0,0.9643069094196345,0.17156747815492965,0,0.03506532444541059,0.731378986335693,0.0,0.1996780981077607,1.0,0.1886040461952834,0.0,0.5029828493892119,0.0
,,3,48.0,506,,,40,1920,,19.292244175,,,,,,,,,,,,,,
0.009999999776482582,0.008489686995744705,4,48.0,519,275,-1.031383991241455,44,2304,0.003,19.679409291666666,,,,,,,,,,,,,,
,,4,48.0,518,,,48,2304,,19.679409291666666,,,,,,,,,,,,,,
0.009999999776482582,0.015660550445318222,5,48.0,501,323,-1.0895072221755981,52,2688,0.003,19.973709285714282,0.6213583925201835,0.0,0.8878913195420972,0.21169158533527707,0,0.18216470166889684,0.7348955484666794,0.0,0.18560501585586744,0.9616228070175438,0.1300170990926144,0.0,0.5895042582164244,0.09386156779932016
,,5,48.0,499,,,56,2688,,19.973709285714282,,,,,,,,,,,,,,
0.009999999776482582,0.009977169334888458,6,48.0,510,371,-1.2413148880004883,60,3072,0.003,20.174530546874998,,,,,,,,,,,,,,
,,6,48.0,510,,,64,3072,,20.174530546874998,,,,,,,,,,,,,,
0.009999999776482582,0.014062970876693726,7,48.0,489,419,-1.2502027750015259,68,3456,0.003,20.138739277777777,0.569287522436978,0.0,0.9597446409678659,0.18263500296088386,0,0.0539953119924247,0.6489521786255903,0.0,0.2211431865265766,0.9890350877192983,0.14965534787056778,0.0,0.5720841110728413,0.0531423517166997
,,7,48.0,488,,,72,3456,,20.138739277777777,,,,,,,,,,,,,,
0.009999999776482582,0.01229255273938179,8,48.0,469,467,-1.423331379890442,76,3840,0.003,20.216824475,,,,,,,,,,,,,,
,,8,48.0,469,,,80,3840,,20.216824475,,,,,,,,,,,,,,
0.009999999776482582,0.014181189239025116,9,48.0,463,515,-1.4588080644607544,84,4224,0.003,20.270163454545454,0.7312938981779634,0.0,0.9589754466763035,0.15255550143607569,0,0.08561746785916036,0.42847459091110307,0.0,0.22293100707096206,1.0,0.10011485494413122,0.0,0.5508512211188964,0.0
,,9,48.0,462,,,88,4224,,20.270163454545454,,,,,,,,,,,,,,
0.009999999776482582,0.01160837709903717,9,48.0,470,563,-1.5711805820465088,92,4608,0.003,20.347510354166666,,,,,,,,,,,,,,
,,9,48.0,470,,,96,4608,,20.347510354166666,,,,,,,,,,,,,,
0.009999999776482582,0.011106518097221851,10,48.0,463,611,-1.617175579071045,100,4992,0.003,20.71168319,0.7290491495466612,0.0,0.8678014171022013,0.2535875911847898,0,0.17208654934287382,0.650207316205372,0.0,0.20561552359282217,0.9835526315789473,0.20124382236947347,0.0,0.548801239647375,0.06437448089343181
,,10,48.0,462,,,104,4992,,20.71168319,,,,,,,,,,,,,,
0.009999999776482582,0.016761433333158493,11,48.0,470,659,-1.647720217704773,108,5376,0.003,21.01581163,,,,,,,,,,,,,,
,,11,48.0,470,,,112,5376,,21.01581163,,,,,,,,,,,,,,
0.009999999776482582,0.010800959542393684,12,48.0,465,707,-1.8074009418487549,116,5760,0.003,21.0488586,0.7385726142555734,0.0,0.9167997705348371,0.1853702182998136,0,0.09484869975130307,0.6241804402082957,0.0,0.2114024747844935,0.9835526315789473,0.13783558760423953,0.0,0.6024402701291324,0.06437448089343181
,,12,48.0,464,,,120,5760,,21.0488586,,,,,,,,,,,,,,
0.009999999776482582,0.018343312665820122,13,48.0,471,755,-1.8362559080123901,124,6144,0.003,21.114279100000005,,,,,,,,,,,,,,
,,13,48.0,470,,,128,6144,,21.114279100000005,,,,,,,,,,,,,,
0.009999999776482582,0.01077533420175314,13,48.0,466,803,-1.9532214403152466,132,6528,0.003,21.194590079999998,0.6820174203496457,0.0,0.9316609613404669,0.13710735508084396,0,0.07850302345881552,0.7444699204079149,0.0,0.17087478866047193,0.9835526315789473,0.16581522025126477,0.0,0.5956040987474859,0.06437448089343181
,,14,48.0,465,,,136,6528,,21.194590079999998,,,,,,,,,,,,,,
0.009999999776482582,0.010852357372641563,14,48.0,470,851,-2.048595666885376,140,6912,0.003,21.16591853,,,,,,,,,,,,,,
,,14,48.0,470,,,144,6912,,21.16591853,,,,,,,,,,,,,,
0.009999999776482582,0.009008435532450676,15,48.0,465,899,-2.0702996253967285,148,7296,0.003,21.15794099,0.6816842103143994,0.0,0.9047535112581162,0.19749869042616092,0,0.10928119937348987,0.7031995968540512,0.0,0.23270908532634146,0.9945175438596491,0.16216226301504436,0.0,0.5784894539728135,0.03798357034142275
,,15,48.0,465,,,152,7296,,21.15794099,,,,,,,,,,,,,,
0.009999999776482582,0.0058295466005802155,16,48.0,470,947,-2.1910769939422607,156,7680,0.003,21.1567976,,,,,,,,,,,,,,
,,16,48.0,470,,,160,7680,,21.1567976,,,,,,,,,,,,,,
0.009999999776482582,0.00748512102290988,17,48.0,465,995,-2.2891812324523926,164,8064,0.003,21.22228725,0.5436707190974285,0.0,0.9461650680177753,0.1605307867238654,0,0.0721836380994914,0.761811062814184,0.0,0.15362764707638116,1.0,0.17123142355646878,0.0,0.5791342952250472,0.0
,,17,48.0,465,,,168,8064,,21.22228725,,,,,,,,,,,,,,
0.009999999776482582,0.006161779165267944,17,48.0,470,1043,-2.3348028659820557,172,8448,0.003,21.31337353,,,,,,,,,,,,,,
,,17,48.0,470,,,176,8448,,21.31337353,,,,,,,,,,,,,,
0.009999999776482582,0.006897983141243458,18,48.0,467,1091,-2.478053331375122,180,8832,0.003,21.381037300000003,0.6026451013179108,0.0,0.9434407148697626,0.11265923472987187,0,0.08518788138637153,0.7245906346295968,0.0,0.17192646632690206,1.0,0.14669999876029688,0.0,0.5944560586931994,0.0
,,18,48.0,466,,,184,8832,,21.381037300000003,,,,,,,,,,,,,,
0.009999999776482582,0.012209916487336159,19,48.0,471,1139,-2.4236061573028564,188,9216,0.003,21.42106003,,,,,,,,,,,,,,
,,19,48.0,471,,,192,9216,,21.42106003,,,,,,,,,,,,,,
0.009999999776482582,0.004358693026006222,20,48.0,469,1187,-2.5880727767944336,196,9600,0.003,21.490790569999998,0.6358308917058624,0.0,0.9597356710770379,0.11861774711422059,0,0.030093109054001744,0.6742204948945112,0.0,0.16640499435536657,1.0,0.11611614347204936,0.0,0.6006380255758467,0.0
,,20,48.0,468,,,200,9600,,21.490790569999998,,,,,,,,,,,,,,
0.009999999776482582,0.005897402763366699,21,48.0,472,1235,-2.6244101524353027,204,9984,0.003,21.517477050000004,,,,,,,,,,,,,,
,,21,48.0,472,,,208,9984,,21.517477050000004,,,,,,,,,,,,,,
0.009999999776482582,0.006217184476554394,21,48.0,476,1283,-2.702596664428711,212,10368,0.003,21.5377996,,,,,,,,,,,,,,
,,21,48.0,476,,,216,10368,,21.5377996,,,,,,,,,,,,,,
0.009999999776482582,0.010989445261657238,23,48.0,467,1331,-2.8244190216064453,220,10752,0.003,21.58396402,0.7402889792669443,0.0,0.9388887568051189,0.08554097636939322,0,0.0699360772374043,0.6898590573840403,0.0,0.16808727344867366,1.0,0.14351430286113273,0.0,0.6080735560236195,0.0
,,23,48.0,466,,,224,10752,,21.58396402,,,,,,,,,,,,,,
0.009999999776482582,0.004647753667086363,23,48.0,470,1379,-2.8552701473236084,228,11136,0.003,21.616556100000004,,,,,,,,,,,,,,
,,23,48.0,470,,,232,11136,,21.616556100000004,,,,,,,,,,,,,,
0.009999999776482582,0.007262022700160742,24,48.0,467,1427,-2.9587786197662354,236,11520,0.003,21.632248410000003,0.7033050501486127,0.0,0.9196946562208163,0.1307350414093725,0,0.09433393104000634,0.7544455106758748,0.0,0.1333920682652994,1.0,0.14645810716376156,0.0,0.6143436621754638,0.0
,,24,48.0,467,,,240,11520,,21.632248410000003,,,,,,,,,,,,,,
0.009999999776482582,0.008812565356492996,25,48.0,469,1475,-3.0867247581481934,244,11904,0.003,21.62193178999999,,,,,,,,,,,,,,
,,25,48.0,469,,,248,11904,,21.62193178999999,,,,,,,,,,,,,,
0.009999999776482582,0.010515781119465828,26,48.0,466,1523,-3.1628336906433105,252,12288,0.003,21.656632109999997,0.6635128037923104,0.0,0.9344923741618668,0.1562258163999921,0,0.07253842329081255,0.7041594250459251,0.0,0.16802913037974956,1.0,0.1367629339110121,0.0,0.5975302118399414,0.0
,,26,48.0,466,,,256,12288,,21.656632109999997,,,,,,,,,,,,,,
0.009999999776482582,0.00504315085709095,26,48.0,469,1571,-3.2359728813171387,260,12672,0.003,21.651630460000007,,,,,,,,,,,,,,
,,26,48.0,469,,,264,12672,,21.651630460000007,,,,,,,,,,,,,,
0.009999999776482582,0.00957599189132452,27,48.0,467,1619,-3.258805274963379,268,13056,0.003,21.650977120000004,0.6521400423335436,0.0,0.895874295516472,0.14400457626240276,0,0.14063025504948795,0.7867295709789207,0.0,0.14024245710455532,1.0,0.1695739376811354,0.0,0.5984609447807466,0.0
,,27,48.0,467,,,272,13056,,21.650977120000004,,,,,,,,,,,,,,
0.009999999776482582,0.01546887494623661,28,48.0,469,1667,-3.379521369934082,276,13440,0.003,21.65240255,,,,,,,,,,,,,,
,,28,48.0,469,,,280,13440,,21.65240255,,,,,,,,,,,,,,
0.009999999776482582,0.004747115075588226,29,48.0,467,1715,-3.4694771766662598,284,13824,0.003,21.65525034,0.6415522077515068,0.0,0.9180426782146479,0.1705630190799002,0,0.09647665077609274,0.7392768146421635,0.0,0.14768182366723132,0.9923245614035089,0.1693826179703957,0.0,0.6110018479659699,0.040608304570740425
,,29,48.0,467,,,288,13824,,21.65525034,,,,,,,,,,,,,,
0.009999999776482582,0.00861846748739481,30,48.0,470,1763,-3.437176465988159,292,14208,0.003,21.664176790000003,,,,,,,,,,,,,,
,,30,48.0,469,,,296,14208,,21.664176790000003,,,,,,,,,,,,,,
0.009999999776482582,0.005133357830345631,31,48.0,467,1811,-3.536545753479004,300,14592,0.003,21.662162170000006,0.7137676225286008,0.0,0.9221946830307421,0.10416941295458244,0,0.08846174250565081,0.7395047196917796,0.0,0.1445669534273201,0.9945175438596491,0.15740784484749454,0.0,0.6100527987265564,0.03798357034142275
,,31,48.0,467,,,304,14592,,21.662162170000006,,,,,,,,,,,,,,
0.009999999776482582,0.004617403261363506,31,48.0,470,1859,-3.7025671005249023,308,14976,0.003,21.656946629999997,,,,,,,,,,,,,,
,,31,48.0,470,,,312,14976,,21.656946629999997,,,,,,,,,,,,,,
0.009999999776482582,0.006589769851416349,32,48.0,468,1907,-3.8177645206451416,316,15360,0.003,21.62933494,0.647554925840085,0.0,0.9159739420993674,0.1331772095961145,0,0.0986911359580048,0.8075524724857339,0.0,0.11104490151415874,0.9945175438596491,0.20464964619338655,0.0,0.6162313864677881,0.03798357034142275
,,32,48.0,467,,,320,15360,,21.62933494,,,,,,,,,,,,,,
0.009999999776482582,0.006051527336239815,33,48.0,469,1955,-3.758817434310913,324,15744,0.003,21.591524890000006,,,,,,,,,,,,,,
,,33,48.0,469,,,328,15744,,21.591524890000006,,,,,,,,,,,,,,
0.009999999776482582,0.006694423034787178,34,48.0,467,2003,-3.810002565383911,332,16128,0.003,21.600269830000002,0.6397529144329335,0.0,0.9064318539800164,0.16631519255596292,0,0.11077590541372279,0.7823742942531906,0.0,0.13500506263379988,0.9945175438596491,0.2032802637909271,0.0,0.6123819138437283,0.03798357034142275
,,34,48.0,467,,,336,16128,,21.600269830000002,,,,,,,,,,,,,,
0.009999999776482582,0.005166375543922186,35,48.0,469,2051,-3.982086181640625,340,16512,0.003,21.622136519999994,,,,,,,,,,,,,,
,,35,48.0,469,,,344,16512,,21.622136519999994,,,,,,,,,,,,,,
0.009999999776482582,0.006743180099874735,36,48.0,467,2099,-4.019993782043457,348,16896,0.003,21.60405172999999,0.6756569570077575,0.0,0.92721417627974,0.14744270673648394,0,0.08786951644022596,0.7621904840872403,0.0,0.12004106609658412,1.0,0.16509536430067906,0.0,0.5922321874863057,0.0
,,36,48.0,467,,,352,16896,,21.60405172999999,,,,,,,,,,,,,,
0.009999999776482582,0.01035256963223219,36,48.0,469,2147,-4.101163387298584,356,17280,0.003,21.60641305,,,,,,,,,,,,,,
,,36,48.0,469,,,360,17280,,21.60641305,,,,,,,,,,,,,,
0.009999999776482582,0.006990334950387478,38,48.0,463,2195,-4.138388633728027,364,17664,0.003,21.614701410000002,0.6166126031917836,0.0,0.9362614704293335,0.12964124849308817,0,0.07305172774951113,0.7810643191837942,0.0,0.12201370564543054,0.9945175438596491,0.1875455796453717,0.0,0.6097581415460153,0.03798357034142275
,,38,48.0,463,,,368,17664,,21.614701410000002,,,,,,,,,,,,,,
0.009999999776482582,0.004587091971188784,38,48.0,465,2243,-4.1462507247924805,372,18048,0.003,21.62030187,,,,,,,,,,,,,,
,,38,48.0,465,,,376,18048,,21.62030187,,,,,,,,,,,,,,
0.009999999776482582,0.00677857268601656,39,48.0,463,2291,-4.311041355133057,380,18432,0.003,21.616929749999994,0.6422504123029311,0.0,0.9230046712277574,0.15281314340028462,0,0.08932004902950724,0.7967879539231055,0.0,0.11652066293816474,0.9945175438596491,0.19543208048481772,0.0,0.5904372993830745,0.03798357034142275
,,39,48.0,463,,,384,18432,,21.616929749999994,,,,,,,,,,,,,,
0.009999999776482582,0.004465533420443535,40,48.0,465,2339,-4.451475143432617,388,18816,0.003,21.59538195,,,,,,,,,,,,,,
,,40,48.0,465,,,392,18816,,21.59538195,,,,,,,,,,,,,,
0.009999999776482582,0.008352749049663544,41,48.0,463,2387,-4.243250370025635,396,19200,0.003,21.580351179999997,0.6758781072697728,0.0,0.9265842245204795,0.1689621753816102,0,0.07063731840519229,0.7568095245521087,0.0,0.15262334475102876,1.0,0.16364302838207176,0.0,0.6030851667882443,0.0
,,41,48.0,463,,,400,19200,,21.580351179999997,,,,,,,,,,,,,,
0.009999999776482582,0.006277658045291901,42,48.0,465,2435,-4.578176975250244,404,19584,0.003,21.597360279999997,,,,,,,,,,,,,,
,,42,48.0,465,,,408,19584,,21.597360279999997,,,,,,,,,,,,,,
0.009999999776482582,0.00514032831415534,42,48.0,467,2483,-4.633872985839844,412,19968,0.003,21.627880610000002,,,,,,,,,,,,,,
,,42,48.0,467,,,416,19968,,21.627880610000002,,,,,,,,,,,,,,
0.009999999776482582,0.003999465145170689,43,48.0,466,2531,-4.604289531707764,420,20352,0.003,21.65599401,0.7223977121424568,0.0,0.9131702770647425,0.11926106531788154,0,0.09286967026552438,0.8120512729386085,0.0,0.10854504627217613,1.0,0.19388628223086896,0.0,0.6027388163971344,0.0
,,43,48.0,465,,,424,20352,,21.65599401,,,,,,,,,,,,,,
0.009999999776482582,0.006420755758881569,44,48.0,467,2579,-4.684309482574463,428,20736,0.003,21.64884066,,,,,,,,,,,,,,
,,44,48.0,467,,,432,20736,,21.64884066,,,,,,,,,,,,,,
0.009999999776482582,0.009706560522317886,45,48.0,466,2627,-4.787807464599609,436,21120,0.003,21.642513849999997,0.6715132749463482,0.0,0.9379915718784825,0.11848532427445232,0,0.06259164959176078,0.8093603081230406,0.0,0.10145006871591399,1.0,0.17996407721073435,0.0,0.5983322960062811,0.0
,,45,48.0,466,,,440,21120,,21.642513849999997,,,,,,,,,,,,,,
0.009999999776482582,0.0029304700437933207,45,48.0,468,2675,-4.845242023468018,444,21504,0.003,21.638451049999993,,,,,,,,,,,,,,
,,45,48.0,468,,,448,21504,,21.638451049999993,,,,,,,,,,,,,,
0.009999999776482582,0.004103079903870821,46,48.0,466,2723,-4.8579792976379395,452,21888,0.003,21.628931660000003,0.7135442948724193,0.0,0.9302097074494757,0.10024336120795733,0,0.07070201081128799,0.7785471420496501,0.0,0.11703357575716374,0.9945175438596491,0.16967832221113271,0.0,0.6114332434085158,0.03798357034142275
,,46,48.0,466,,,456,21888,,21.628931660000003,,,,,,,,,,,,,,
0.009999999776482582,0.0042220065370202065,47,48.0,468,2771,-5.021707057952881,460,22272,0.003,21.625986159999997,,,,,,,,,,,,,,
,,47,48.0,468,,,464,22272,,21.625986159999997,,,,,,,,,,,,,,
0.009999999776482582,0.005127747543156147,48,48.0,467,2819,-4.95249605178833,468,22656,0.003,21.620963009999997,0.6569395360550969,0.0,0.9459605158246981,0.11707944994183286,0,0.05719088369646045,0.7920607971283046,0.0,0.11766800874559018,1.0,0.19252926338675333,0.0,0.595153655581364,0.0
,,48,48.0,466,,,472,22656,,21.620963009999997,,,,,,,,,,,,,,
0.009999999776482582,0.00692947581410408,49,48.0,468,2867,-5.164821147918701,476,23040,0.003,21.613190079999995,,,,,,,,,,,,,,
,,49,48.0,468,,,480,23040,,21.613190079999995,,,,,,,,,,,,,,
0.009999999776482582,0.003561734687536955,50,48.0,467,2915,-5.096198558807373,484,23424,0.003,21.62239187,0.6565284738388247,0.0,0.9428413573231703,0.12447723023782546,0,0.04540428422456214,0.819476718621757,0.0,0.10357426076441002,1.0,0.18588303098579606,0.0,0.6008750574039209,0.0
,,50,48.0,467,,,488,23424,,21.62239187,,,,,,,,,,,,,,
0.009999999776482582,0.004060924984514713,50,48.0,469,2963,-5.026841640472412,492,23808,0.003,21.63250368,,,,,,,,,,,,,,
,,50,48.0,469,,,496,23808,,21.63250368,,,,,,,,,,,,,,
0.009999999776482582,0.004090422298759222,51,48.0,467,3011,-4.983874320983887,500,24192,0.003,21.648749070000004,0.7320245811786837,0.0,0.9405082101379809,0.09903475490371112,0,0.05924479889994485,0.794753384649916,0.0,0.10854515858613926,1.0,0.1432993265867674,0.0,0.5961293036739242,0.0
,,51,48.0,467,,,504,24192,,21.648749070000004,,,,,,,,,,,,,,
0.009999999776482582,0.00923508033156395,52,48.0,465,3059,-5.480752468109131,508,24576,0.003,21.65626698,,,,,,,,,,,,,,
,,52,48.0,465,,,512,24576,,21.65626698,,,,,,,,,,,,,,
0.009999999776482582,0.004723446909338236,53,48.0,464,3107,-5.37526273727417,516,24960,0.003,21.64967871,0.6845879594543409,0.0,0.9313794108941318,0.12601080377822485,0,0.06304913026178002,0.8183327388387961,0.0,0.09549108928100632,1.0,0.21032628634571648,0.0,0.6226162844777131,0.0
,,53,48.0,464,,,520,24960,,21.64967871,,,,,,,,,,,,,,
0.009999999776482582,0.004686922766268253,54,48.0,465,3155,-5.305262565612793,524,25344,0.003,21.66256808,,,,,,,,,,,,,,
,,54,48.0,465,,,528,25344,,21.66256808,,,,,,,,,,,,,,
0.009999999776482582,0.0038783946074545383,55,48.0,464,3203,-5.562875270843506,532,25728,0.003,21.665038679999995,0.6726181224553819,0.0,0.9317360364316148,0.10593071802981636,0,0.060239319277334204,0.7911036256005977,0.0,0.11143031524842845,0.9978070175438596,0.18395480532045344,0.0,0.6273428170853516,0.015193428136569096
,,55,48.0,464,,,536,25728,,21.665038679999995,,,,,,,,,,,,,,
0.009999999776482582,0.015001656487584114,56,48.0,466,3251,-5.4854865074157715,540,26112,0.003,21.678972399999992,,,,,,,,,,,,,,
,,56,48.0,466,,,544,26112,,21.678972399999992,,,,,,,,,,,,,,
0.009999999776482582,0.009403690695762634,56,48.0,465,3299,-5.725400447845459,548,26496,0.003,21.681278539999997,0.7961251313242027,0.0,0.8081033803633968,0.12624947785406865,0,0.26510415752834016,0.7904750751587001,0.0,0.12525242446257545,1.0,0.17103412984181632,0.0,0.5808262660374006,0.0
,,56,48.0,464,,,552,26496,,21.681278539999997,,,,,,,,,,,,,,
0.009999999776482582,0.005588477943092585,57,48.0,466,3347,-5.850306510925293,556,26880,0.003,21.696848629999995,,,,,,,,,,,,,,
,,57,48.0,466,,,560,26880,,21.696848629999995,,,,,,,,,,,,,,
0.009999999776482582,0.008099950850009918,58,48.0,465,3395,-5.642071723937988,564,27264,0.003,21.705479190000002,0.7092730965802515,0.0,0.8984997359729013,0.13849480970355407,0,0.08663933329549177,0.8458380891949954,0.0,0.09403615552460948,1.0,0.17215901334215114,0.0,0.6122928644920229,0.0
,,58,48.0,465,,,568,27264,,21.705479190000002,,,,,,,,,,,,,,
0.009999999776482582,0.005061204079538584,59,48.0,466,3443,-5.820157527923584,572,27648,0.003,21.698759780000003,,,,,,,,,,,,,,
,,59,48.0,466,,,576,27648,,21.698759780000003,,,,,,,,,,,,,,
0.009999999776482582,0.005455449223518372,60,48.0,465,3491,-5.955831050872803,580,28032,0.003,21.688434920000006,0.6902695392728718,0.0,0.9401568212942888,0.1259428577267448,0,0.04667415606313307,0.8228269728460281,0.0,0.08838421522899703,1.0,0.17093135866083609,0.0,0.6035622107515423,0.0
,,60,48.0,465,,,584,28032,,21.688434920000006,,,,,,,,,,,,,,
0.009999999776482582,0.003095068037509918,60,48.0,467,3539,-6.022560119628906,588,28416,0.003,21.683348369999997,,,,,,,,,,,,,,
,,60,48.0,467,,,592,28416,,21.683348369999997,,,,,,,,,,,,,,
0.009999999776482582,0.004022662993520498,61,48.0,466,3587,-5.999063491821289,596,28800,0.003,21.663675560000005,0.70962344234266,0.0,0.931862652510595,0.12124306953364825,0,0.06441600661157501,0.7897631487665535,0.0,0.1139109400642946,0.9835526315789473,0.20304768897720116,0.0,0.6133140209661887,0.06437448089343181
,,61,48.0,465,,,600,28800,,21.663675560000005,,,,,,,,,,,,,,
0.009999999776482582,0.0072749946266412735,62,48.0,467,3635,-5.8773512840271,604,29184,0.003,21.663989259999997,,,,,,,,,,,,,,
,,62,48.0,467,,,608,29184,,21.663989259999997,,,,,,,,,,,,,,
0.009999999776482582,0.005004486069083214,63,48.0,468,3683,-6.060589790344238,612,29568,0.003,21.650414899999998,,,,,,,,,,,,,,
,,63,48.0,468,,,616,29568,,21.650414899999998,,,,,,,,,,,,,,
0.009999999776482582,0.004938533995300531,64,48.0,467,3731,-6.257980823516846,620,29952,0.003,21.63530035,0.7796567827724331,0.0,0.9153982755744414,0.08370039805510476,0,0.06831625839141442,0.8127904678475291,0.0,0.11414555584077404,0.9989035087719298,0.18654654455114444,0.0,0.6071730816706693,0.007596714068284557
,,64,48.0,467,,,624,29952,,21.63530035,,,,,,,,,,,,,,
0.009999999776482582,0.006276627071201801,64,48.0,469,3779,-5.955523490905762,628,30336,0.003,21.620028490000003,,,,,,,,,,,,,,
,,64,48.0,469,,,632,30336,,21.620028490000003,,,,,,,,,,,,,,
0.009999999776482582,0.004934929311275482,65,48.0,468,3827,-6.344116687774658,636,30720,0.003,21.59872042,0.7709943874411087,0.0,0.9293881109437852,0.11326096527288765,0,0.06596778566373858,0.7917971329410873,0.0,0.11944011548913858,1.0,0.17184213844928867,0.0,0.5979597980681483,0.0
,,65,48.0,467,,,640,30720,,21.59872042,,,,,,,,,,,,,,
0.009999999776482582,0.008366567082703114,66,48.0,469,3875,-6.290237903594971,644,31104,0.003,21.598328340000002,,,,,,,,,,,,,,
,,66,48.0,469,,,648,31104,,21.598328340000002,,,,,,,,,,,,,,
0.009999999776482582,0.006254267413169146,67,48.0,465,3923,-6.4675726890563965,652,31488,0.003,21.581018289999996,0.7430840776544095,0.0,0.908993685940889,0.10715254566928921,0,0.07321043215153775,0.8562204714321767,0.0,0.08722826512418616,1.0,0.2182943967928114,0.0,0.6101879839763285,0.0
,,67,48.0,465,,,656,31488,,21.581018289999996,,,,,,,,,,,,,,
0.009999999776482582,0.006268425844609737,68,48.0,466,3971,-6.5344390869140625,660,31872,0.003,21.556665230000007,,,,,,,,,,,,,,
,,68,48.0,466,,,664,31872,,21.556665230000007,,,,,,,,,,,,,,
0.009999999776482582,0.006290223449468613,69,48.0,465,4019,-6.463932991027832,668,32256,0.003,21.569834030000003,0.7213463032385175,0.0,0.9254494725096669,0.10159445201456944,0,0.051738069085754616,0.805841973666188,0.0,0.1265105132469481,1.0,0.20143306523659776,0.0,0.6187397636345956,0.0
,,69,48.0,465,,,672,32256,,21.569834030000003,,,,,,,,,,,,,,
0.009999999776482582,0.004489087499678135,69,48.0,466,4067,-6.367181777954102,676,32640,0.003,21.554875350000003,,,,,,,,,,,,,,
,,70,48.0,466,,,680,32640,,21.554875350000003,,,,,,,,,,,,,,
0.009999999776482582,0.008638567291200161,70,48.0,465,4115,-6.551342010498047,684,33024,0.003,21.532377089999997,0.6927665791602418,0.0,0.9386831572732834,0.1100710529894955,0,0.04171734139074367,0.8168461174978693,0.0,0.09832572672668001,1.0,0.16716941914434488,0.0,0.5992368544918184,0.0
,,70,48.0,465,,,688,33024,,21.532377089999997,,,,,,,,,,,,,,
0.009999999776482582,0.004741518758237362,71,48.0,466,4163,-6.364469528198242,692,33408,0.003,21.552756440000003,,,,,,,,,,,,,,
,,71,48.0,466,,,696,33408,,21.552756440000003,,,,,,,,,,,,,,
0.009999999776482582,0.005891238339245319,72,48.0,465,4211,-6.465251922607422,700,33792,0.003,21.54631017,0.6764055128869613,0.0,0.9010355146219007,0.1419282704599997,0,0.07984120372645476,0.8230627165146427,0.0,0.10701735460168607,0.9868421052631579,0.2166551621964804,0.0,0.634768458647942,0.05482549457959081
,,72,48.0,465,,,704,33792,,21.54631017,,,,,,,,,,,,,,
0.009999999776482582,0.0042355963960289955,73,48.0,466,4259,-6.677577972412109,708,34176,0.003,21.53208744,,,,,,,,,,,,,,
,,73,48.0,466,,,712,34176,,21.53208744,,,,,,,,,,,,,,
0.009999999776482582,0.004907162860035896,74,48.0,466,4307,-6.786145210266113,716,34560,0.003,21.525331720000004,0.7551623683455906,0.0,0.881900952995622,0.12264295728127693,0,0.11235696001218781,0.8120773803812308,0.0,0.13545381813307925,1.0,0.18198028470037647,0.0,0.5999527692177562,0.0
,,74,48.0,465,,,720,34560,,21.525331720000004,,,,,,,,,,,,,,
0.009999999776482582,0.004558498039841652,74,48.0,467,4355,-7.036412715911865,724,34944,0.003,21.50893187,,,,,,,,,,,,,,
,,74,48.0,467,,,728,34944,,21.50893187,,,,,,,,,,,,,,
0.009999999776482582,0.011825880035758018,75,48.0,466,4403,-6.5622968673706055,732,35328,0.003,21.398572819999995,0.5641098646138046,0.0,0.8302197878113285,0.29568000445356374,0,0.2501410330305196,0.8520423609980923,0.0,0.11719563130286009,1.0,0.17707962589392298,0.0,0.5922386709792339,0.0
,,75,48.0,465,,,736,35328,,21.398572819999995,,,,,,,,,,,,,,
0.009999999776482582,0.004907440394163132,76,48.0,467,4451,-6.847023010253906,740,35712,0.003,21.398277829999998,,,,,,,,,,,,,,
,,76,48.0,467,,,744,35712,,21.398277829999998,,,,,,,,,,,,,,
0.009999999776482582,0.004843972157686949,77,48.0,466,4499,-6.978650093078613,748,36096,0.003,21.42070169,0.6500957301337759,0.0,0.9180874376536102,0.12548357873775795,0,0.07123927831605548,0.8473583153913623,0.0,0.09190192158340695,0.9846491228070176,0.1796743183358175,0.02040816326530612,0.5971705863969704,0.10635399695598369
,,77,48.0,466,,,752,36096,,21.42070169,,,,,,,,,,,,,,
0.009999999776482582,0.004344242624938488,78,48.0,467,4547,-7.088203430175781,756,36480,0.003,21.389206090000002,,,,,,,,,,,,,,
,,78,48.0,467,,,760,36480,,21.389206090000002,,,,,,,,,,,,,,
0.009999999776482582,0.006969104986637831,79,48.0,466,4595,-7.118518352508545,764,36864,0.003,21.384919840000002,0.696746046776031,0.0,0.9009001986976259,0.1053674682979308,0,0.08453508575708281,0.8653531218659312,0.0,0.0864610500246754,1.0,0.22753718367350867,0.0,0.6240707411565656,0.0
,,79,48.0,466,,,768,36864,,21.384919840000002,,,,,,,,,,,,,,
0.009999999776482582,0.004610784351825714,79,48.0,467,4643,-7.245394706726074,772,37248,0.003,21.34208376,,,,,,,,,,,,,,
,,79,48.0,467,,,776,37248,,21.34208376,,,,,,,,,,,,,,
0.009999999776482582,0.009376522153615952,80,48.0,466,4691,-7.192531585693359,780,37632,0.003,21.344828619999998,0.6751469948723259,0.0,0.8900740008836577,0.1457879218967978,0,0.13395945140133023,0.8640487812600981,0.0,0.09045660052430214,1.0,0.182018297383328,0.0,0.567242290750087,0.0
,,80,48.0,466,,,784,37632,,21.344828619999998,,,,,,,,,,,,,,
0.009999999776482582,0.008065924048423767,81,48.0,467,4739,-7.173382759094238,788,38016,0.003,21.35560384,,,,,,,,,,,,,,
,,81,48.0,467,,,792,38016,,21.35560384,,,,,,,,,,,,,,
0.009999999776482582,0.004880649037659168,82,48.0,465,4787,-7.099285125732422,796,38400,0.003,21.303973459999998,0.6975860592923253,0.0,0.9239082289856995,0.10518867254101949,0,0.0530604706330928,0.8436460553981011,0.0,0.08944374538767229,1.0,0.1755722737410148,0.0,0.6010897898806716,0.0
,,82,48.0,465,,,800,38400,,21.303973459999998,,,,,,,,,,,,,,
0.009999999776482582,0.007406305521726608,83,48.0,466,4835,-6.9873456954956055,804,38784,0.003,21.302947970000005,,,,,,,,,,,,,,
,,83,48.0,466,,,808,38784,,21.302947970000005,,,,,,,,,,,,,,
0.009999999776482582,0.0032936474308371544,83,48.0,467,4883,-7.628546714782715,812,39168,0.003,21.300739280000002,,,,,,,,,,,,,,
,,83,48.0,467,,,816,39168,,21.300739280000002,,,,,,,,,,,,,,
0.009999999776482582,0.005248473025858402,84,48.0,466,4931,-7.1483283042907715,820,39552,0.003,21.295500379999993,0.6477066640604165,0.0,0.911527816338997,0.12054807284514046,0,0.06250715066599001,0.8574678750051935,0.0,0.09340963337069377,1.0,0.2203614314481399,0.0,0.6160618302003495,0.0
,,84,48.0,466,,,824,39552,,21.295500379999993,,,,,,,,,,,,,,
0.009999999776482582,0.006120196543633938,85,48.0,467,4979,-7.277440547943115,828,39936,0.003,21.365359590000004,,,,,,,,,,,,,,
,,85,48.0,467,,,832,39936,,21.365359590000004,,,,,,,,,,,,,,
0.009999999776482582,0.006498907692730427,86,48.0,466,5027,-7.200484752655029,836,40320,0.003,21.459474959999998,0.6727689051767651,0.0,0.9173582015860524,0.11172048969886676,0,0.05329871618064242,0.8524814696325739,0.0,0.09896824595448458,1.0,0.18868827012014291,0.0,0.6179123168134069,0.0
,,86,48.0,466,,,840,40320,,21.459474959999998,,,,,,,,,,,,,,
0.009999999776482582,0.011453500017523766,87,48.0,467,5075,-7.356012344360352,844,40704,0.003,21.46171941,,,,,,,,,,,,,,
,,87,48.0,467,,,848,40704,,21.46171941,,,,,,,,,,,,,,
0.009999999776482582,0.0074022975750267506,87,48.0,466,5123,-7.708680152893066,852,41088,0.003,21.46260289,0.6657570342281294,0.0,0.9204196615750163,0.09934418991443271,0,0.051205421369819155,0.8370563677976733,0.0,0.10726842521007467,1.0,0.1964004273519061,0.0,0.6118374084372037,0.0
,,88,48.0,466,,,856,41088,,21.46260289,,,,,,,,,,,,,,
0.009999999776482582,0.007431410253047943,88,48.0,467,5171,-7.345612525939941,860,41472,0.003,21.492435009999998,,,,,,,,,,,,,,
,,88,48.0,467,,,864,41472,,21.492435009999998,,,,,,,,,,,,,,
0.009999999776482582,0.0071225594729185104,89,48.0,467,5219,-7.2940874099731445,868,41856,0.003,21.51686205,0.7440581227704837,0.0,0.9252456574679108,0.09009855405918872,0,0.03996148931813803,0.8367121448919889,0.0,0.0942214340777351,1.0,0.15628576062653626,0.0,0.5952242101700227,0.0
,,89,48.0,466,,,872,41856,,21.51686205,,,,,,,,,,,,,,
0.009999999776482582,0.005722713191062212,90,48.0,467,5267,-7.616700649261475,876,42240,0.003,21.513403370000002,,,,,,,,,,,,,,
,,90,48.0,467,,,880,42240,,21.513403370000002,,,,,,,,,,,,,,
0.009999999776482582,0.00760489609092474,91,48.0,467,5315,-7.751919746398926,884,42624,0.003,21.537182830000003,0.7001040118950621,0.0,0.8898814784892438,0.11225158041167083,0,0.08352825663004274,0.8591275322791673,0.0,0.09423334008662705,1.0,0.23248850116340325,0.0,0.6135449331291697,0.0
,,91,48.0,467,,,888,42624,,21.537182830000003,,,,,,,,,,,,,,
0.009999999776482582,0.004805698990821838,91,48.0,468,5363,-7.743302822113037,892,43008,0.003,21.56055518,,,,,,,,,,,,,,
,,91,48.0,468,,,896,43008,,21.56055518,,,,,,,,,,,,,,
0.009999999776482582,0.00539878336712718,92,48.0,467,5411,-7.843202114105225,900,43392,0.003,21.5850852,0.7568392464962191,0.0,0.9016529907640833,0.10029963334858387,0,0.07385107780133557,0.8458256537198211,0.0,0.09679615221512786,1.0,0.19125812137412196,0.0,0.6022976983649185,0.0
,,92,48.0,467,,,904,43392,,21.5850852,,,,,,,,,,,,,,
0.009999999776482582,0.003565448336303234,93,48.0,468,5459,-7.986792087554932,908,43776,0.003,21.561853920000004,,,,,,,,,,,,,,
,,93,48.0,468,,,912,43776,,21.561853920000004,,,,,,,,,,,,,,
0.009999999776482582,0.0075890193693339825,94,48.0,467,5507,-7.6653523445129395,916,44160,0.003,21.594031349999995,0.689766071610878,0.0,0.9033233464635836,0.109265554784708,0,0.07115796639222118,0.8575274711350196,0.0,0.09334890072797968,1.0,0.18145557505833879,0.0,0.601228658320235,0.0
,,94,48.0,467,,,920,44160,,21.594031349999995,,,,,,,,,,,,,,
0.009999999776482582,0.004320940934121609,95,48.0,468,5555,-7.8807196617126465,924,44544,0.003,21.596053059999996,,,,,,,,,,,,,,
,,95,48.0,468,,,928,44544,,21.596053059999996,,,,,,,,,,,,,,
0.009999999776482582,0.009138835594058037,96,48.0,467,5603,-7.434244155883789,932,44928,0.003,21.56143231,0.6803678113240019,0.0,0.9146050302005014,0.11859746419395321,0,0.05717823133765369,0.8510678445187557,0.0,0.09586330942655616,1.0,0.19021416699415034,0.0,0.6090236070330165,0.0
,,96,48.0,467,,,936,44928,,21.56143231,,,,,,,,,,,,,,
0.009999999776482582,0.0055381497368216515,96,48.0,468,5651,-7.947964668273926,940,45312,0.003,21.557996050000007,,,,,,,,,,,,,,
,,96,48.0,468,,,944,45312,,21.557996050000007,,,,,,,,,,,,,,
0.009999999776482582,0.012136081233620644,98,48.0,466,5699,-8.15898609161377,948,45696,0.003,21.573550620000002,0.706853963612867,0.0,0.9057713712619962,0.11051608998578281,0,0.060791124516890636,0.870662242598842,0.0,0.09001928370551004,0.9945175438596491,0.21317331245410084,0.0,0.601251799700536,0.03798357034142275
,,98,48.0,465,,,952,45696,,21.573550620000002,,,,,,,,,,,,,,
0.009999999776482582,0.004330551251769066,98,48.0,466,5747,-7.719651222229004,956,46080,0.003,21.57515644,,,,,,,,,,,,,,
,,98,48.0,466,,,960,46080,,21.57515644,,,,,,,,,,,,,,
0.009999999776482582,0.0031658783555030823,99,48.0,466,5795,-7.670085906982422,964,46464,0.003,21.565579150000005,0.7450338678353554,0.0,0.9098571309893186,0.08318860537405817,0,0.05813966353616791,0.8363647507759181,0.0,0.10445706718713844,1.0,0.20294090640771634,0.0,0.6189089313488557,0.0
,,99,48.0,465,,,968,46464,,21.565579150000005,,,,,,,,,,,,,,
0.009999999776482582,0.00601681973785162,100,48.0,466,5843,-8.095841407775879,972,46848,0.003,21.56089487,,,,,,,,,,,,,,
,,100,48.0,466,,,976,46848,,21.56089487,,,,,,,,,,,,,,
0.009999999776482582,0.007400912698358297,101,48.0,466,5891,-8.122746467590332,980,47232,0.003,21.569953560000002,0.7279183077221881,0.0,0.9300872758598431,0.07655904433308011,0,0.044841192572550884,0.8531797818372852,0.0,0.08725465045537903,1.0,0.1980172118296037,0.0,0.6030937961748936,0.0
,,101,48.0,466,,,984,47232,,21.569953560000002,,,,,,,,,,,,,,
0.009999999776482582,0.006128271110355854,101,48.0,467,5939,-8.194364547729492,988,47616,0.003,21.563742009999995,,,,,,,,,,,,,,
,,101,48.0,466,,,992,47616,,21.563742009999995,,,,,,,,,,,,,,
0.009999999776482582,0.0084832226857543,102,48.0,466,5987,-7.980530738830566,996,48000,0.003,21.57639294,0.7338337220360689,0.0,0.9228378475584017,0.0705016928867566,0,0.057025809428164355,0.8514610709573949,0.0,0.09243392486292173,0.9945175438596491,0.22669370478716078,0.0,0.6155297768277911,0.03798357034142275
,,102,48.0,466,,,1000,48000,,21.57639294,,,,,,,,,,,,,,
0.009999999776482582,0.0038264826871454716,103,48.0,467,6035,-7.860919952392578,1004,48384,0.003,21.57556834,,,,,,,,,,,,,,
,,103,48.0,467,,,1008,48384,,21.57556834,,,,,,,,,,,,,,
0.009999999776482582,0.00409623421728611,104,48.0,468,6083,-8.529502868652344,1012,48768,0.003,21.587708319999997,,,,,,,,,,,,,,
,,104,48.0,468,,,1016,48768,,21.587708319999997,,,,,,,,,,,,,,
0.009999999776482582,0.006379976868629456,105,48.0,467,6131,-8.273369789123535,1020,49152,0.003,21.56578857,0.7057712531472606,0.0,0.9165795909770368,0.0974621542188938,0,0.07022822419568146,0.8402793746202983,0.0,0.10991885688687207,0.9945175438596491,0.21029771474119605,0.0,0.6004199499489111,0.03798357034142275
,,105,48.0,467,,,1024,49152,,21.56578857,,,,,,,,,,,,,,
0.009999999776482582,0.006715948227792978,105,48.0,468,6179,-7.776611804962158,1028,49536,0.003,21.568019319999998,,,,,,,,,,,,,,
,,105,48.0,468,,,1032,49536,,21.568019319999998,,,,,,,,,,,,,,
0.009999999776482582,0.004470253828912973,106,48.0,467,6227,-8.20901870727539,1036,49920,0.003,21.560515010000003,0.7819531222648417,0.0,0.918872384601292,0.08135814222764556,0,0.06865493989053219,0.825198207399229,0.0,0.11184454923579742,1.0,0.19752641582991684,0.0,0.5925025233274145,0.0
,,106,48.0,467,,,1040,49920,,21.560515010000003,,,,,,,,,,,,,,
0.009999999776482582,0.008591098710894585,107,48.0,468,6275,-8.406341552734375,1044,50304,0.003,21.548765620000005,,,,,,,,,,,,,,
,,107,48.0,468,,,1048,50304,,21.548765620000005,,,,,,,,,,,,,,
0.009999999776482582,0.0030140492599457502,108,48.0,467,6323,-8.052846908569336,1052,50688,0.003,21.54078601,0.7873671581203491,0.0,0.9153166743829013,0.07386316212844155,0,0.07245493024931077,0.8352691103598701,0.0,0.09462394098959849,1.0,0.18639793007946295,0.0,0.6075732080890591,0.0
,,108,48.0,467,,,1056,50688,,21.54078601,,,,,,,,,,,,,,
0.009999999776482582,0.005627850070595741,109,48.0,468,6371,-7.893721103668213,1060,51072,0.003,21.549970790000003,,,,,,,,,,,,,,
,,109,48.0,468,,,1064,51072,,21.549970790000003,,,,,,,,,,,,,,
0.009999999776482582,0.007507444825023413,109,48.0,467,6419,-8.36512565612793,1068,51456,0.003,21.5628754,0.7056713569790384,0.0,0.9083878120252752,0.1149976010096935,0,0.05677840372844105,0.8779608337844312,0.0,0.08137541829163313,1.0,0.20386840283383748,0.0,0.6049187458731239,0.0
,,110,48.0,467,,,1072,51456,,21.5628754,,,,,,,,,,,,,,
0.009999999776482582,0.006923341192305088,110,48.0,468,6467,-8.31563663482666,1076,51840,0.003,21.54727467,,,,,,,,,,,,,,
,,110,48.0,468,,,1080,51840,,21.54727467,,,,,,,,,,,,,,
0.009999999776482582,0.005759157240390778,111,48.0,468,6515,-8.610722541809082,1084,52224,0.003,21.535870560000003,0.7843386801791085,0.0,0.9155725121153332,0.11237940008938606,0,0.07036171931682168,0.8322130573636822,0.0,0.0894519732375143,1.0,0.18178481636381114,0.0,0.596254846817212,0.0
,,111,48.0,467,,,1088,52224,,21.535870560000003,,,,,,,,,,,,,,
0.009999999776482582,0.005556126125156879,112,48.0,466,6563,-8.57140064239502,1092,52608,0.003,21.540007490000008,,,,,,,,,,,,,,
,,112,48.0,466,,,1096,52608,,21.540007490000008,,,,,,,,,,,,,,
0.009999999776482582,0.0033360361121594906,113,48.0,466,6611,-8.578994750976562,1100,52992,0.003,21.541892239999996,0.7683418931662687,0.0,0.9095023094046559,0.08915726451089687,0,0.06758208858059266,0.8605488196308922,0.0,0.0850019312107064,0.9989035087719298,0.22698698185938332,0.0,0.6074188070686265,0.007596714068284557
,,113,48.0,466,,,1104,52992,,21.541892239999996,,,,,,,,,,,,,,
0.009999999776482582,0.005388137884438038,114,48.0,467,6659,-8.112899780273438,1108,53376,0.003,21.553117469999997,,,,,,,,,,,,,,
,,114,48.0,467,,,1112,53376,,21.553117469999997,,,,,,,,,,,,,,
0.009999999776482582,0.0035208682529628277,115,48.0,466,6707,-8.577506065368652,1116,53760,0.003,21.57225297,0.776038312512358,0.0,0.9281895722316923,0.0936886634452248,0,0.043033499877654056,0.8438772107254893,0.0,0.07983745976365136,1.0,0.16504734066568527,0.0,0.5830271488374704,0.0
,,115,48.0,466,,,1120,53760,,21.57225297,,,,,,,,,,,,,,
0.009999999776482582,0.0084443474188447,115,48.0,467,6755,-8.519710540771484,1124,54144,0.003,21.59779363,,,,,,,,,,,,,,
,,115,48.0,467,,,1128,54144,,21.59779363,,,,,,,,,,,,,,
0.009999999776482582,0.007489651441574097,116,48.0,466,6803,-8.006645202636719,1132,54528,0.003,21.585340229999996,0.7876811809338736,0.0,0.9086645636894952,0.08478048600113994,0,0.05638108415002007,0.8492232279499374,0.0,0.08647654356321537,1.0,0.1962899119486697,0.0,0.6111377008646217,0.0
,,116,48.0,466,,,1136,54528,,21.585340229999996,,,,,,,,,,,,,,
0.009999999776482582,0.01259213499724865,117,48.0,467,6851,-8.36967658996582,1140,54912,0.003,21.616496480000006,,,,,,,,,,,,,,
,,117,48.0,467,,,1144,54912,,21.616496480000006,,,,,,,,,,,,,,
0.009999999776482582,0.009605085477232933,118,48.0,467,6899,-8.412009239196777,1148,55296,0.003,21.625487399999997,0.7385185972421403,0.0,0.9061673358650311,0.11793674848993042,0,0.08372516984494129,0.8551006509930911,0.0,0.09753392595032898,1.0,0.24838557745169712,0.0,0.613157097873079,0.0
,,118,48.0,467,,,1152,55296,,21.625487399999997,,,,,,,,,,,,,,
0.009999999776482582,0.005504731088876724,118,48.0,467,6947,-8.382369995117188,1156,55680,0.003,21.613456529999993,,,,,,,,,,,,,,
,,119,48.0,467,,,1160,55680,,21.613456529999993,,,,,,,,,,,,,,
0.009999999776482582,0.007903399877250195,119,48.0,467,6995,-8.498234748840332,1164,56064,0.003,21.58353606,0.7221071504469687,0.0,0.9009485630011759,0.1138797406537616,0,0.11358404527460511,0.8482872671608214,0.0,0.11353075379539862,0.9956140350877193,0.22315655927470981,0.0,0.5877674827816085,0.030386856273138196
,,119,48.0,467,,,1168,56064,,21.58353606,,,,,,,,,,,,,,
0.009999999776482582,0.01132860779762268,120,48.0,467,7043,-8.266505241394043,1172,56448,0.003,21.552508649999996,,,,,,,,,,,,,,
,,120,48.0,467,,,1176,56448,,21.552508649999996,,,,,,,,,,,,,,
0.009999999776482582,0.009077687747776508,121,48.0,467,7091,-9.054177284240723,1180,56832,0.003,21.571251989999997,0.7367940536220113,0.0,0.9023239359218934,0.12420079126818616,0,0.08790226755019173,0.853912905587388,0.0,0.09227428804475203,0.9956140350877193,0.22876318669414583,0.0,0.6034868232018689,0.030386856273138196
,,121,48.0,467,,,1184,56832,,21.571251989999997,,,,,,,,,,,,,,
0.009999999776482582,0.012162108905613422,122,48.0,467,7139,-8.92549991607666,1188,57216,0.003,21.602623899999994,,,,,,,,,,,,,,
,,122,48.0,467,,,1192,57216,,21.602623899999994,,,,,,,,,,,,,,
0.009999999776482582,0.009936615824699402,123,48.0,467,7187,-8.714112281799316,1196,57600,0.003,21.58247334,0.7842801131417207,0.0,0.9162454023308371,0.11586673761206791,0,0.05937879090188511,0.8284976212943495,0.0,0.09612268019187328,0.9945175438596491,0.19049235550556812,0.0,0.6004567053330248,0.03798357034142275
,,123,48.0,467,,,1200,57600,,21.58247334,,,,,,,,,,,,,,
0.009999999776482582,0.0032587572932243347,123,48.0,468,7235,-8.711929321289062,1204,57984,0.003,21.54837445,,,,,,,,,,,,,,
,,123,48.0,468,,,1208,57984,,21.54837445,,,,,,,,,,,,,,
0.009999999776482582,0.003233046503737569,124,48.0,468,7283,-8.593539237976074,1212,58368,0.003,21.528835739999998,,,,,,,,,,,,,,
,,124,48.0,468,,,1216,58368,,21.528835739999998,,,,,,,,,,,,,,
0.009999999776482582,0.0042189029045403,125,48.0,468,7331,-8.571551322937012,1220,58752,0.003,21.50250118,0.7224681636161601,0.0,0.9202425676604393,0.13413056337211163,0,0.052192535834794426,0.859748700260062,0.0,0.08615490612774832,0.9945175438596491,0.21831570206168666,0.0,0.5944844912306405,0.03798357034142275
,,125,48.0,468,,,1224,58752,,21.50250118,,,,,,,,,,,,,,
0.009999999776482582,0.006899628788232803,126,48.0,468,7379,-8.849058151245117,1228,59136,0.003,21.492677959999995,,,,,,,,,,,,,,
,,126,48.0,468,,,1232,59136,,21.492677959999995,,,,,,,,,,,,,,
0.009999999776482582,0.0051394253969192505,127,48.0,467,7427,-8.64102554321289,1236,59520,0.003,21.49970928,0.7643421411167253,0.0,0.9107227096407469,0.10770302931397847,0,0.05864896353462186,0.8517178173565542,0.0,0.101660604674104,0.9912280701754387,0.22525135935820179,0.0,0.5920755937518013,0.04251388137335975
,,127,48.0,467,,,1240,59520,,21.49970928,,,,,,,,,,,,,,
0.009999999776482582,0.002957398071885109,128,48.0,467,7475,-8.477272033691406,1244,59904,0.003,21.492232819999998,,,,,,,,,,,,,,
,,128,48.0,467,,,1248,59904,,21.492232819999998,,,,,,,,,,,,,,
0.009999999776482582,0.006103594321757555,129,48.0,467,7523,-8.979395866394043,1252,60288,0.003,21.48202313,0.7565000182164825,0.0,0.9231947492235248,0.08358378971389442,0,0.037558131399642244,0.8590376655047445,0.0,0.07945951183682588,1.0,0.17065290601561986,0.0,0.5910256969881376,0.0
,,129,48.0,467,,,1256,60288,,21.48202313,,,,,,,,,,,,,,
0.009999999776482582,0.003625311655923724,129,48.0,467,7571,-9.090292930603027,1260,60672,0.003,21.468625929999995,,,,,,,,,,,,,,
,,129,48.0,467,,,1264,60672,,21.468625929999995,,,,,,,,,,,,,,
0.009999999776482582,0.007059094496071339,130,48.0,467,7619,-8.77566146850586,1268,61056,0.003,21.476133080000004,0.7211658039524498,0.0,0.9130592080666782,0.12060603731747353,0,0.06033320438653964,0.8588973050812476,0.0,0.08910925816144755,0.9978070175438596,0.24337145175235994,0.0,0.6204253533650474,0.015193428136569096
,,130,48.0,467,,,1272,61056,,21.476133080000004,,,,,,,,,,,,,,
0.009999999776482582,0.005666804034262896,131,48.0,467,7667,-9.031681060791016,1276,61440,0.003,21.482121649999996,,,,,,,,,,,,,,
,,131,48.0,467,,,1280,61440,,21.482121649999996,,,,,,,,,,,,,,
0.009999999776482582,0.007880860939621925,132,48.0,467,7715,-9.35667610168457,1284,61824,0.003,21.49009149,0.8153594407153023,0.0,0.9076849978452514,0.08116314380162976,0,0.06661216482114463,0.8261441842015099,0.0,0.09417206511094575,1.0,0.20428986092143303,0.0,0.6000576382978723,0.0
,,132,48.0,467,,,1288,61824,,21.49009149,,,,,,,,,,,,,,
0.009999999776482582,0.008122754283249378,133,48.0,467,7763,-9.069522857666016,1292,62208,0.003,21.47037338,,,,,,,,,,,,,,
,,133,48.0,467,,,1296,62208,,21.47037338,,,,,,,,,,,,,,
0.009999999776482582,0.006616373546421528,133,48.0,467,7811,-8.73487663269043,1300,62592,0.003,21.49073632,0.8099792992235096,0.0,0.9118479747816695,0.09285314632300626,0,0.056500409935764655,0.8317865739661011,0.0,0.09967255520639362,1.0,0.20172148805856074,0.0,0.5958988085397264,0.0
,,133,48.0,467,,,1304,62592,,21.49073632,,,,,,,,,,,,,,
0.009999999776482582,0.004071461968123913,134,48.0,467,7859,-8.99068832397461,1308,62976,0.003,21.480561679999997,,,,,,,,,,,,,,
,,134,48.0,467,,,1312,62976,,21.480561679999997,,,,,,,,,,,,,,
0.009999999776482582,0.003691393416374922,135,48.0,467,7907,-8.853961944580078,1316,63360,0.003,21.49708208,0.797244285164404,0.0,0.9010987162245251,0.10237926425478977,0,0.06728982838841598,0.83143885749838,0.0,0.1041003969943422,0.9945175438596491,0.20165515574301807,0.0,0.5997410927768554,0.03798357034142275
,,135,48.0,467,,,1320,63360,,21.49708208,,,,,,,,,,,,,,
0.009999999776482582,0.007997071370482445,136,48.0,467,7955,-8.569007873535156,1324,63744,0.003,21.50438978,,,,,,,,,,,,,,
,,136,48.0,467,,,1328,63744,,21.50438978,,,,,,,,,,,,,,
0.009999999776482582,0.007420345209538937,137,48.0,467,8003,-9.118096351623535,1332,64128,0.003,21.52586528,0.7784015697745295,0.0,0.9011003888038427,0.09912261802586973,0,0.07268881265656087,0.8334490728002829,0.0,0.10467630267437437,0.9945175438596491,0.1955693518644741,0.0,0.5953742958018269,0.03798357034142275
,,137,48.0,467,,,1336,64128,,21.52586528,,,,,,,,,,,,,,
0.009999999776482582,0.006428277585655451,137,48.0,468,8051,-8.946231842041016,1340,64512,0.003,21.504537969999998,,,,,,,,,,,,,,
,,137,48.0,467,,,1344,64512,,21.504537969999998,,,,,,,,,,,,,,
0.009999999776482582,0.004868707619607449,138,48.0,467,8099,-9.041274070739746,1348,64896,0.003,21.47770441,0.8078339346470532,0.0,0.9047242234819477,0.09247836953876673,0,0.06284643870997715,0.843060678181762,0.0,0.08972889377743688,1.0,0.22312941828567706,0.0,0.6026810667400843,0.0
,,138,48.0,467,,,1352,64896,,21.47770441,,,,,,,,,,,,,,
0.009999999776482582,0.006501474417746067,139,48.0,468,8147,-9.255988121032715,1356,65280,0.003,21.47749208,,,,,,,,,,,,,,
,,139,48.0,468,,,1360,65280,,21.47749208,,,,,,,,,,,,,,
0.009999999776482582,0.00402404461055994,140,48.0,467,8195,-8.811086654663086,1364,65664,0.003,21.479341360000003,0.7869867929043469,0.0,0.9142205924059135,0.10369862583249416,0,0.05868080161730587,0.8351161891698028,0.0,0.10763141769668275,1.0,0.19843340230165027,0.0,0.5965685531420414,0.0
,,140,48.0,467,,,1368,65664,,21.479341360000003,,,,,,,,,,,,,,
0.009999999776482582,0.004118018317967653,141,48.0,468,8243,-9.317604064941406,1372,66048,0.003,21.497728409999993,,,,,,,,,,,,,,
,,141,48.0,468,,,1376,66048,,21.497728409999993,,,,,,,,,,,,,,
0.009999999776482582,0.008842249400913715,142,48.0,467,8291,-8.701067924499512,1380,66432,0.003,21.51068758,0.8003598454916614,0.0,0.922002550499362,0.08730754162543841,0,0.04282393190061107,0.8286720123207489,0.0,0.09554689717939482,1.0,0.1915349653729422,0.0,0.6037550773183032,0.0
,,142,48.0,467,,,1384,66432,,21.51068758,,,,,,,,,,,,,,
0.009999999776482582,0.005735039245337248,143,48.0,466,8339,-8.733241081237793,1388,66816,0.003,21.517858649999997,,,,,,,,,,,,,,
,,143,48.0,466,,,1392,66816,,21.517858649999997,,,,,,,,,,,,,,
0.009999999776482582,0.0072645689360797405,144,48.0,466,8387,-8.42311954498291,1396,67200,0.003,21.540670499999997,0.812449544998421,0.0,0.8956516618286547,0.10789762063088104,0,0.06215392662537625,0.8085429228679666,0.0,0.12374172718595049,0.9956140350877193,0.18530668217588026,0.0,0.6023131613274366,0.030386856273138196
,,144,48.0,466,,,1400,67200,,21.540670499999997,,,,,,,,,,,,,,
0.009999999776482582,0.004316292703151703,144,48.0,467,8435,-9.220010757446289,1404,67584,0.003,21.544835700000004,,,,,,,,,,,,,,
,,144,48.0,467,,,1408,67584,,21.544835700000004,,,,,,,,,,,,,,
0.009999999776482582,0.0050477031618356705,145,48.0,467,8483,-8.945714950561523,1412,67968,0.003,21.539446870000003,,,,,,,,,,,,,,
,,145,48.0,467,,,1416,67968,,21.539446870000003,,,,,,,,,,,,,,
0.009999999776482582,0.006238437257707119,146,48.0,467,8531,-9.627886772155762,1420,68352,0.003,21.53592973,0.762434162377668,0.0,0.9197169069996373,0.12049121982296394,0,0.043081457391720555,0.8421270139961018,0.0,0.09616266741408949,0.9945175438596491,0.17054231789963237,0.0,0.583815644261899,0.03798357034142275
,,146,48.0,467,,,1424,68352,,21.53592973,,,,,,,,,,,,,,
0.009999999776482582,0.004642314277589321,146,48.0,467,8579,-9.064228057861328,1428,68736,0.003,21.519275970000002,,,,,,,,,,,,,,
,,146,48.0,467,,,1432,68736,,21.519275970000002,,,,,,,,,,,,,,
0.009999999776482582,0.0033245945814996958,147,48.0,467,8627,-9.371804237365723,1436,69120,0.003,21.533625810000004,0.8339007256851771,0.0,0.8932837176951297,0.08391251483824043,0,0.07386209502410311,0.7996252104325361,0.0,0.11901935269465512,0.9890350877192983,0.20806492275306404,0.0,0.6114477028504902,0.053142351716699704
,,147,48.0,467,,,1440,69120,,21.533625810000004,,,,,,,,,,,,,,
0.009999999776482582,0.006902948021888733,148,48.0,468,8675,-9.022439002990723,1444,69504,0.003,21.516104719999998,,,,,,,,,,,,,,
,,148,48.0,468,,,1448,69504,,21.516104719999998,,,,,,,,,,,,,,
0.009999999776482582,0.003804793581366539,149,48.0,467,8723,-8.871370315551758,1452,69888,0.003,21.549231450000008,0.7898490140285678,0.0,0.9033337565972568,0.12557211828795056,0,0.07686255724660107,0.8017377827229956,0.0,0.12343940411146406,0.9945175438596491,0.23712005280223472,0.0,0.60078155264785,0.03798357034142275
,,149,48.0,467,,,1456,69888,,21.549231450000008,,,,,,,,,,,,,,
0.009999999776482582,0.008099561557173729,150,48.0,468,8771,-9.14751148223877,1460,70272,0.003,21.56313243,,,,,,,,,,,,,,
,,150,48.0,468,,,1464,70272,,21.56313243,,,,,,,,,,,,,,
0.009999999776482582,0.006937118247151375,150,48.0,468,8819,-9.411506652832031,1468,70656,0.003,21.569986860000004,0.7457612525096612,0.0,0.9217556534636464,0.14616506933466988,0,0.056501731496980914,0.8325273100808366,0.0,0.09534579125168756,0.9945175438596491,0.21883446344600485,0.0,0.591209386143532,0.03798357034142275
,,150,48.0,467,,,1472,70656,,21.569986860000004,,,,,,,,,,,,,,
0.009999999776482582,0.005069605074822903,151,48.0,468,8867,-9.136029243469238,1476,71040,0.003,21.575037419999997,,,,,,,,,,,,,,
,,151,48.0,468,,,1480,71040,,21.575037419999997,,,,,,,,,,,,,,
0.009999999776482582,0.007564352825284004,152,48.0,468,8915,-9.402291297912598,1484,71424,0.003,21.579172359999998,0.7501574575554002,0.0,0.9117296984872727,0.1629466240849604,0,0.05469759334304021,0.8167074296536901,0.0,0.12952645296621912,0.9945175438596491,0.21259531481151972,0.0,0.597849089608239,0.03798357034142275
,,152,48.0,468,,,1488,71424,,21.579172359999998,,,,,,,,,,,,,,
0.009999999776482582,0.0062891836278140545,153,48.0,468,8963,-9.185232162475586,1492,71808,0.003,21.574044369999996,,,,,,,,,,,,,,
,,153,48.0,468,,,1496,71808,,21.574044369999996,,,,,,,,,,,,,,
0.009999999776482582,0.00844912976026535,154,48.0,468,9011,-9.112526893615723,1500,72192,0.003,21.55438225,0.7720150719752984,0.0,0.9100427945921087,0.09390802005530742,0,0.05958226442846619,0.8430482037811055,0.0,0.0941989252175054,0.9945175438596491,0.2164075031467696,0.0,0.6051604890856107,0.03798357034142275
,,154,48.0,468,,,1504,72192,,21.55438225,,,,,,,,,,,,,,
0.009999999776482582,0.0028771450743079185,154,48.0,468,9059,-9.666036605834961,1508,72576,0.003,21.5720726,,,,,,,,,,,,,,
,,154,48.0,468,,,1512,72576,,21.5720726,,,,,,,,,,,,,,
0.009999999776482582,0.0038748951628804207,155,48.0,468,9107,-9.306207656860352,1516,72960,0.003,21.59123883,0.7403580841622441,0.0,0.9088615728539551,0.13049154903403334,0,0.06349720415360152,0.8511428368932538,0.0,0.11088468715388933,0.9945175438596491,0.20795650373648894,0.0,0.5864487623593189,0.03798357034142275
,,155,48.0,468,,,1520,72960,,21.59123883,,,,,,,,,,,,,,
0.009999999776482582,0.004760042764246464,156,48.0,468,9155,-9.067197799682617,1524,73344,0.003,21.62103092,,,,,,,,,,,,,,
,,156,48.0,468,,,1528,73344,,21.62103092,,,,,,,,,,,,,,
0.009999999776482582,0.003427807940170169,157,48.0,467,9203,-9.517904281616211,1532,73728,0.003,21.604821460000004,0.7094309856349975,0.0,0.9050284820815209,0.16411603801865468,0,0.06425859493731277,0.8351044142114064,0.0,0.11328314848597416,0.9945175438596491,0.23534095618576012,0.0,0.6147534716663962,0.03798357034142275
,,157,48.0,467,,,1536,73728,,21.604821460000004,,,,,,,,,,,,,,
0.009999999776482582,0.006852644961327314,158,48.0,467,9251,-9.134783744812012,1540,74112,0.003,21.615067610000004,,,,,,,,,,,,,,
,,158,48.0,467,,,1544,74112,,21.615067610000004,,,,,,,,,,,,,,
0.009999999776482582,0.011007154360413551,159,48.0,467,9299,-9.185338973999023,1548,74496,0.003,21.613931700000002,0.7224604180533926,0.0,0.8988625737740756,0.13587034235090384,0,0.0814467616594495,0.826269280970259,0.0,0.1351391523351654,1.0,0.2073148500566655,0.0,0.605875638886532,0.0
,,159,48.0,467,,,1552,74496,,21.613931700000002,,,,,,,,,,,,,,
0.009999999776482582,0.004278105683624744,159,48.0,468,9347,-9.344548225402832,1556,74880,0.003,21.625727769999997,,,,,,,,,,,,,,
,,159,48.0,468,,,1560,74880,,21.625727769999997,,,,,,,,,,,,,,
0.009999999776482582,0.0048450808972120285,160,48.0,467,9395,-9.305418014526367,1564,75264,0.003,21.60859946,0.7661155885232604,0.0,0.9266759037626721,0.11703917406414724,0,0.04969617612428445,0.8217954244530121,0.0,0.10242659801667305,1.0,0.17899120539604146,0.0,0.594610079234362,0.0
,,160,48.0,467,,,1568,75264,,21.60859946,,,,,,,,,,,,,,
0.009999999776482582,0.004311974626034498,161,48.0,468,9443,-9.762743949890137,1572,75648,0.003,21.603859699999997,,,,,,,,,,,,,,
,,161,48.0,468,,,1576,75648,,21.603859699999997,,,,,,,,,,,,,,
0.009999999776482582,0.00514350738376379,162,48.0,467,9491,-8.800535202026367,1580,76032,0.003,21.55134287,0.7750543620774591,0.0,0.8953306786523261,0.1245355639265433,0,0.07651802973650246,0.7896643181834093,0.0,0.1383429552359808,1.0,0.19639233858288868,0.0,0.6076042899251493,0.0
,,162,48.0,467,,,1584,76032,,21.55134287,,,,,,,,,,,,,,
0.009999999776482582,0.007640575058758259,163,48.0,468,9539,-8.937376022338867,1588,76416,0.003,21.545862650000004,,,,,,,,,,,,,,
,,163,48.0,468,,,1592,76416,,21.545862650000004,,,,,,,,,,,,,,
0.009999999776482582,0.006415363401174545,164,48.0,467,9587,-9.372207641601562,1596,76800,0.003,21.53341047,0.7829758838384385,0.0,0.9096047953338726,0.11513445339849676,0,0.06276136349877161,0.8171610526273853,0.0,0.10406343922140263,0.9945175438596491,0.2237887896662641,0.0,0.6084465236228036,0.03798357034142275
,,164,48.0,467,,,1600,76800,,21.53341047,,,,,,,,,,,,,,
0.009999999776482582,0.005538852885365486,164,48.0,468,9635,-9.77826976776123,1604,77184,0.003,21.546821330000004,,,,,,,,,,,,,,
,,164,48.0,468,,,1608,77184,,21.546821330000004,,,,,,,,,,,,,,
0.009999999776482582,0.006181253120303154,165,48.0,468,9683,-9.399430274963379,1612,77568,0.003,21.538475549999998,,,,,,,,,,,,,,
,,165,48.0,468,,,1616,77568,,21.538475549999998,,,,,,,,,,,,,,
0.009999999776482582,0.004286685027182102,166,48.0,468,9731,-9.129563331604004,1620,77952,0.003,21.517854339999996,0.783671549718564,0.0,0.9155840304088306,0.11349929581186671,0,0.05749557398655846,0.8172068642707911,0.0,0.10538372332278463,1.0,0.22095361073919656,0.0,0.6057797355629563,0.0
,,166,48.0,468,,,1624,77952,,21.517854339999996,,,,,,,,,,,,,,
0.009999999776482582,0.00865255855023861,167,48.0,468,9779,-9.117349624633789,1628,78336,0.003,21.505815640000005,,,,,,,,,,,,,,
,,167,48.0,468,,,1632,78336,,21.505815640000005,,,,,,,,,,,,,,
0.009999999776482582,0.00998208299279213,167,48.0,468,9827,-9.081249237060547,1636,78720,0.003,21.51152489,0.7717850284569985,0.0,0.909638971907334,0.12323850669852622,0,0.05458304580368654,0.830301266360202,0.0,0.09970494484523361,0.9978070175438596,0.20358564024264966,0.0,0.615437343849883,0.015193428136569096
,,167,48.0,468,,,1640,78720,,21.51152489,,,,,,,,,,,,,,
0.009999999776482582,0.004501178860664368,168,48.0,469,9875,-9.444171905517578,1644,79104,0.003,21.501846459999996,,,,,,,,,,,,,,
,,168,48.0,469,,,1648,79104,,21.501846459999996,,,,,,,,,,,,,,
0.009999999776482582,0.010789254680275917,169,48.0,468,9923,-8.703777313232422,1652,79488,0.003,21.48279307,0.8019190379204449,0.0,0.9193441821259583,0.09681633458889347,0,0.047245804349058444,0.8223978327842799,0.0,0.08078864910734807,1.0,0.18094132855652997,0.0,0.6070365457599286,0.0
,,169,48.0,468,,,1656,79488,,21.48279307,,,,,,,,,,,,,,
0.009999999776482582,0.0031101228669285774,170,48.0,469,9971,-9.079082489013672,1660,79872,0.003,21.474038929999995,,,,,,,,,,,,,,
,,170,48.0,469,,,1664,79872,,21.474038929999995,,,,,,,,,,,,,,
0.009999999776482582,0.005446199327707291,171,48.0,468,10019,-9.377785682678223,1668,80256,0.003,21.476152580000004,0.7647671520362962,0.0,0.9212697186903764,0.09526308486895081,0,0.05020389688795553,0.8532173789875039,0.0,0.0868911522403197,0.9956140350877193,0.2018598270803308,0.0,0.5994828153362849,0.030386856273138196
,,171,48.0,468,,,1672,80256,,21.476152580000004,,,,,,,,,,,,,,
0.009999999776482582,0.006859074346721172,171,48.0,469,10067,-9.552323341369629,1676,80640,0.003,21.476262339999998,,,,,,,,,,,,,,
,,171,48.0,469,,,1680,80640,,21.476262339999998,,,,,,,,,,,,,,
0.009999999776482582,0.00425121933221817,173,48.0,468,10115,-9.701672554016113,1684,81024,0.003,21.47324048,0.7509285220947451,0.0,0.899379125872019,0.1341664535918805,0,0.07805845585722945,0.8429624314808523,0.0,0.10084582884238687,1.0,0.2130743055931698,0.0,0.5980479239876408,0.0
,,173,48.0,468,,,1688,81024,,21.47324048,,,,,,,,,,,,,,
0.009999999776482582,0.0077853696420788765,173,48.0,468,10163,-9.517971992492676,1692,81408,0.003,21.47639925,,,,,,,,,,,,,,
,,173,48.0,468,,,1696,81408,,21.47639925,,,,,,,,,,,,,,
0.009999999776482582,0.0024281609803438187,174,48.0,468,10211,-9.049376487731934,1700,81792,0.003,21.465002180000003,0.7838239399407242,0.0,0.9135975839795586,0.11898121629826075,0,0.04799035134692375,0.8374288627677225,0.0,0.10628217607542755,0.9978070175438596,0.1995662009013673,0.0,0.5953024884964423,0.015193428136569096
,,174,48.0,467,,,1704,81792,,21.465002180000003,,,,,,,,,,,,,,
0.009999999776482582,0.008914519101381302,175,48.0,468,10259,-9.194021224975586,1708,82176,0.003,21.42910578,,,,,,,,,,,,,,
,,175,48.0,468,,,1712,82176,,21.42910578,,,,,,,,,,,,,,
0.009999999776482582,0.008088395930826664,176,48.0,468,10307,-9.296990394592285,1716,82560,0.003,21.4434573,0.7866306411629688,0.0,0.9003503288196745,0.10630895014403184,0,0.08358103344363621,0.8283153721862101,0.0,0.1010934640488953,1.0,0.18440947207811736,0.0,0.6046848357713971,0.0
,,176,48.0,468,,,1720,82560,,21.4434573,,,,,,,,,,,,,,
0.009999999776482582,0.006300601176917553,176,48.0,468,10355,-8.93671989440918,1724,82944,0.003,21.454175180000004,,,,,,,,,,,,,,
,,176,48.0,468,,,1728,82944,,21.454175180000004,,,,,,,,,,,,,,
0.009999999776482582,0.006597935222089291,177,48.0,468,10403,-8.99454402923584,1732,83328,0.003,21.429150800000002,0.8050409157318379,0.0,0.8896182169374842,0.1026615666609798,0,0.07090192992612279,0.8321344668149139,0.0,0.11112074652896305,1.0,0.20985943891982825,0.0,0.6083973228045961,0.0
,,177,48.0,468,,,1736,83328,,21.429150800000002,,,,,,,,,,,,,,
0.009999999776482582,0.010736819356679916,178,48.0,468,10451,-9.393950462341309,1740,83712,0.003,21.421437470000004,,,,,,,,,,,,,,
,,178,48.0,468,,,1744,83712,,21.421437470000004,,,,,,,,,,,,,,
0.009999999776482582,0.009261414408683777,179,48.0,468,10499,-9.285907745361328,1748,84096,0.003,21.431137789999998,0.7805466168650209,0.0,0.9193427005247881,0.09516586808031839,0,0.0598022291919301,0.8415583224310358,0.0,0.08836514502328609,1.0,0.23622264955167885,0.0,0.5969843435065697,0.0
,,179,48.0,468,,,1752,84096,,21.431137789999998,,,,,,,,,,,,,,
0.009999999776482582,0.007115921005606651,180,48.0,468,10547,-9.412066459655762,1756,84480,0.003,21.462447409999996,,,,,,,,,,,,,,
,,180,48.0,468,,,1760,84480,,21.462447409999996,,,,,,,,,,,,,,
0.009999999776482582,0.00310030416585505,181,48.0,468,10595,-9.700265884399414,1764,84864,0.003,21.444062669999997,0.8316175150280963,0.0,0.8779855433430678,0.10777294720023282,0,0.08574727667973113,0.8110736716147996,0.0,0.10661546625201317,0.9945175438596491,0.2147890482596925,0.0,0.6164446189556448,0.03798357034142275
,,181,48.0,468,,,1768,84864,,21.444062669999997,,,,,,,,,,,,,,
0.009999999776482582,0.0028072420973330736,181,48.0,468,10643,-9.150079727172852,1772,85248,0.003,21.424434070000004,,,,,,,,,,,,,,
,,181,48.0,468,,,1776,85248,,21.424434070000004,,,,,,,,,,,,,,
0.009999999776482582,0.01692984625697136,182,48.0,468,10691,-8.994590759277344,1780,85632,0.003,21.413232819999998,0.8159617201059098,0.0,0.8795287258426224,0.08990145330850505,0,0.10510982804306797,0.8264957092843901,0.0,0.10426018687627633,1.0,0.21095752090322112,0.0,0.6127617137679318,0.0
,,182,48.0,468,,,1784,85632,,21.413232819999998,,,,,,,,,,,,,,
0.009999999776482582,0.0035124816931784153,183,48.0,469,10739,-9.505852699279785,1788,86016,0.003,21.43146499,,,,,,,,,,,,,,
,,183,48.0,469,,,1792,86016,,21.43146499,,,,,,,,,,,,,,
0.009999999776482582,0.0050867218524217606,184,48.0,468,10787,-9.28842544555664,1796,86400,0.003,21.439805349999997,0.7555763007079719,0.0,0.9035072401733502,0.13308486883261098,0,0.06780186695665076,0.8665979989318623,0.0,0.0897014576550414,1.0,0.23384612237758448,0.0,0.6070961188788117,0.0
,,184,48.0,468,,,1800,86400,,21.439805349999997,,,,,,,,,,,,,,
0.009999999776482582,0.0029903179965913296,185,48.0,469,10835,-9.254264831542969,1804,86784,0.003,21.46380009,,,,,,,,,,,,,,
,,185,48.0,469,,,1808,86784,,21.46380009,,,,,,,,,,,,,,
0.009999999776482582,0.0033942488953471184,185,48.0,469,10883,-9.849897384643555,1812,87168,0.003,21.45328877,,,,,,,,,,,,,,
,,185,48.0,469,,,1816,87168,,21.45328877,,,,,,,,,,,,,,
0.009999999776482582,0.0026779654435813427,186,48.0,469,10931,-9.600550651550293,1820,87552,0.003,21.42847773,0.7500158332701499,0.0,0.9133084187357481,0.10751399398125476,0,0.056847769905427746,0.8561958486317779,0.0,0.09032280185221775,1.0,0.22756440653410456,0.0,0.6220755689119272,0.0
,,186,48.0,469,,,1824,87552,,21.42847773,,,,,,,,,,,,,,
0.009999999776482582,0.005068601109087467,187,48.0,468,10979,-9.397624015808105,1828,87936,0.003,21.42493813,,,,,,,,,,,,,,
,,187,48.0,468,,,1832,87936,,21.42493813,,,,,,,,,,,,,,
0.009999999776482582,0.0037902940530329943,188,48.0,468,11027,-9.524031639099121,1836,88320,0.003,21.43302736,0.7707252207720416,0.0,0.8770184981234906,0.11455685316766252,0,0.11091594916308908,0.8644297157612789,0.0,0.09154803687956696,1.0,0.23411189820975006,0.0,0.5993547742763912,0.0
,,188,48.0,468,,,1840,88320,,21.43302736,,,,,,,,,,,,,,
0.009999999776482582,0.008039823733270168,189,48.0,468,11075,-9.394417762756348,1844,88704,0.003,21.41634943,,,,,,,,,,,,,,
,,189,48.0,468,,,1848,88704,,21.41634943,,,,,,,,,,,,,,
0.009999999776482582,0.003120867535471916,190,48.0,468,11123,-9.248327255249023,1852,89088,0.003,21.411822849999993,0.7710514254368949,0.0,0.9058025104314168,0.10762905586539107,0,0.06486534969326448,0.8538872755901346,0.0,0.09854484164377184,1.0,0.2400381738921506,0.0,0.593595894842096,0.0
,,190,48.0,468,,,1856,89088,,21.411822849999993,,,,,,,,,,,,,,
0.009999999776482582,0.01065879873931408,190,48.0,468,11171,-9.023801803588867,1860,89472,0.003,21.381993220000005,,,,,,,,,,,,,,
,,190,48.0,468,,,1864,89472,,21.381993220000005,,,,,,,,,,,,,,
0.009999999776482582,0.008778976276516914,191,48.0,468,11219,-9.034276962280273,1868,89856,0.003,21.368005829999998,0.8146612124436623,0.0,0.9044736346075201,0.08686204435185964,0,0.0585686212511042,0.8207230505275891,0.0,0.1120791568917246,1.0,0.22203680116055616,0.0,0.6212173624360707,0.0
,,191,48.0,468,,,1872,89856,,21.368005829999998,,,,,,,,,,,,,,
0.009999999776482582,0.006158164702355862,192,48.0,468,11267,-9.624725341796875,1876,90240,0.003,21.40665418,,,,,,,,,,,,,,
,,192,48.0,468,,,1880,90240,,21.40665418,,,,,,,,,,,,,,
0.009999999776482582,0.006064853630959988,193,48.0,468,11315,-9.318577766418457,1884,90624,0.003,21.407923400000005,0.7775288343082536,0.0,0.8920641275956394,0.10925444332576409,0,0.05870314633883039,0.8462941754218675,0.0,0.10115531818120937,0.9945175438596491,0.22922038268592718,0.0,0.6425936664867632,0.03798357034142275
,,193,48.0,468,,,1888,90624,,21.407923400000005,,,,,,,,,,,,,,
0.009999999776482582,0.006018815562129021,194,48.0,469,11363,-8.99259090423584,1892,91008,0.003,21.377870060000006,,,,,,,,,,,,,,
,,194,48.0,468,,,1896,91008,,21.377870060000006,,,,,,,,,,,,,,
0.009999999776482582,0.004947356879711151,195,48.0,468,11411,-9.80886459350586,1900,91392,0.003,21.375562679999998,0.7638692342158133,0.0,0.9084575372954491,0.12876303202359538,0,0.06038338247512124,0.845177707439945,0.0,0.1039169059772824,0.9945175438596491,0.22498432192811063,0.0,0.6141729307979534,0.03798357034142275
,,195,48.0,468,,,1904,91392,,21.375562679999998,,,,,,,,,,,,,,
0.009999999776482582,0.0036053608637303114,195,48.0,469,11459,-9.917724609375,1908,91776,0.003,21.389019140000002,,,,,,,,,,,,,,
,,195,48.0,469,,,1912,91776,,21.389019140000002,,,,,,,,,,,,,,
0.009999999776482582,0.004441053606569767,196,48.0,468,11507,-9.756183624267578,1916,92160,0.003,21.36110479,0.7619786794957717,0.0,0.9125530235276618,0.13270950003476342,0,0.0660197694430506,0.8321907737414855,0.0,0.1000897507215924,1.0,0.2211181823438013,0.0,0.6210195764920876,0.0
,,196,48.0,468,,,1920,92160,,21.36110479,,,,,,,,,,,,,,
0.009999999776482582,0.007618261501193047,197,48.0,469,11555,-9.32192325592041,1924,92544,0.003,21.361682289999997,,,,,,,,,,,,,,
,,197,48.0,469,,,1928,92544,,21.361682289999997,,,,,,,,,,,,,,
0.009999999776482582,0.003721451386809349,198,48.0,468,11603,-9.653076171875,1932,92928,0.003,21.380276899999995,0.7556880886110374,0.0,0.9103924147591986,0.12011970676488899,0,0.060678940218573806,0.838909074784704,0.0,0.10146244114998755,1.0,0.22057310615183154,0.0,0.6178656194602545,0.0
,,198,48.0,468,,,1936,92928,,21.380276899999995,,,,,,,,,,,,,,
0.009999999776482582,0.006647220812737942,198,48.0,469,11651,-8.923625946044922,1940,93312,0.003,21.371255780000002,,,,,,,,,,,,,,
,,198,48.0,469,,,1944,93312,,21.371255780000002,,,,,,,,,,,,,,
0.009999999776482582,0.007858939468860626,199,48.0,468,11699,-9.135238647460938,1948,93696,0.003,21.329143800000008,0.8119545120018736,0.0,0.8802806591156265,0.09031310785503119,0,0.07176875777458414,0.8151379481251549,0.0,0.1482709330248922,0.9989035087719298,0.23094758970285084,0.0,0.6451300977722723,0.007596714068284557
,,199,48.0,468,,,1952,93696,,21.329143800000008,,,,,,,,,,,,,,
0.009999999776482582,0.011022837832570076,200,48.0,469,11747,-9.104427337646484,1956,94080,0.003,21.32200718,,,,,,,,,,,,,,
,,200,48.0,469,,,1960,94080,,21.32200718,,,,,,,,,,,,,,
0.009999999776482582,0.00777049083262682,201,48.0,468,11795,-9.056723594665527,1964,94464,0.003,21.37281846999999,0.7611789445140791,0.0,0.916795228417621,0.13136683950609396,0,0.0562053583219812,0.8225564529082404,0.0,0.1096089378488022,1.0,0.21475407218411513,0.0,0.6113264925613816,0.0
,,201,48.0,468,,,1968,94464,,21.37281846999999,,,,,,,,,,,,,,
0.009999999776482582,0.007637503556907177,202,48.0,469,11843,-9.307770729064941,1972,94848,0.003,21.373843689999998,,,,,,,,,,,,,,
,,202,48.0,469,,,1976,94848,,21.373843689999998,,,,,,,,,,,,,,
0.009999999776482582,0.004364542197436094,203,48.0,467,11891,-9.449180603027344,1980,95232,0.003,21.378131840000005,0.7970494375806333,0.0,0.8938443346554606,0.08370574547554245,0,0.07392834975743086,0.8343199100410859,0.0,0.10579971595023789,0.9978070175438596,0.22926854898698448,0.0,0.6283001517513189,0.01062847034333995
,,203,48.0,467,,,1984,95232,,21.378131840000005,,,,,,,,,,,,,,
0.009999999776482582,0.0036615547724068165,204,48.0,468,11939,-8.913761138916016,1988,95616,0.003,21.372510420000005,,,,,,,,,,,,,,
,,204,48.0,468,,,1992,95616,,21.372510420000005,,,,,,,,,,,,,,
0.009999999776482582,0.0074083637446165085,205,48.0,467,11987,-9.162297248840332,1996,96000,0.003,21.386395189999995,0.7669816652992201,0.0,0.9075863509417267,0.09469972958256206,0,0.058094954706517196,0.848530235155667,0.0,0.09208509709377079,1.0,0.21391724514882543,0.0,0.6133025295052318,0.0
,,205,48.0,467,,,2000,96000,,21.386395189999995,,,,,,,,,,,,,,
0.009999999776482582,0.0065889181569218636,205,48.0,468,12035,-9.33895492553711,2004,96384,0.003,21.389241709999997,,,,,,,,,,,,,,
,,205,48.0,468,,,2008,96384,,21.389241709999997,,,,,,,,,,,,,,
0.009999999776482582,0.005880259443074465,206,48.0,468,12083,-9.242820739746094,2012,96768,0.003,21.38351561,,,,,,,,,,,,,,
,,206,48.0,468,,,2016,96768,,21.38351561,,,,,,,,,,,,,,
0.009999999776482582,0.003829646622762084,207,48.0,468,12131,-8.412449836730957,2020,97152,0.003,21.36389913,0.7619840834474944,0.0,0.9156635758483367,0.08291133547235692,0,0.06490548205713347,0.8497319852200497,0.0,0.09700614729418794,1.0,0.22638930299550597,0.0,0.6067546737623222,0.0
,,207,48.0,468,,,2024,97152,,21.36389913,,,,,,,,,,,,,,
0.009999999776482582,0.005168662406504154,208,48.0,468,12179,-8.935908317565918,2028,97536,0.003,21.376453969999996,,,,,,,,,,,,,,
,,208,48.0,468,,,2032,97536,,21.376453969999996,,,,,,,,,,,,,,
0.009999999776482582,0.007402652874588966,209,48.0,468,12227,-9.333185195922852,2036,97920,0.003,21.38345544,0.7165077514447379,0.0,0.9160042601843956,0.1459213385501391,0,0.052973895440752476,0.8624553532614191,0.0,0.08801951869994913,0.9989035087719298,0.2225952744488571,0.0,0.6197752403769171,0.007596714068284557
,,209,48.0,468,,,2040,97920,,21.38345544,,,,,,,,,,,,,,
0.009999999776482582,0.005827137269079685,209,48.0,468,12275,-8.931564331054688,2044,98304,0.003,21.409272989999995,,,,,,,,,,,,,,
,,209,48.0,468,,,2048,98304,,21.409272989999995,,,,,,,,,,,,,,
0.009999999776482582,0.006053765304386616,210,48.0,468,12323,-9.709681510925293,2052,98688,0.003,21.4591111,0.7408796953564655,0.0,0.8964102781204015,0.08899767690919749,0,0.07991493943662338,0.8529602141394098,0.0,0.10656912524088966,1.0,0.23154729652047917,0.0,0.6291377073802152,0.0
,,210,48.0,468,,,2056,98688,,21.4591111,,,,,,,,,,,,,,
0.009999999776482582,0.003953854087740183,211,48.0,468,12371,-9.483860969543457,2060,99072,0.003,21.462267729999997,,,,,,,,,,,,,,
,,211,48.0,468,,,2064,99072,,21.462267729999997,,,,,,,,,,,,,,
0.009999999776482582,0.007993681356310844,212,48.0,468,12419,-9.429597854614258,2068,99456,0.003,21.431079650000004,0.7794385129961082,0.0,0.9005457420393599,0.08539226125049491,0,0.08060027481548628,0.837986149166474,0.0,0.10935973762353662,1.0,0.2219025614912328,0.0,0.6072442827378709,0.0
,,212,48.0,468,,,2072,99456,,21.431079650000004,,,,,,,,,,,,,,
0.009999999776482582,0.0026296700816601515,213,48.0,468,12467,-9.588650703430176,2076,99840,0.003,21.414017419999997,,,,,,,,,,,,,,
,,213,48.0,468,,,2080,99840,,21.414017419999997,,,,,,,,,,,,,,
