time/fps,rollout/ep_len_mean,time/total_timesteps,train/learning_rate,time/episodes,rollout/ep_rew_mean,train/actor_loss,time/time_elapsed,train/critic_loss,train/n_updates,train/ent_coef,eval/ep_b3_mean,eval/ep_pump_price_obj_std,eval/ep_b2_mean,eval/ep_b2_std,eval/ep_b1_std,eval/ep_pressure_obj_mean,eval/ep_b1_mean,eval/ep_pump_price_obj_mean,eval/ep_b3_std,eval/ep_pressure_obj_std
661,48.0,384,0.003,4,15.691833125,-0.40055009722709656,0,0.04688234627246857,35,0.009999999776482582,,,,,,,,,,
653,48.0,384,,8,15.691833125,,0,,,,,,,,,,,,,
641,48.0,768,0.003,12,18.259057437499997,-0.6375887393951416,1,0.017223328351974487,83,0.009999999776482582,,,,,,,,,,
637,48.0,768,,16,18.259057437499997,,1,,,,,,,,,,,,,
543,48.0,1152,0.003,20,19.054920541666664,-0.7608683109283447,2,0.007925260812044144,131,0.009999999776482582,0.9800648315481644,0.2326442866781897,0.6703542900926404,0.24999865369166746,0.19788488150247205,0.8815789473684211,0.25006876024866165,0.40206587383529985,0.016130736379500018,0.2047068004915851
539,48.0,1152,,24,19.054920541666664,,2,,,,,,,,,,,,,
558,48.0,1536,0.003,28,18.2716945,-0.8020856380462646,2,0.01563677377998829,179,0.009999999776482582,,,,,,,,,,
557,48.0,1536,,32,18.2716945,,2,,,,,,,,,,,,,
516,48.0,1920,0.003,36,18.906157474999997,-0.8934674859046936,3,0.016309376806020737,227,0.009999999776482582,0.9834790074964825,0.17742329755305727,0.42258732337019084,0.13859708198791332,0.22669320699666157,0.9572368421052632,0.6500985983338362,0.48449088252692046,0.018721695572057526,0.10838389104275158
514,48.0,1920,,40,18.906157474999997,,3,,,,,,,,,,,,,
532,48.0,2304,0.003,44,19.34545483333333,-1.0173366069793701,4,0.011043579317629337,275,0.009999999776482582,,,,,,,,,,
531,48.0,2304,,48,19.34545483333333,,4,,,,,,,,,,,,,
511,48.0,2688,0.003,52,19.668597928571426,-1.1054202318191528,5,0.012935571372509003,323,0.009999999776482582,0.9471070246690041,0.10825873858122144,0.5357631844514893,0.2645342498064418,0.1931326389477577,0.9945175438596491,0.5674432214080758,0.585163786742572,0.034585062687736846,0.03798357034142275
509,48.0,2688,,56,19.668597928571426,,5,,,,,,,,,,,,,
522,48.0,3072,0.003,60,19.82596734375,-1.1660997867584229,5,0.015616693533957005,371,0.009999999776482582,,,,,,,,,,
522,48.0,3072,,64,19.82596734375,,5,,,,,,,,,,,,,
508,48.0,3456,0.003,68,20.002288208333333,-1.2632637023925781,6,0.01633141189813614,419,0.009999999776482582,0.9282840213866517,0.17580137846605548,0.695068216870188,0.22112507836822645,0.16647839453073093,0.9934210526315789,0.6104083683681202,0.5710893142901954,0.07124956148786393,0.038576974263939384
506,48.0,3456,,72,20.002288208333333,,6,,,,,,,,,,,,,
516,48.0,3840,0.003,76,20.1369305,-1.3201531171798706,7,0.017469365149736404,467,0.009999999776482582,,,,,,,,,,
516,48.0,3840,,80,20.1369305,,7,,,,,,,,,,,,,
504,48.0,4224,0.003,84,20.24559709090909,-1.415162205696106,8,0.015799708664417267,515,0.009999999776482582,0.9409221450546217,0.14204710102292697,0.7742351595834001,0.11909710391349178,0.2155434883604569,0.9945175438596491,0.6146369140630553,0.5690788055816974,0.06426135029135363,0.03798357034142275
503,48.0,4224,,88,20.24559709090909,,8,,,,,,,,,,,,,
511,48.0,4608,0.003,92,20.30764228125,-1.497589349746704,9,0.0114199910312891,563,0.009999999776482582,,,,,,,,,,
510,48.0,4608,,96,20.30764228125,,9,,,,,,,,,,,,,
501,48.0,4992,0.003,100,20.52308472,-1.5462411642074585,9,0.00694916071370244,611,0.009999999776482582,0.9412073593619785,0.1493239404256853,0.6811791182162001,0.17739977416137165,0.20503279933359508,0.9769736842105262,0.551451533025207,0.5519328163330434,0.08444531932670572,0.08611114543875655
500,48.0,4992,,104,20.52308472,,9,,,,,,,,,,,,,
507,48.0,5376,0.003,108,20.72956291,-1.6181042194366455,10,0.013853844255208969,659,0.009999999776482582,,,,,,,,,,
506,48.0,5376,,112,20.72956291,,10,,,,,,,,,,,,,
499,48.0,5760,0.003,116,20.807150590000003,-1.7593746185302734,11,0.014587127603590488,707,0.009999999776482582,0.9547245603087864,0.17119658773453458,0.5520906008617409,0.27454404532254895,0.2480436193738596,1.0,0.4964675947983125,0.5580006105324125,0.029505033319289033,0.0
498,48.0,5760,,120,20.807150590000003,,11,,,,,,,,,,,,,
504,48.0,6144,0.003,124,20.99224503,-1.7951480150222778,12,0.008721361868083477,755,0.009999999776482582,,,,,,,,,,
503,48.0,6144,,128,20.99224503,,12,,,,,,,,,,,,,
495,48.0,6528,0.003,132,21.2475086,-1.8549343347549438,13,0.010416228324174881,803,0.009999999776482582,0.9513508401007935,0.1564227555081651,0.5687810484841569,0.23078273977385244,0.2521947608038293,0.9890350877192983,0.5652976415250454,0.5797419666507405,0.03245478722256791,0.053142351716699704
494,48.0,6528,,136,21.2475086,,13,,,,,,,,,,,,,
499,48.0,6912,0.003,140,21.229712319999997,-1.9464055299758911,13,0.004768297076225281,851,0.009999999776482582,,,,,,,,,,
498,48.0,6912,,144,21.229712319999997,,13,,,,,,,,,,,,,
492,48.0,7296,0.003,148,21.19134381,-2.012795925140381,14,0.006915725767612457,899,0.009999999776482582,0.9556083828472012,0.14463069923061636,0.6258656660502461,0.17870052303291292,0.20542916150402865,0.9945175438596491,0.607819345741438,0.5645916737040403,0.036674408301087216,0.03798357034142275
491,48.0,7296,,152,21.19134381,,14,,,,,,,,,,,,,
496,48.0,7680,0.003,156,21.18575563,-2.1210360527038574,15,0.007806663867086172,947,0.009999999776482582,,,,,,,,,,
495,48.0,7680,,160,21.18575563,,15,,,,,,,,,,,,,
489,48.0,8064,0.003,164,21.22420115,-2.2415146827697754,16,0.004129303619265556,995,0.009999999776482582,0.9517214775954841,0.1562983780041021,0.6103698025542053,0.17435308633160712,0.22705031873400078,1.0,0.5359748074858244,0.5888211536625961,0.04341592508201067,0.0
488,48.0,8064,,168,21.22420115,,16,,,,,,,,,,,,,
493,48.0,8448,0.003,172,21.20552951,-2.2247698307037354,17,0.010657736100256443,1043,0.009999999776482582,,,,,,,,,,
493,48.0,8448,,176,21.20552951,,17,,,,,,,,,,,,,
488,48.0,8832,0.003,180,21.218945369999997,-2.317776918411255,18,0.006371569819748402,1091,0.009999999776482582,0.956641294848519,0.17383656996005623,0.642071571093595,0.1670432008238956,0.24104837728331105,0.9945175438596491,0.47481238133038367,0.5817307290532917,0.0394973543509343,0.03798357034142275
488,48.0,8832,,184,21.218945369999997,,18,,,,,,,,,,,,,
492,48.0,9216,0.003,188,21.208064759999992,-2.419053792953491,18,0.010163964703679085,1139,0.009999999776482582,,,,,,,,,,
492,48.0,9216,,192,21.208064759999992,,18,,,,,,,,,,,,,
488,48.0,9600,0.003,196,21.27628198,-2.516375780105591,19,0.008832181803882122,1187,0.009999999776482582,0.9534917756872168,0.156134645174832,0.6229613737781844,0.1881121253767331,0.1604875557504403,0.974780701754386,0.5783937009885074,0.5777912052698432,0.03269676850846171,0.10184227646731812
488,48.0,9600,,200,21.27628198,,19,,,,,,,,,,,,,
492,48.0,9984,0.003,204,21.36226255,-2.588698387145996,20,0.0075498162768781185,1235,0.009999999776482582,,,,,,,,,,
492,48.0,9984,,208,21.36226255,,20,,,,,,,,,,,,,
495,48.0,10368,0.003,212,21.339403580000003,-2.6435093879699707,20,0.010368237271904945,1283,0.009999999776482582,,,,,,,,,,
495,48.0,10368,,216,21.339403580000003,,20,,,,,,,,,,,,,
491,48.0,10752,0.003,220,21.326066370000003,-2.778794765472412,21,0.01105748862028122,1331,0.009999999776482582,0.950614554871675,0.13924038460836427,0.6233722182550399,0.2074156501553497,0.1679063325658903,0.9989035087719298,0.5660181327397197,0.6024923092523123,0.028358626702726774,0.007596714068284557
491,48.0,10752,,224,21.326066370000003,,21,,,,,,,,,,,,,
494,48.0,11136,0.003,228,21.32513688,-2.8166942596435547,22,0.00825134851038456,1379,0.009999999776482582,,,,,,,,,,
494,48.0,11136,,232,21.32513688,,22,,,,,,,,,,,,,
491,48.0,11520,0.003,236,21.35075481,-2.858670711517334,23,0.011607025749981403,1427,0.009999999776482582,0.9560382612766919,0.1435953424135153,0.593463161586661,0.21756503765390156,0.1568808151838679,0.9846491228070176,0.5576287662151596,0.5836523009354703,0.031069113640150844,0.07750327874955294
491,48.0,11520,,240,21.35075481,,23,,,,,,,,,,,,,
494,48.0,11904,0.003,244,21.3626744,-2.9191243648529053,24,0.007268068380653858,1475,0.009999999776482582,,,,,,,,,,
494,48.0,11904,,248,21.3626744,,24,,,,,,,,,,,,,
490,48.0,12288,0.003,252,21.38025673,-3.0346670150756836,25,0.008673761039972305,1523,0.009999999776482582,0.9502939585173267,0.16331166910875908,0.6805736408539371,0.18899165864883902,0.1639177615792586,0.9945175438596491,0.5755539161473592,0.5890605276152302,0.03129611293223196,0.03798357034142275
489,48.0,12288,,256,21.38025673,,25,,,,,,,,,,,,,
492,48.0,12672,0.003,260,21.382009800000002,-3.216747522354126,25,0.010024841874837875,1571,0.009999999776482582,,,,,,,,,,
492,48.0,12672,,264,21.382009800000002,,25,,,,,,,,,,,,,
489,48.0,13056,0.003,268,21.34247182,-3.2083277702331543,26,0.007068702485412359,1619,0.009999999776482582,0.9477818891363134,0.1573384733464971,0.6516557778012186,0.1701734694169211,0.18790064252117641,0.9857456140350878,0.5732395237461115,0.5831803936243355,0.03126111699461487,0.05718240730119905
489,48.0,13056,,272,21.34247182,,26,,,,,,,,,,,,,
492,48.0,13440,0.003,276,21.342397719999997,-3.2362844944000244,27,0.012446760199964046,1667,0.009999999776482582,,,,,,,,,,
492,48.0,13440,,280,21.342397719999997,,27,,,,,,,,,,,,,
489,48.0,13824,0.003,284,21.342675229999994,-3.3668313026428223,28,0.009508494287729263,1715,0.009999999776482582,0.9527609254285647,0.159790032779383,0.5759258542123297,0.2238261109206502,0.230460693196107,0.9682017543859649,0.5141188772012464,0.5755856475194006,0.046631918541394965,0.09815867280408391
489,48.0,13824,,288,21.342675229999994,,28,,,,,,,,,,,,,
491,48.0,14208,0.003,292,21.341047479999997,-3.4356765747070312,28,0.01565447449684143,1763,0.009999999776482582,,,,,,,,,,
491,48.0,14208,,296,21.341047479999997,,28,,,,,,,,,,,,,
488,48.0,14592,0.003,300,21.3149352,-3.4656519889831543,29,0.006638534367084503,1811,0.009999999776482582,0.9488548870858748,0.1561540518737487,0.6260821172766946,0.2025094161135658,0.1628936425667963,0.9945175438596491,0.6095923753072492,0.5897767813160758,0.03934078605283909,0.03798357034142275
488,48.0,14592,,304,21.3149352,,29,,,,,,,,,,,,,
490,48.0,14976,0.003,308,21.28470582,-3.5824599266052246,30,0.006749995984137058,1859,0.009999999776482582,,,,,,,,,,
490,48.0,14976,,312,21.28470582,,30,,,,,,,,,,,,,
488,48.0,15360,0.003,316,21.279081769999998,-3.5818605422973633,31,0.007791510783135891,1907,0.009999999776482582,0.9544664296221627,0.22367182370584524,0.5947180339865945,0.25220561475798997,0.16016368726393967,0.9890350877192983,0.6375895704197111,0.546685561968947,0.03404167144338354,0.0531423517166997
487,48.0,15360,,320,21.279081769999998,,31,,,,,,,,,,,,,
490,48.0,15744,0.003,324,21.290441729999998,-3.7912726402282715,32,0.008677510544657707,1955,0.009999999776482582,,,,,,,,,,
490,48.0,15744,,328,21.290441729999998,,32,,,,,,,,,,,,,
488,48.0,16128,0.003,332,21.338905819999994,-3.852304220199585,33,0.0051841726526618,2003,0.009999999776482582,0.9553012486276229,0.1614678539310898,0.6504457889152223,0.16142026372682197,0.18419092624016825,1.0,0.6583075853898288,0.5639443555933187,0.03182946700829987,0.0
487,48.0,16128,,336,21.338905819999994,,33,,,,,,,,,,,,,
489,48.0,16512,0.003,340,21.30621508,-3.961531639099121,33,0.009655164554715157,2051,0.009999999776482582,,,,,,,,,,
489,48.0,16512,,344,21.30621508,,33,,,,,,,,,,,,,
486,48.0,16896,0.003,348,21.300544499999997,-3.9920530319213867,34,0.007652895990759134,2099,0.009999999776482582,0.950879638622575,0.14422636254820384,0.6545163433760204,0.1464024106084461,0.19321688629653208,0.9945175438596491,0.621393116361823,0.5933139802426772,0.026927972359110947,0.03798357034142275
486,48.0,16896,,352,21.300544499999997,,34,,,,,,,,,,,,,
488,48.0,17280,0.003,356,21.31611136,-4.001628875732422,35,0.008963900618255138,2147,0.009999999776482582,,,,,,,,,,
488,48.0,17280,,360,21.31611136,,35,,,,,,,,,,,,,
485,48.0,17664,0.003,364,21.345758540000002,-4.124163627624512,36,0.016946565359830856,2195,0.009999999776482582,0.9527399567578171,0.15665263012398287,0.619476288981746,0.18572980946137632,0.1946955878980183,0.9846491228070176,0.5913317898969949,0.5887988191921192,0.03269776564962946,0.1063539969559837
485,48.0,17664,,368,21.345758540000002,,36,,,,,,,,,,,,,
487,48.0,18048,0.003,372,21.333446300000002,-4.195140361785889,37,0.010976981371641159,2243,0.009999999776482582,,,,,,,,,,
487,48.0,18048,,376,21.333446300000002,,37,,,,,,,,,,,,,
485,48.0,18432,0.003,380,21.36677588,-4.293112277984619,37,0.010598032735288143,2291,0.009999999776482582,0.9457364547878763,0.15122306808836664,0.6683138193514073,0.15268771485922522,0.16121419991693375,0.9791666666666666,0.6803044958645671,0.5896519225141345,0.032400446232536954,0.08530889468644254
485,48.0,18432,,384,21.36677588,,37,,,,,,,,,,,,,
487,48.0,18816,0.003,388,21.364571389999995,-4.290177345275879,38,0.006352049298584461,2339,0.009999999776482582,,,,,,,,,,
487,48.0,18816,,392,21.364571389999995,,38,,,,,,,,,,,,,
485,48.0,19200,0.003,396,21.369935759999997,-4.458499431610107,39,0.004680662415921688,2387,0.009999999776482582,0.9399403543757799,0.1682774912490802,0.6208310897850667,0.2080636876951309,0.2023417322077306,0.9901315789473685,0.5978408336294628,0.5996319148208354,0.049088886585700924,0.06837042661456096
484,48.0,19200,,400,21.369935759999997,,39,,,,,,,,,,,,,
486,48.0,19584,0.003,404,21.351933920000008,-4.383945465087891,40,0.01703638769686222,2435,0.009999999776482582,,,,,,,,,,
486,48.0,19584,,408,21.351933920000008,,40,,,,,,,,,,,,,
488,48.0,19968,0.003,412,21.36228233,-4.698770046234131,40,0.0114776361733675,2483,0.009999999776482582,,,,,,,,,,
488,48.0,19968,,416,21.36228233,,40,,,,,,,,,,,,,
487,48.0,20352,0.003,420,21.3919545,-4.489488124847412,41,0.012085819616913795,2531,0.009999999776482582,0.945656183144841,0.16809431760773638,0.6862621731285338,0.14088134988101625,0.20334362691205868,0.9989035087719298,0.6082517123607427,0.5940008139718866,0.03207218491353687,0.007596714068284557
486,48.0,20352,,424,21.3919545,,41,,,,,,,,,,,,,
488,48.0,20736,0.003,428,21.350220559999997,-4.645713806152344,42,0.011316370218992233,2579,0.009999999776482582,,,,,,,,,,
488,48.0,20736,,432,21.350220559999997,,42,,,,,,,,,,,,,
486,48.0,21120,0.003,436,21.32065585,-4.7275519371032715,43,0.006334683857858181,2627,0.009999999776482582,0.9519134933504173,0.15703825547783137,0.6162409999530333,0.1764832567269644,0.21468223533980194,0.9978070175438596,0.592692730586938,0.5872415291140813,0.030604264440653128,0.015193428136569096
486,48.0,21120,,440,21.32065585,,43,,,,,,,,,,,,,
488,48.0,21504,0.003,444,21.30313128,-4.593402862548828,44,0.010631298646330833,2675,0.009999999776482582,,,,,,,,,,
488,48.0,21504,,448,21.30313128,,44,,,,,,,,,,,,,
486,48.0,21888,0.003,452,21.268450570000006,-4.998160362243652,44,0.010484825819730759,2723,0.009999999776482582,0.9442064120714412,0.17860942701920637,0.627198798740559,0.23313511185860583,0.2017133539507763,0.9890350877192983,0.5947040564815079,0.5848999002682085,0.03848741473922192,0.0531423517166997
486,48.0,21888,,456,21.268450570000006,,44,,,,,,,,,,,,,
488,48.0,22272,0.003,460,21.22276299,-4.889247894287109,45,0.012801917269825935,2771,0.009999999776482582,,,,,,,,,,
488,48.0,22272,,464,21.22276299,,45,,,,,,,,,,,,,
486,48.0,22656,0.003,468,21.211226450000005,-5.008747577667236,46,0.017761532217264175,2819,0.009999999776482582,0.9448126156372334,0.16501887942734547,0.6605804828346183,0.17704844614876838,0.18916448703655558,0.9890350877192983,0.6152900204021791,0.598020895624734,0.03161078389297672,0.0531423517166997
486,48.0,22656,,472,21.211226450000005,,46,,,,,,,,,,,,,
487,48.0,23040,0.003,476,21.238477849999995,-4.947821140289307,47,0.01238565519452095,2867,0.009999999776482582,,,,,,,,,,
487,48.0,23040,,480,21.238477849999995,,47,,,,,,,,,,,,,
486,48.0,23424,0.003,484,21.227236589999993,-5.085264205932617,48,0.014283586293458939,2915,0.009999999776482582,0.9530411657891362,0.16551968946614434,0.6290631201183716,0.18126252806540943,0.2358653736768795,0.9945175438596491,0.5448540347834709,0.5816258699527536,0.02964697198127298,0.03798357034142275
486,48.0,23424,,488,21.227236589999993,,48,,,,,,,,,,,,,
487,48.0,23808,0.003,492,21.19465629,-4.9396748542785645,48,0.010449103079736233,2963,0.009999999776482582,,,,,,,,,,
487,48.0,23808,,496,21.19465629,,48,,,,,,,,,,,,,
485,48.0,24192,0.003,500,21.1836611,-5.170206069946289,49,0.0061409189365804195,3011,0.009999999776482582,0.9494337965900451,0.15900940302710068,0.6471066910991053,0.16138572829628048,0.20377345276921205,0.9945175438596491,0.5883250731249932,0.5916400589352858,0.030154723113007046,0.03798357034142275
485,48.0,24192,,504,21.1836611,,49,,,,,,,,,,,,,
487,48.0,24576,0.003,508,21.232053510000004,-5.3700480461120605,50,0.011522344313561916,3059,0.009999999776482582,,,,,,,,,,
487,48.0,24576,,512,21.232053510000004,,50,,,,,,,,,,,,,
485,48.0,24960,0.003,516,21.18976363,-5.444469451904297,51,0.006083561107516289,3107,0.009999999776482582,0.9458477354432506,0.18443470785521882,0.6346381542015239,0.16173475412092989,0.21032301826680813,0.9890350877192983,0.5911722173151392,0.5923103933060284,0.03171132710607095,0.04850367036806682
485,48.0,24960,,520,21.18976363,,51,,,,,,,,,,,,,
487,48.0,25344,0.003,524,21.193760070000003,-5.24469518661499,52,0.004994232673197985,3155,0.009999999776482582,,,,,,,,,,
487,48.0,25344,,528,21.193760070000003,,52,,,,,,,,,,,,,
485,48.0,25728,0.003,532,21.18852547,-5.577877998352051,52,0.007464855909347534,3203,0.009999999776482582,0.9506125356122805,0.16652249602140215,0.6444209733169096,0.15509991356934302,0.1911432820959293,0.9901315789473685,0.653693103269237,0.5845152348242237,0.02905219974290534,0.06837042661456096
485,48.0,25728,,536,21.18852547,,52,,,,,,,,,,,,,
487,48.0,26112,0.003,540,21.19299515,-5.47771692276001,53,0.009963203221559525,3251,0.009999999776482582,,,,,,,,,,
487,48.0,26112,,544,21.19299515,,53,,,,,,,,,,,,,
485,48.0,26496,0.003,548,21.188434,-5.58888053894043,54,0.004666982218623161,3299,0.009999999776482582,0.9367026641313777,0.1635122540803567,0.6598472313602768,0.16175984646857378,0.220178414555293,0.9956140350877193,0.6373263046104768,0.5991035205077652,0.02910789233708017,0.030386856273138196
485,48.0,26496,,552,21.188434,,54,,,,,,,,,,,,,
486,48.0,26880,0.003,556,21.198946059999997,-5.592717170715332,55,0.008010569028556347,3347,0.009999999776482582,,,,,,,,,,
486,48.0,26880,,560,21.198946059999997,,55,,,,,,,,,,,,,
485,48.0,27264,0.003,564,21.207056220000005,-5.618068218231201,56,0.00639753695577383,3395,0.009999999776482582,0.9422720783480226,0.1724098917293051,0.6890255046731762,0.18230130672919395,0.17953466633827422,0.9934210526315789,0.6083265922162685,0.6005389772435881,0.03421676707509176,0.033683160677928405
484,48.0,27264,,568,21.207056220000005,,56,,,,,,,,,,,,,
485,48.0,27648,0.003,572,21.23486529,-5.507597923278809,56,0.011383784003555775,3443,0.009999999776482582,,,,,,,,,,
485,48.0,27648,,576,21.23486529,,56,,,,,,,,,,,,,
484,48.0,28032,0.003,580,21.173531280000002,-5.803162097930908,57,0.007755308877676725,3491,0.009999999776482582,0.9261428169711162,0.1739602874611814,0.7025303717159902,0.17872988477822196,0.18764438403619213,0.9945175438596491,0.6138023730098672,0.622522722624525,0.038865963533136094,0.03798357034142275
484,48.0,28032,,584,21.173531280000002,,57,,,,,,,,,,,,,
485,48.0,28416,0.003,588,21.19302278,-5.922745704650879,58,0.011932759545743465,3539,0.009999999776482582,,,,,,,,,,
485,48.0,28416,,592,21.19302278,,58,,,,,,,,,,,,,
484,48.0,28800,0.003,596,21.19075248,-5.606685161590576,59,0.00475895032286644,3587,0.009999999776482582,0.9391723290651078,0.1670329950386836,0.7050756998805775,0.15657736410294684,0.18355031943795283,0.9967105263157894,0.6289397048362134,0.6093727352833501,0.03187912152614561,0.016841580338964206
484,48.0,28800,,600,21.19075248,,59,,,,,,,,,,,,,
485,48.0,29184,0.003,604,21.19209075,-6.162087440490723,60,0.00968374963849783,3635,0.009999999776482582,,,,,,,,,,
485,48.0,29184,,608,21.19209075,,60,,,,,,,,,,,,,
487,48.0,29568,0.003,612,21.15820946,-5.928826808929443,60,0.010483495891094208,3683,0.009999999776482582,,,,,,,,,,
487,48.0,29568,,616,21.15820946,,60,,,,,,,,,,,,,
485,48.0,29952,0.003,620,21.143683580000005,-5.833216190338135,61,0.0073304325342178345,3731,0.009999999776482582,0.9417614477890746,0.1909862500425856,0.7066544554052712,0.14468480551972296,0.19092551746942923,1.0,0.5481127338405245,0.5944766659656331,0.056944224279497364,0.0
485,48.0,29952,,624,21.143683580000005,,61,,,,,,,,,,,,,
486,48.0,30336,0.003,628,21.111380450000002,-5.975298881530762,62,0.011484140530228615,3779,0.009999999776482582,,,,,,,,,,
486,48.0,30336,,632,21.111380450000002,,62,,,,,,,,,,,,,
484,48.0,30720,0.003,636,21.119800820000002,-6.134674549102783,63,0.00848839245736599,3827,0.009999999776482582,0.9350332900838842,0.18788379906798605,0.6825451052299975,0.16415528196783175,0.17523976498797886,0.9945175438596491,0.6236146246555587,0.617912820945698,0.05835064943309059,0.03798357034142275
484,48.0,30720,,640,21.119800820000002,,63,,,,,,,,,,,,,
485,48.0,31104,0.003,644,21.099478320000003,-6.346202373504639,64,0.013020760379731655,3875,0.009999999776482582,,,,,,,,,,
485,48.0,31104,,648,21.099478320000003,,64,,,,,,,,,,,,,
484,48.0,31488,0.003,652,21.15161855,-6.319941997528076,65,0.009146768599748611,3923,0.009999999776482582,0.9328329055546148,0.20337701620445303,0.7135043470824659,0.14361771836473153,0.17153980553198772,1.0,0.6356379805434194,0.6062442606796823,0.06516055182037254,0.0
484,48.0,31488,,656,21.15161855,,65,,,,,,,,,,,,,
485,48.0,31872,0.003,660,21.17339292,-6.002474784851074,65,0.009974205866456032,3971,0.009999999776482582,,,,,,,,,,
485,48.0,31872,,664,21.17339292,,65,,,,,,,,,,,,,
483,48.0,32256,0.003,668,21.148094849999996,-6.270071506500244,66,0.015259897336363792,4019,0.009999999776482582,0.9391479288698109,0.1907520130686262,0.6983504494223467,0.14316680399348058,0.17277541100964613,0.9956140350877193,0.6655286522199384,0.5918709216210254,0.047175046253123805,0.030386856273138196
483,48.0,32256,,672,21.148094849999996,,66,,,,,,,,,,,,,
484,48.0,32640,0.003,676,21.124459390000002,-6.477208614349365,67,0.007366465870290995,4067,0.009999999776482582,,,,,,,,,,
484,48.0,32640,,680,21.124459390000002,,67,,,,,,,,,,,,,
482,48.0,33024,0.003,684,21.123599430000002,-6.695535659790039,68,0.01230580359697342,4115,0.009999999776482582,0.9318011905118777,0.1978153264089719,0.7089772338151122,0.14474647329605525,0.16125480718400284,0.9945175438596491,0.6675304170429177,0.5984138255835331,0.068500935494019,0.03798357034142275
482,48.0,33024,,688,21.123599430000002,,68,,,,,,,,,,,,,
483,48.0,33408,0.003,692,21.119868999999998,-6.4682416915893555,69,0.012940501794219017,4163,0.009999999776482582,,,,,,,,,,
483,48.0,33408,,696,21.119868999999998,,69,,,,,,,,,,,,,
482,48.0,33792,0.003,700,21.132234920000005,-6.69542121887207,70,0.006150064989924431,4211,0.009999999776482582,0.9091416211413744,0.20115408719137037,0.6438751827078613,0.19911076720753473,0.19937842096470282,0.9945175438596491,0.6463607497016465,0.6088140019782511,0.11071326376077252,0.03798357034142275
482,48.0,33792,,704,21.132234920000005,,70,,,,,,,,,,,,,
483,48.0,34176,0.003,708,21.141779960000004,-6.531558036804199,70,0.015742851421236992,4259,0.009999999776482582,,,,,,,,,,
483,48.0,34176,,712,21.141779960000004,,70,,,,,,,,,,,,,
482,48.0,34560,0.003,716,21.153585559999996,-6.531808853149414,71,0.009084992110729218,4307,0.009999999776482582,0.934538305135979,0.18284694342454025,0.703410430646835,0.1373454125595614,0.15175678688044014,0.9945175438596491,0.6889950927078194,0.6024784153556222,0.04090035051240127,0.03798357034142275
482,48.0,34560,,720,21.153585559999996,,71,,,,,,,,,,,,,
483,48.0,34944,0.003,724,21.13456037,-6.6956467628479,72,0.009592713788151741,4355,0.009999999776482582,,,,,,,,,,
483,48.0,34944,,728,21.13456037,,72,,,,,,,,,,,,,
482,48.0,35328,0.003,732,21.129746619999995,-6.675507068634033,73,0.005891510751098394,4403,0.009999999776482582,0.9403874257042351,0.19125879631296952,0.6102407876923783,0.1753096702287576,0.17097114376552588,0.9945175438596491,0.6766352722494657,0.588689754581818,0.03281797530437941,0.03798357034142275
482,48.0,35328,,736,21.129746619999995,,73,,,,,,,,,,,,,
483,48.0,35712,0.003,740,21.125840519999997,-7.106633186340332,73,0.006740073673427105,4451,0.009999999776482582,,,,,,,,,,
483,48.0,35712,,744,21.125840519999997,,73,,,,,,,,,,,,,
482,48.0,36096,0.003,748,21.10281938,-6.922694683074951,74,0.016664795577526093,4499,0.009999999776482582,0.9230557391491122,0.19511888646855402,0.6838340398597882,0.14305047278346583,0.17358737299174257,0.9945175438596491,0.6544663251317965,0.6182915947439335,0.0746677264610061,0.03798357034142275
482,48.0,36096,,752,21.10281938,,74,,,,,,,,,,,,,
483,48.0,36480,0.003,756,21.097377030000004,-6.884030342102051,75,0.008614709600806236,4547,0.009999999776482582,,,,,,,,,,
483,48.0,36480,,760,21.097377030000004,,75,,,,,,,,,,,,,
482,48.0,36864,0.003,764,21.06412461,-6.867242813110352,76,0.011860853061079979,4595,0.009999999776482582,0.9391320667357728,0.17010104466508916,0.6694544667481567,0.1567910032806438,0.17211845526007052,0.9945175438596491,0.6502185818755584,0.6039661514490204,0.0373834654516414,0.03798357034142275
482,48.0,36864,,768,21.06412461,,76,,,,,,,,,,,,,
483,48.0,37248,0.003,772,21.083650889999998,-7.268566608428955,77,0.010451525449752808,4643,0.009999999776482582,,,,,,,,,,
483,48.0,37248,,776,21.083650889999998,,77,,,,,,,,,,,,,
479,48.0,37632,0.003,780,21.124522029999998,-7.232813358306885,78,0.006670789793133736,4691,0.009999999776482582,0.934358192063681,0.18487681786757237,0.6845238948952586,0.15323124069811603,0.14363911867062054,1.0,0.7183530296253385,0.6061802031097402,0.04044662473785947,0.0
479,48.0,37632,,784,21.124522029999998,,78,,,,,,,,,,,,,
480,48.0,38016,0.003,788,21.14192138,-6.899631500244141,79,0.008634638041257858,4739,0.009999999776482582,,,,,,,,,,
480,48.0,38016,,792,21.14192138,,79,,,,,,,,,,,,,
479,48.0,38400,0.003,796,21.11300738,-7.208623886108398,80,0.011736622080206871,4787,0.009999999776482582,0.9497224497204791,0.1661956225803072,0.6744612891444546,0.14563124953326947,0.1472003658624177,0.9901315789473685,0.6286715392818943,0.5966869358032084,0.03601919521352896,0.06837042661456096
479,48.0,38400,,800,21.11300738,,80,,,,,,,,,,,,,
480,48.0,38784,0.003,804,21.10184037,-7.109956741333008,80,0.011170349083840847,4835,0.009999999776482582,,,,,,,,,,
480,48.0,38784,,808,21.10184037,,80,,,,,,,,,,,,,
481,48.0,39168,0.003,812,21.112783359999998,-7.130141735076904,81,0.00889660231769085,4883,0.009999999776482582,,,,,,,,,,
481,48.0,39168,,816,21.112783359999998,,81,,,,,,,,,,,,,
480,48.0,39552,0.003,820,21.153606540000002,-7.291778087615967,82,0.013375531882047653,4931,0.009999999776482582,0.9329188530195383,0.17086435607052103,0.6988858773381533,0.1458048384027866,0.17365687853056175,0.9945175438596491,0.6614907623208987,0.6029297907643197,0.029860299995534526,0.03798357034142275
480,48.0,39552,,824,21.153606540000002,,82,,,,,,,,,,,,,
481,48.0,39936,0.003,828,21.149960269999998,-7.271333694458008,82,0.008428674191236496,4979,0.009999999776482582,,,,,,,,,,
481,48.0,39936,,832,21.149960269999998,,82,,,,,,,,,,,,,
480,48.0,40320,0.003,836,21.169261100000003,-7.294850826263428,83,0.009390240535140038,5027,0.009999999776482582,0.9389030936682361,0.17664512462409188,0.6544457447153372,0.16287493446896514,0.18152465661132725,0.9945175438596491,0.6411641351685919,0.6000753007687764,0.04285889283581485,0.03798357034142275
480,48.0,40320,,840,21.169261100000003,,83,,,,,,,,,,,,,
481,48.0,40704,0.003,844,21.189984160000005,-7.345361709594727,84,0.007468785159289837,5075,0.009999999776482582,,,,,,,,,,
481,48.0,40704,,848,21.189984160000005,,84,,,,,,,,,,,,,
480,48.0,41088,0.003,852,21.167306220000004,-7.421588897705078,85,0.006716412957757711,5123,0.009999999776482582,0.9377895803737047,0.20361684000650773,0.6484690744647365,0.16883969806374452,0.17351296183249426,0.9901315789473685,0.6531807393099052,0.6151035599005517,0.04350556196376927,0.06837042661456096
480,48.0,41088,,856,21.167306220000004,,85,,,,,,,,,,,,,
481,48.0,41472,0.003,860,21.15200726,-7.11471700668335,86,0.006476983428001404,5171,0.009999999776482582,,,,,,,,,,
481,48.0,41472,,864,21.15200726,,86,,,,,,,,,,,,,
480,48.0,41856,0.003,868,21.168836840000004,-7.364950180053711,87,0.008553526364266872,5219,0.009999999776482582,0.9372571783059365,0.18876251005866562,0.624575004710389,0.17889573561551828,0.19583422870874587,1.0,0.627073124564006,0.6087534718650139,0.0433247643930763,0.0
480,48.0,41856,,872,21.168836840000004,,87,,,,,,,,,,,,,
481,48.0,42240,0.003,876,21.163892239999996,-7.505824089050293,87,0.011763921007514,5267,0.009999999776482582,,,,,,,,,,
481,48.0,42240,,880,21.163892239999996,,87,,,,,,,,,,,,,
480,48.0,42624,0.003,884,21.15871578,-7.788419723510742,88,0.013894960284233093,5315,0.009999999776482582,0.930250927223808,0.18444144294063372,0.6413494559564559,0.15706943475897045,0.18080314308833165,0.9846491228070176,0.6646063481930038,0.6129040062648793,0.0443781115074635,0.06040894538803211
480,48.0,42624,,888,21.15871578,,88,,,,,,,,,,,,,
481,48.0,43008,0.003,892,21.12617216,-7.569916248321533,89,0.011982702650129795,5363,0.009999999776482582,,,,,,,,,,
481,48.0,43008,,896,21.12617216,,89,,,,,,,,,,,,,
480,48.0,43392,0.003,900,21.12922104,-7.551156997680664,90,0.006950264796614647,5411,0.009999999776482582,0.9324089073057944,0.22211263565561065,0.6171976246993559,0.17520940339023813,0.2302112637284172,0.9890350877192983,0.6220677144328629,0.589481313543742,0.045357886350695605,0.06863034003420604
480,48.0,43392,,904,21.12922104,,90,,,,,,,,,,,,,
481,48.0,43776,0.003,908,21.154070279999996,-7.423185348510742,90,0.010463250800967216,5459,0.009999999776482582,,,,,,,,,,
481,48.0,43776,,912,21.154070279999996,,90,,,,,,,,,,,,,
480,48.0,44160,0.003,916,21.123037580000002,-6.926652431488037,91,0.014173399657011032,5507,0.009999999776482582,0.9339199410062314,0.18892616397638964,0.6359764262719221,0.16520547297148444,0.20958612370871652,1.0,0.6231564528743302,0.6038229966914194,0.05025991060894402,0.0
480,48.0,44160,,920,21.123037580000002,,91,,,,,,,,,,,,,
481,48.0,44544,0.003,924,21.135839009999994,-7.504619121551514,92,0.007071218453347683,5555,0.009999999776482582,,,,,,,,,,
481,48.0,44544,,928,21.135839009999994,,92,,,,,,,,,,,,,
478,48.0,44928,0.003,932,21.10176007,-7.4105658531188965,93,0.008487798273563385,5603,0.009999999776482582,0.9376802910000345,0.1834953821492697,0.669195865914692,0.16087850897302003,0.2100056032180486,0.9956140350877193,0.631268409650735,0.6047480798602652,0.034851689625305424,0.030386856273138196
478,48.0,44928,,936,21.10176007,,93,,,,,,,,,,,,,
479,48.0,45312,0.003,940,21.086288480000004,-7.486260890960693,94,0.017585689201951027,5651,0.009999999776482582,,,,,,,,,,
479,48.0,45312,,944,21.086288480000004,,94,,,,,,,,,,,,,
478,48.0,45696,0.003,948,21.075521679999998,-8.113329887390137,95,0.01363648846745491,5699,0.009999999776482582,0.9348854438035722,0.1872195213708836,0.669580314657072,0.15030569485475903,0.15882888556051353,0.9824561403508771,0.677390229545876,0.6163286119635744,0.05780098434965836,0.07854194769291073
478,48.0,45696,,952,21.075521679999998,,95,,,,,,,,,,,,,
479,48.0,46080,0.003,956,21.082070820000002,-7.498556613922119,96,0.008953532204031944,5747,0.009999999776482582,,,,,,,,,,
479,48.0,46080,,960,21.082070820000002,,96,,,,,,,,,,,,,
478,48.0,46464,0.003,964,21.129510120000006,-7.834207534790039,97,0.018450237810611725,5795,0.009999999776482582,0.9371672872030872,0.20859530125129302,0.6126962734109691,0.19106091910239098,0.19733826414359515,0.9978070175438596,0.6544648739411594,0.5981105591449546,0.045574975783854575,0.015193428136569096
478,48.0,46464,,968,21.129510120000006,,97,,,,,,,,,,,,,
479,48.0,46848,0.003,972,21.107611509999998,-7.585810661315918,97,0.007869021035730839,5843,0.009999999776482582,,,,,,,,,,
479,48.0,46848,,976,21.107611509999998,,97,,,,,,,,,,,,,
478,48.0,47232,0.003,980,21.08618977,-7.839864730834961,98,0.010326938703656197,5891,0.009999999776482582,0.9421368792001948,0.19999016422078011,0.6108286689120086,0.1849571235336039,0.19763505153459685,0.9835526315789473,0.6163986917316384,0.5783029780524037,0.043713085881983166,0.06437448089343181
478,48.0,47232,,984,21.08618977,,98,,,,,,,,,,,,,
479,48.0,47616,0.003,988,21.091308820000005,-8.027219772338867,99,0.007825677283108234,5939,0.009999999776482582,,,,,,,,,,
479,48.0,47616,,992,21.091308820000005,,99,,,,,,,,,,,,,
478,48.0,48000,0.003,996,21.153398190000004,-7.650589466094971,100,0.011825980618596077,5987,0.009999999776482582,0.9360362586579412,0.21142237427115207,0.7253231860534677,0.13926604407005055,0.1377610780855825,0.9934210526315789,0.6860592963399407,0.6119158187542595,0.0426138578201827,0.023349002756991092
478,48.0,48000,,1000,21.153398190000004,,100,,,,,,,,,,,,,
479,48.0,48384,0.003,1004,21.09643055,-8.11325454711914,100,0.019783157855272293,6035,0.009999999776482582,,,,,,,,,,
479,48.0,48384,,1008,21.09643055,,100,,,,,,,,,,,,,
480,48.0,48768,0.003,1012,21.125581669999995,-7.827352523803711,101,0.0070688300766050816,6083,0.009999999776482582,,,,,,,,,,
480,48.0,48768,,1016,21.125581669999995,,101,,,,,,,,,,,,,
479,48.0,49152,0.003,1020,21.110875569999997,-8.115675926208496,102,0.011103699915111065,6131,0.009999999776482582,0.9418540734070555,0.19520978094614022,0.6858348558741364,0.1591893367834097,0.15839921436671633,0.9835526315789473,0.6826287844614793,0.594896514883147,0.03997732037753731,0.06437448089343181
479,48.0,49152,,1024,21.110875569999997,,102,,,,,,,,,,,,,
480,48.0,49536,0.003,1028,21.127013830000006,-7.775404930114746,103,0.0045958515256643295,6179,0.009999999776482582,,,,,,,,,,
480,48.0,49536,,1032,21.127013830000006,,103,,,,,,,,,,,,,
479,48.0,49920,0.003,1036,21.10260597,-8.109460830688477,104,0.008449524641036987,6227,0.009999999776482582,0.9395744974168846,0.177328159948733,0.7090592729183284,0.14384749548743023,0.16453150107100692,0.9835526315789473,0.6946205462383451,0.6045053847947196,0.03937522878797678,0.06437448089343181
479,48.0,49920,,1040,21.10260597,,104,,,,,,,,,,,,,
480,48.0,50304,0.003,1044,21.145455759999994,-8.104310035705566,104,0.010219286195933819,6275,0.009999999776482582,,,,,,,,,,
480,48.0,50304,,1048,21.145455759999994,,104,,,,,,,,,,,,,
479,48.0,50688,0.003,1052,21.162614370000007,-8.253802299499512,105,0.008664073422551155,6323,0.009999999776482582,0.945427276980477,0.17796481698065425,0.642565593244024,0.15016659634651736,0.178389409245869,0.9890350877192983,0.6451964410855533,0.5987393796803538,0.03887053590064667,0.053142351716699704
479,48.0,50688,,1056,21.162614370000007,,105,,,,,,,,,,,,,
480,48.0,51072,0.003,1060,21.144478049999996,-7.883791446685791,106,0.006456436589360237,6371,0.009999999776482582,,,,,,,,,,
480,48.0,51072,,1064,21.144478049999996,,106,,,,,,,,,,,,,
479,48.0,51456,0.003,1068,21.149260180000002,-8.265193939208984,107,0.014037718065083027,6419,0.009999999776482582,0.9420657367991808,0.1747410390633077,0.6857822061182692,0.12371766036501797,0.15399058536824003,0.9791666666666666,0.679582558324941,0.6067659292685244,0.034704674521599435,0.08530889468644252
479,48.0,51456,,1072,21.149260180000002,,107,,,,,,,,,,,,,
478,48.0,51840,0.003,1076,21.145959549999997,-8.509238243103027,108,0.00756981922313571,6467,0.009999999776482582,,,,,,,,,,
478,48.0,51840,,1080,21.145959549999997,,108,,,,,,,,,,,,,
477,48.0,52224,0.003,1084,21.167281629999998,-8.345527648925781,109,0.00851682759821415,6515,0.009999999776482582,0.932026814771515,0.19527704159101325,0.6580258253267024,0.15647487900291304,0.14641042338152888,1.0,0.7026961149873253,0.6121869468113645,0.048117215404269206,0.0
477,48.0,52224,,1088,21.167281629999998,,109,,,,,,,,,,,,,
478,48.0,52608,0.003,1092,21.18235252,-8.360729217529297,109,0.011749101802706718,6563,0.009999999776482582,,,,,,,,,,
478,48.0,52608,,1096,21.18235252,,109,,,,,,,,,,,,,
477,48.0,52992,0.003,1100,21.13869905,-8.315691947937012,110,0.014425966888666153,6611,0.009999999776482582,0.9410612732433193,0.1544312030194988,0.634201991739484,0.18220450837376428,0.1647689216771155,0.9835526315789473,0.6705293791289919,0.5922838639823113,0.026655175521927577,0.07765364007905969
477,48.0,52992,,1104,21.13869905,,110,,,,,,,,,,,,,
478,48.0,53376,0.003,1108,21.170320300000004,-8.183500289916992,111,0.004352301824837923,6659,0.009999999776482582,,,,,,,,,,
478,48.0,53376,,1112,21.170320300000004,,111,,,,,,,,,,,,,
477,48.0,53760,0.003,1116,21.163415619999995,-8.199808120727539,112,0.015949171036481857,6707,0.009999999776482582,0.9376082946712524,0.1830778213381963,0.6759045730429444,0.15342915069738222,0.17894685298585447,0.9594298245614036,0.6539571998942342,0.5871849541817499,0.04449546197826209,0.15854274765169876
477,48.0,53760,,1120,21.163415619999995,,112,,,,,,,,,,,,,
478,48.0,54144,0.003,1124,21.153214329999997,-8.265363693237305,113,0.008945198729634285,6755,0.009999999776482582,,,,,,,,,,
478,48.0,54144,,1128,21.153214329999997,,113,,,,,,,,,,,,,
477,48.0,54528,0.003,1132,21.146821,-8.354880332946777,114,0.008464830927550793,6803,0.009999999776482582,0.9435535684793229,0.1662360792769359,0.6841253265423841,0.14905722891826653,0.16273577184311724,0.9945175438596491,0.6480605202933434,0.6073402016412458,0.030684996981083252,0.03798357034142275
477,48.0,54528,,1136,21.146821,,114,,,,,,,,,,,,,
478,48.0,54912,0.003,1140,21.15502898,-8.012514114379883,114,0.017792541533708572,6851,0.009999999776482582,,,,,,,,,,
478,48.0,54912,,1144,21.15502898,,114,,,,,,,,,,,,,
477,48.0,55296,0.003,1148,21.092886290000003,-8.108024597167969,115,0.01086377166211605,6899,0.009999999776482582,0.9457944050996537,0.15730858267831926,0.6598441270530632,0.14028941039777285,0.15857652832590355,0.9890350877192983,0.6811611155729592,0.598299717300114,0.031143630685874148,0.053142351716699704
477,48.0,55296,,1152,21.092886290000003,,115,,,,,,,,,,,,,
478,48.0,55680,0.003,1156,21.09312261,-8.679819107055664,116,0.012073810212314129,6947,0.009999999776482582,,,,,,,,,,
478,48.0,55680,,1160,21.09312261,,116,,,,,,,,,,,,,
478,48.0,56064,0.003,1164,21.08132218,-8.292869567871094,117,0.012715023010969162,6995,0.009999999776482582,0.9449437105795209,0.17805376908041232,0.6464913613323453,0.13915057974821649,0.17024956176233022,1.0,0.6443424245187902,0.6078861204496102,0.0412404770431711,0.0
477,48.0,56064,,1168,21.08132218,,117,,,,,,,,,,,,,
478,48.0,56448,0.003,1172,21.06357467,-8.391796112060547,117,0.015326177701354027,7043,0.009999999776482582,,,,,,,,,,
478,48.0,56448,,1176,21.06357467,,117,,,,,,,,,,,,,
478,48.0,56832,0.003,1180,21.020258090000002,-8.732409477233887,118,0.014790710061788559,7091,0.009999999776482582,0.9410622536789048,0.18316120825141674,0.6576170645795714,0.15620149686788218,0.18057144302003203,1.0,0.6206254170520652,0.6115935504984736,0.039247568010349086,0.0
478,48.0,56832,,1184,21.020258090000002,,118,,,,,,,,,,,,,
478,48.0,57216,0.003,1188,21.019732139999995,-8.622210502624512,119,0.02302740328013897,7139,0.009999999776482582,,,,,,,,,,
478,48.0,57216,,1192,21.019732139999995,,119,,,,,,,,,,,,,
478,48.0,57600,0.003,1196,20.987419150000004,-8.475296974182129,120,0.012120775878429413,7187,0.009999999776482582,0.9423710171926645,0.16845703564909612,0.6392672856840959,0.16216847503072693,0.16663061315238617,0.9901315789473685,0.6484431267656313,0.6060406241806179,0.03259795136934144,0.04813520230995612
477,48.0,57600,,1200,20.987419150000004,,120,,,,,,,,,,,,,
478,48.0,57984,0.003,1204,20.98734196,-8.379029273986816,121,0.0076822685077786446,7235,0.009999999776482582,,,,,,,,,,
478,48.0,57984,,1208,20.98734196,,121,,,,,,,,,,,,,
479,48.0,58368,0.003,1212,20.98522759,-8.72091007232666,121,0.010067623108625412,7283,0.009999999776482582,,,,,,,,,,
479,48.0,58368,,1216,20.98522759,,121,,,,,,,,,,,,,
478,48.0,58752,0.003,1220,20.96454642,-8.165668487548828,122,0.007356267422437668,7331,0.009999999776482582,0.9436843203907977,0.1870367514301217,0.614031185725676,0.17553568348292412,0.19867214957416313,1.0,0.5940827540860572,0.6039835489867241,0.03484629213799634,0.0
478,48.0,58752,,1224,20.96454642,,122,,,,,,,,,,,,,
477,48.0,59136,0.003,1228,20.962461080000004,-8.308621406555176,123,0.013217040337622166,7379,0.009999999776482582,,,,,,,,,,
477,48.0,59136,,1232,20.962461080000004,,123,,,,,,,,,,,,,
477,48.0,59520,0.003,1236,20.982519559999997,-8.560758590698242,124,0.005970015190541744,7427,0.009999999776482582,0.9356298668913345,0.1960853088872383,0.6652516891142951,0.1685012490283162,0.15651242599162682,0.9890350877192983,0.648936819265882,0.600955221992196,0.04320034882109784,0.053142351716699704
477,48.0,59520,,1240,20.982519559999997,,124,,,,,,,,,,,,,
477,48.0,59904,0.003,1244,21.01101702,-8.50033187866211,125,0.0101101603358984,7475,0.009999999776482582,,,,,,,,,,
477,48.0,59904,,1248,21.01101702,,125,,,,,,,,,,,,,
477,48.0,60288,0.003,1252,21.02743084,-9.098228454589844,126,0.010749120265245438,7523,0.009999999776482582,0.937555562806946,0.17200923575208127,0.6690440206492841,0.1564961822527062,0.1659763819209919,0.9978070175438596,0.6678564477595218,0.5977798360959337,0.030601337608600194,0.015193428136569096
477,48.0,60288,,1256,21.02743084,,126,,,,,,,,,,,,,
477,48.0,60672,0.003,1260,21.037801759999997,-8.625370025634766,126,0.011596919037401676,7571,0.009999999776482582,,,,,,,,,,
477,48.0,60672,,1264,21.037801759999997,,126,,,,,,,,,,,,,
477,48.0,61056,0.003,1268,21.014778699999994,-8.853388786315918,127,0.006743323057889938,7619,0.009999999776482582,0.9373698067561355,0.18901414045858086,0.6520345373410759,0.15363076648184534,0.15154701460619796,1.0,0.6789655152287489,0.6082172133345952,0.03676695665990579,0.0
477,48.0,61056,,1272,21.014778699999994,,127,,,,,,,,,,,,,
477,48.0,61440,0.003,1276,21.036002800000002,-8.533540725708008,128,0.013730461709201336,7667,0.009999999776482582,,,,,,,,,,
477,48.0,61440,,1280,21.036002800000002,,128,,,,,,,,,,,,,
477,48.0,61824,0.003,1284,21.055227430000006,-8.792608261108398,129,0.01922234147787094,7715,0.009999999776482582,0.9271357549349523,0.203704207006068,0.7312074630225599,0.1204669703406451,0.1358706851366877,0.9671052631578947,0.7245761815037733,0.603877400514175,0.06207033767826825,0.0980898487907241
477,48.0,61824,,1288,21.055227430000006,,129,,,,,,,,,,,,,
477,48.0,62208,0.003,1292,21.046087189999998,-8.436408996582031,130,0.015832282602787018,7763,0.009999999776482582,,,,,,,,,,
477,48.0,62208,,1296,21.046087189999998,,130,,,,,,,,,,,,,
477,48.0,62592,0.003,1300,21.07103505,-8.748991966247559,131,0.00927166547626257,7811,0.009999999776482582,0.9405421812576558,0.19407778625431807,0.721930712886165,0.13720679542085654,0.16023919275895426,0.9945175438596491,0.6506377783012104,0.5853965575457282,0.03875883669794339,0.03798357034142275
477,48.0,62592,,1304,21.07103505,,131,,,,,,,,,,,,,
477,48.0,62976,0.003,1308,21.053806789999996,-9.169677734375,131,0.01150396466255188,7859,0.009999999776482582,,,,,,,,,,
477,48.0,62976,,1312,21.053806789999996,,131,,,,,,,,,,,,,
477,48.0,63360,0.003,1316,21.07931854,-8.283310890197754,132,0.01117791049182415,7907,0.009999999776482582,0.9330222780260155,0.23068846739038115,0.7018909239636799,0.1661916612858586,0.16256244621909494,0.9879385964912281,0.6658784238314829,0.572563073529637,0.06765781009777068,0.0534533641252242
477,48.0,63360,,1320,21.07931854,,132,,,,,,,,,,,,,
477,48.0,63744,0.003,1324,21.06291161,-8.453258514404297,133,0.014462180435657501,7955,0.009999999776482582,,,,,,,,,,
477,48.0,63744,,1328,21.06291161,,133,,,,,,,,,,,,,
477,48.0,64128,0.003,1332,21.02340717,-8.891584396362305,134,0.021230382844805717,8003,0.009999999776482582,0.922892563527301,0.21183298523926797,0.704826766555569,0.14840933131189532,0.17265563066983436,0.9945175438596491,0.670931059087608,0.609018995384704,0.06453306332620264,0.03798357034142275
477,48.0,64128,,1336,21.02340717,,134,,,,,,,,,,,,,
477,48.0,64512,0.003,1340,21.045163620000004,-9.142436027526855,135,0.014882051385939121,8051,0.009999999776482582,,,,,,,,,,
477,48.0,64512,,1344,21.045163620000004,,135,,,,,,,,,,,,,
477,48.0,64896,0.003,1348,21.00504766,-8.478893280029297,135,0.014011679217219353,8099,0.009999999776482582,0.9201950203052239,0.20702785165465215,0.697976766008666,0.16077672802213197,0.15986693701026272,0.9736842105263158,0.6587019169472389,0.6069098296992986,0.0626649807938944,0.09212525778814394
477,48.0,64896,,1352,21.00504766,,135,,,,,,,,,,,,,
477,48.0,65280,0.003,1356,20.99538089,-8.893959999084473,136,0.01546544674783945,8147,0.009999999776482582,,,,,,,,,,
477,48.0,65280,,1360,20.99538089,,136,,,,,,,,,,,,,
477,48.0,65664,0.003,1364,20.98852646,-8.914302825927734,137,0.018699288368225098,8195,0.009999999776482582,0.9206348782552398,0.21466132627035436,0.6667200610943393,0.187477695950766,0.1644042537633259,0.9846491228070176,0.6650474602734027,0.6134790594185252,0.05315298070151256,0.06040894538803211
477,48.0,65664,,1368,20.98852646,,137,,,,,,,,,,,,,
476,48.0,66048,0.003,1372,20.969963429999996,-8.44205093383789,138,0.008472520858049393,8243,0.009999999776482582,,,,,,,,,,
476,48.0,66048,,1376,20.969963429999996,,138,,,,,,,,,,,,,
475,48.0,66432,0.003,1380,21.003747329999996,-8.698894500732422,139,0.00986519455909729,8291,0.009999999776482582,0.9352673185984349,0.2049752478701674,0.6832205030980566,0.14297058236089474,0.16369620659621334,0.9791666666666666,0.6688863539837532,0.5998409777270323,0.053253436081057884,0.14433756729740646
475,48.0,66432,,1384,21.003747329999996,,139,,,,,,,,,,,,,
476,48.0,66816,0.003,1388,20.98641519,-8.824761390686035,140,0.005943024531006813,8339,0.009999999776482582,,,,,,,,,,
476,48.0,66816,,1392,20.98641519,,140,,,,,,,,,,,,,
475,48.0,67200,0.003,1396,20.95078946,-9.179964065551758,141,0.012542186304926872,8387,0.009999999776482582,0.9368390797005275,0.20086815921917847,0.7164462924601271,0.12555696061015822,0.1309688269855804,0.9923245614035087,0.7200827199240807,0.6028845063645879,0.044508912965016224,0.04060830457074043
475,48.0,67200,,1400,20.95078946,,141,,,,,,,,,,,,,
476,48.0,67584,0.003,1404,20.92738432,-8.817642211914062,141,0.018453476950526237,8435,0.009999999776482582,,,,,,,,,,
476,48.0,67584,,1408,20.92738432,,141,,,,,,,,,,,,,
476,48.0,67968,0.003,1412,20.90546469,-8.9757080078125,142,0.01934162899851799,8483,0.009999999776482582,,,,,,,,,,
476,48.0,67968,,1416,20.90546469,,142,,,,,,,,,,,,,
476,48.0,68352,0.003,1420,20.938690720000004,-8.624190330505371,143,0.004969692789018154,8531,0.009999999776482582,0.9386899790854737,0.20429768126506542,0.6980015262646742,0.13769128894402186,0.149204377715786,0.9945175438596491,0.6860448780980116,0.6070890270594629,0.043105738373014124,0.03798357034142275
476,48.0,68352,,1424,20.938690720000004,,143,,,,,,,,,,,,,
476,48.0,68736,0.003,1428,20.93404682,-8.563005447387695,144,0.018175188452005386,8579,0.009999999776482582,,,,,,,,,,
476,48.0,68736,,1432,20.93404682,,144,,,,,,,,,,,,,
476,48.0,69120,0.003,1436,20.940723580000004,-8.855644226074219,145,0.014203372411429882,8627,0.009999999776482582,0.9291651982086913,0.2169736078037852,0.6281845513036464,0.18601328233296147,0.18712541951356254,0.9791666666666666,0.6516378639567342,0.6068649739541981,0.04289310491122493,0.08530889468644252
476,48.0,69120,,1440,20.940723580000004,,145,,,,,,,,,,,,,
476,48.0,69504,0.003,1444,20.935110369999997,-8.676395416259766,145,0.008182086050510406,8675,0.009999999776482582,,,,,,,,,,
476,48.0,69504,,1448,20.935110369999997,,145,,,,,,,,,,,,,
476,48.0,69888,0.003,1452,20.936298609999998,-8.973541259765625,146,0.01647706888616085,8723,0.009999999776482582,0.933592263863368,0.22986645194000888,0.6483493773902356,0.18199199793494944,0.17955853532484,0.9846491228070176,0.6470500731609993,0.5887150572445214,0.0640947382808367,0.07750327874955294
476,48.0,69888,,1456,20.936298609999998,,146,,,,,,,,,,,,,
476,48.0,70272,0.003,1460,20.923570920000003,-9.372058868408203,147,0.019081346690654755,8771,0.009999999776482582,,,,,,,,,,
476,48.0,70272,,1464,20.923570920000003,,147,,,,,,,,,,,,,
476,48.0,70656,0.003,1468,20.88873619,-8.718165397644043,148,0.012785200029611588,8819,0.009999999776482582,0.9176688878773077,0.23329211128321217,0.7436539194403053,0.13982541035123355,0.15595601841503134,0.9594298245614036,0.677526268024416,0.6122486052641135,0.06613306105023012,0.15092476701626403
476,48.0,70656,,1472,20.88873619,,148,,,,,,,,,,,,,
476,48.0,71040,0.003,1476,20.86519182,-8.839606285095215,148,0.01194639690220356,8867,0.009999999776482582,,,,,,,,,,
476,48.0,71040,,1480,20.86519182,,148,,,,,,,,,,,,,
476,48.0,71424,0.003,1484,20.83139193,-8.769735336303711,149,0.01079622097313404,8915,0.009999999776482582,0.9299247122193737,0.197136926479147,0.6435515878749544,0.1684617775011732,0.15762041980021496,0.9736842105263158,0.6731991842956646,0.6108663596071056,0.04435659788095908,0.09212525778814395
476,48.0,71424,,1488,20.83139193,,149,,,,,,,,,,,,,
476,48.0,71808,0.003,1492,20.86450159,-8.860261917114258,150,0.01228699367493391,8963,0.009999999776482582,,,,,,,,,,
476,48.0,71808,,1496,20.86450159,,150,,,,,,,,,,,,,
475,48.0,72192,0.003,1500,20.89298014,-9.041468620300293,151,0.011393925175070763,9011,0.009999999776482582,0.935794550875585,0.19897331898200932,0.6210418761374189,0.19027518997016313,0.19477422439098996,0.9846491228070176,0.6149824817225111,0.5953666425975819,0.041379217231379266,0.07750327874955294
475,48.0,72192,,1504,20.89298014,,151,,,,,,,,,,,,,
476,48.0,72576,0.003,1508,20.799673639999995,-9.014483451843262,152,0.01254453044384718,9059,0.009999999776482582,,,,,,,,,,
476,48.0,72576,,1512,20.799673639999995,,152,,,,,,,,,,,,,
474,48.0,72960,0.003,1516,20.79855348,-8.610758781433105,153,0.014207202941179276,9107,0.009999999776482582,0.9332297836900624,0.18248008314250952,0.6696028415635331,0.16120023275529302,0.1716551370762884,0.9890350877192983,0.6515283288659569,0.6161861001654378,0.040232304598465635,0.053142351716699704
474,48.0,72960,,1520,20.79855348,,153,,,,,,,,,,,,,
475,48.0,73344,0.003,1524,20.78570942,-9.09304141998291,154,0.0056982217356562614,9155,0.009999999776482582,,,,,,,,,,
475,48.0,73344,,1528,20.78570942,,154,,,,,,,,,,,,,
474,48.0,73728,0.003,1532,20.800657459999996,-9.483153343200684,155,0.01733389124274254,9203,0.009999999776482582,0.9282521122225343,0.19333706951018484,0.6846749580017565,0.14935474056692447,0.15996121294697305,0.9890350877192983,0.6891777030930915,0.6161974027662747,0.04038534913724269,0.053142351716699704
474,48.0,73728,,1536,20.800657459999996,,155,,,,,,,,,,,,,
475,48.0,74112,0.003,1540,20.80988836,-8.857839584350586,155,0.011304570361971855,9251,0.009999999776482582,,,,,,,,,,
475,48.0,74112,,1544,20.80988836,,155,,,,,,,,,,,,,
474,48.0,74496,0.003,1548,20.783602519999995,-8.65030288696289,156,0.0125289810821414,9299,0.009999999776482582,0.9361661067683736,0.1964582333366456,0.6979660049374413,0.13594394081032046,0.13613761948447836,0.9846491228070176,0.7209920684557259,0.6173030742708301,0.04316313128418044,0.06040894538803211
474,48.0,74496,,1552,20.783602519999995,,156,,,,,,,,,,,,,
475,48.0,74880,0.003,1556,20.76276691,-9.000789642333984,157,0.01578075811266899,9347,0.009999999776482582,,,,,,,,,,
475,48.0,74880,,1560,20.76276691,,157,,,,,,,,,,,,,
474,48.0,75264,0.003,1564,20.78503364,-9.09718132019043,158,0.011916779913008213,9395,0.009999999776482582,0.9268633045365267,0.20123868777266302,0.6455655765157979,0.17552986933590348,0.15121166535411257,0.9846491228070176,0.6906499913415818,0.6168779435072601,0.046548755924210934,0.07750327874955294
474,48.0,75264,,1568,20.78503364,,158,,,,,,,,,,,,,
475,48.0,75648,0.003,1572,20.81144612,-9.45369815826416,159,0.017720229923725128,9443,0.009999999776482582,,,,,,,,,,
475,48.0,75648,,1576,20.81144612,,159,,,,,,,,,,,,,
474,48.0,76032,0.003,1580,20.79022716,-8.930984497070312,160,0.015003299340605736,9491,0.009999999776482582,0.9416498885732175,0.18927928704809754,0.6555978958085282,0.15124685581090216,0.13181360358475722,0.9945175438596491,0.7040026652224897,0.6123998927888,0.04052473256200149,0.03798357034142275
474,48.0,76032,,1584,20.79022716,,160,,,,,,,,,,,,,
475,48.0,76416,0.003,1588,20.845796510000003,-9.13096809387207,160,0.010049921460449696,9539,0.009999999776482582,,,,,,,,,,
475,48.0,76416,,1592,20.845796510000003,,160,,,,,,,,,,,,,
475,48.0,76800,0.003,1596,20.822553929999998,-8.808540344238281,161,0.011923245154321194,9587,0.009999999776482582,0.920177001456182,0.22030871187924797,0.7250379261303113,0.16252750699785432,0.12978214875133626,0.9890350877192983,0.7028539182843682,0.6210134598117977,0.06708316642872844,0.053142351716699704
474,48.0,76800,,1600,20.822553929999998,,161,,,,,,,,,,,,,
475,48.0,77184,0.003,1604,20.874067680000003,-9.335047721862793,162,0.012745360843837261,9635,0.009999999776482582,,,,,,,,,,
475,48.0,77184,,1608,20.874067680000003,,162,,,,,,,,,,,,,
475,48.0,77568,0.003,1612,20.893703109999997,-8.753302574157715,162,0.010349092073738575,9683,0.009999999776482582,,,,,,,,,,
475,48.0,77568,,1616,20.893703109999997,,162,,,,,,,,,,,,,
475,48.0,77952,0.003,1620,20.904983279999996,-9.125720977783203,163,0.009736470878124237,9731,0.009999999776482582,0.9348416769644086,0.19471516720166648,0.6861960752267418,0.1683720416177591,0.156108195260561,0.9890350877192983,0.6422105786406951,0.6203849238271577,0.03718795208417684,0.053142351716699704
475,48.0,77952,,1624,20.904983279999996,,163,,,,,,,,,,,,,
475,48.0,78336,0.003,1628,20.906141140000003,-8.95195484161377,164,0.0055100759491324425,9779,0.009999999776482582,,,,,,,,,,
475,48.0,78336,,1632,20.906141140000003,,164,,,,,,,,,,,,,
475,48.0,78720,0.003,1636,20.92920697,-8.920700073242188,165,0.022682372480630875,9827,0.009999999776482582,0.9129504503905423,0.2560392835551565,0.6675331554232002,0.19584693573839923,0.17302763679448735,0.9638157894736842,0.6460030087058112,0.616162101748662,0.08135036605219763,0.11238833085703691
475,48.0,78720,,1640,20.92920697,,165,,,,,,,,,,,,,
475,48.0,79104,0.003,1644,20.925545810000003,-9.389595031738281,166,0.007983637973666191,9875,0.009999999776482582,,,,,,,,,,
475,48.0,79104,,1648,20.925545810000003,,166,,,,,,,,,,,,,
475,48.0,79488,0.003,1652,20.894778220000003,-8.9638671875,167,0.015227735042572021,9923,0.009999999776482582,0.9206815462592564,0.2390098014913186,0.6767813512854838,0.18015186597176083,0.16569598106391387,0.9638157894736842,0.6643972538827104,0.6050461884139043,0.06694259091098406,0.11238833085703691
475,48.0,79488,,1656,20.894778220000003,,167,,,,,,,,,,,,,
476,48.0,79872,0.003,1660,20.932192269999994,-8.663870811462402,167,0.015397128649055958,9971,0.009999999776482582,,,,,,,,,,
476,48.0,79872,,1664,20.932192269999994,,167,,,,,,,,,,,,,
474,48.0,80256,0.003,1668,20.92943205,-9.088335990905762,169,0.007041609846055508,10019,0.009999999776482582,0.9284602163658717,0.2207132584099668,0.6868072582132153,0.19021610033664332,0.1676872704866451,0.9824561403508771,0.6471048705087104,0.6020498567747593,0.05813885488297663,0.07854194769291073
474,48.0,80256,,1672,20.92943205,,169,,,,,,,,,,,,,
474,48.0,80640,0.003,1676,20.954031920000002,-8.728087425231934,169,0.007951447740197182,10067,0.009999999776482582,,,,,,,,,,
474,48.0,80640,,1680,20.954031920000002,,169,,,,,,,,,,,,,
474,48.0,81024,0.003,1684,20.88966054,-9.04084587097168,170,0.014778822660446167,10115,0.009999999776482582,0.9245347992151017,0.2286588139716508,0.7229520646274498,0.15337934171843323,0.161725444482666,0.924342105263158,0.6554043544453705,0.5847226401236068,0.06624441395236844,0.21520726911603044
474,48.0,81024,,1688,20.88966054,,170,,,,,,,,,,,,,
474,48.0,81408,0.003,1692,20.88112431,-8.966731071472168,171,0.009873427450656891,10163,0.009999999776482582,,,,,,,,,,
474,48.0,81408,,1696,20.88112431,,171,,,,,,,,,,,,,
474,48.0,81792,0.003,1700,20.88801148,-9.467464447021484,172,0.018861722201108932,10211,0.009999999776482582,0.9132356330709448,0.25315755632261167,0.7046908509355826,0.15737640675025674,0.16054177827200053,0.9473684210526315,0.6742886173137067,0.6106241800179265,0.06376042257250222,0.12473818871797825
474,48.0,81792,,1704,20.88801148,,172,,,,,,,,,,,,,
474,48.0,82176,0.003,1708,20.87471685,-8.953862190246582,173,0.015989795327186584,10259,0.009999999776482582,,,,,,,,,,
474,48.0,82176,,1712,20.87471685,,173,,,,,,,,,,,,,
474,48.0,82560,0.003,1716,20.9202929,-8.849595069885254,174,0.006002971902489662,10307,0.009999999776482582,0.9340500542965121,0.22230837820778193,0.6346569247989429,0.2246887861223871,0.16628204767534713,0.9780701754385964,0.6501038271208885,0.5976556288503381,0.05592776961886386,0.08537363981969692
474,48.0,82560,,1720,20.9202929,,174,,,,,,,,,,,,,
474,48.0,82944,0.003,1724,20.911825000000004,-8.782618522644043,174,0.008522272109985352,10355,0.009999999776482582,,,,,,,,,,
474,48.0,82944,,1728,20.911825000000004,,174,,,,,,,,,,,,,
473,48.0,83328,0.003,1732,20.92159522,-9.159252166748047,175,0.012114837765693665,10403,0.009999999776482582,0.9082909618974598,0.2325417678011981,0.6813106346484757,0.19409428206124055,0.15242709549618597,0.9692982456140351,0.6824487766096258,0.6033546409957402,0.09042094837772141,0.1451899994840478
473,48.0,83328,,1736,20.92159522,,175,,,,,,,,,,,,,
474,48.0,83712,0.003,1740,20.91479315,-8.792253494262695,176,0.01783013716340065,10451,0.009999999776482582,,,,,,,,,,
474,48.0,83712,,1744,20.91479315,,176,,,,,,,,,,,,,
473,48.0,84096,0.003,1748,20.932811349999998,-9.183615684509277,177,0.01120498776435852,10499,0.009999999776482582,0.9145623704261576,0.2369536456703241,0.7352064037190815,0.16506549120052205,0.16941137930685726,0.975877192982456,0.6774185715544667,0.6290109064471223,0.05740785439686995,0.07360284528074809
473,48.0,84096,,1752,20.932811349999998,,177,,,,,,,,,,,,,
474,48.0,84480,0.003,1756,20.947465110000003,-8.922809600830078,178,0.018305297940969467,10547,0.009999999776482582,,,,,,,,,,
474,48.0,84480,,1760,20.947465110000003,,178,,,,,,,,,,,,,
473,48.0,84864,0.003,1764,20.939473209999996,-8.967656135559082,179,0.011754821054637432,10595,0.009999999776482582,0.9311914836526783,0.22618047260824992,0.6865758760232505,0.16081189760354614,0.17998981634124636,0.9649122807017544,0.6352139293802715,0.6057910328909205,0.04892533244630395,0.1474057436874082
473,48.0,84864,,1768,20.939473209999996,,179,,,,,,,,,,,,,
474,48.0,85248,0.003,1772,20.92350777,-9.102499961853027,179,0.01665494218468666,10643,0.009999999776482582,,,,,,,,,,
474,48.0,85248,,1776,20.92350777,,179,,,,,,,,,,,,,
474,48.0,85632,0.003,1780,20.97315933,-8.825665473937988,180,0.013062517158687115,10691,0.009999999776482582,0.9377381756250606,0.2027933394670287,0.6463812575646,0.19368726168446251,0.15233034669139295,0.9692982456140351,0.6650828411039729,0.6021019360827716,0.04060903238572044,0.1451899994840478
473,48.0,85632,,1784,20.97315933,,180,,,,,,,,,,,,,
474,48.0,86016,0.003,1788,20.964086069999993,-8.951738357543945,181,0.02028082124888897,10739,0.009999999776482582,,,,,,,,,,
474,48.0,86016,,1792,20.964086069999993,,181,,,,,,,,,,,,,
474,48.0,86400,0.003,1796,20.97446235,-8.943461418151855,182,0.016131751239299774,10787,0.009999999776482582,0.9318343416421647,0.22573017539718593,0.6256468391529558,0.21501727945958185,0.1458579570176936,0.974780701754386,0.6423662714467444,0.6076567770682952,0.06278797348913134,0.13945713241740915
473,48.0,86400,,1800,20.97446235,,182,,,,,,,,,,,,,
474,48.0,86784,0.003,1804,21.00703366,-9.30012321472168,183,0.01559796929359436,10835,0.009999999776482582,,,,,,,,,,
473,48.0,86784,,1808,21.00703366,,183,,,,,,,,,,,,,
473,48.0,87168,0.003,1812,20.98860235,-8.773428916931152,184,0.008422305807471275,10883,0.009999999776482582,,,,,,,,,,
473,48.0,87168,,1816,20.98860235,,184,,,,,,,,,,,,,
473,48.0,87552,0.003,1820,20.965310750000004,-9.337132453918457,184,0.010284150950610638,10931,0.009999999776482582,0.9279477648242046,0.22611193977423757,0.6863246345387837,0.17118725988926653,0.13473442177674042,0.9802631578947368,0.6949161135075731,0.6069400822028946,0.061428088575859754,0.08241721540396234
473,48.0,87552,,1824,20.965310750000004,,184,,,,,,,,,,,,,
473,48.0,87936,0.003,1828,20.98729155,-8.827550888061523,185,0.011570097878575325,10979,0.009999999776482582,,,,,,,,,,
473,48.0,87936,,1832,20.98729155,,185,,,,,,,,,,,,,
473,48.0,88320,0.003,1836,20.98708096,-8.824029922485352,186,0.010990053415298462,11027,0.009999999776482582,0.9283610269384375,0.20153539399385678,0.651674034460629,0.1755148485255823,0.14500147064003477,0.9682017543859649,0.6974830447066274,0.616866460506172,0.033514631261879896,0.09815867280408391
473,48.0,88320,,1840,20.98708096,,186,,,,,,,,,,,,,
473,48.0,88704,0.003,1844,20.988884419999998,-8.911828994750977,187,0.02826763689517975,11075,0.009999999776482582,,,,,,,,,,
473,48.0,88704,,1848,20.988884419999998,,187,,,,,,,,,,,,,
473,48.0,89088,0.003,1852,20.97833207,-8.84626293182373,188,0.008681686595082283,11123,0.009999999776482582,0.9375061943475947,0.2093887829236294,0.6716296993337523,0.17790822670151368,0.164953666166343,0.9890350877192983,0.6425041248258967,0.5913068545863912,0.04201241506452789,0.06863034003420604
473,48.0,89088,,1856,20.97833207,,188,,,,,,,,,,,,,
473,48.0,89472,0.003,1860,20.95593813,-9.51318359375,188,0.009897741489112377,11171,0.009999999776482582,,,,,,,,,,
473,48.0,89472,,1864,20.95593813,,188,,,,,,,,,,,,,
473,48.0,89856,0.003,1868,20.984471869999997,-8.999679565429688,189,0.007441411260515451,11219,0.009999999776482582,0.9348451461980188,0.224256513312543,0.6052931612232917,0.20941756917949167,0.18266942391440505,0.9802631578947368,0.639789123525007,0.5752374681188176,0.0538876996536315,0.07950530729539881
473,48.0,89856,,1872,20.984471869999997,,189,,,,,,,,,,,,,
473,48.0,90240,0.003,1876,20.93109644,-9.07181453704834,190,0.01017114520072937,11267,0.009999999776482582,,,,,,,,,,
473,48.0,90240,,1880,20.93109644,,190,,,,,,,,,,,,,
473,48.0,90624,0.003,1884,20.90337481,-9.474897384643555,191,0.009786419570446014,11315,0.009999999776482582,0.9282604447085897,0.2133397888298722,0.6342405066795902,0.18280124330398195,0.19172384786144256,0.9835526315789473,0.6326011749818088,0.6138545556298732,0.05170319183879401,0.07765364007905969
473,48.0,90624,,1888,20.90337481,,191,,,,,,,,,,,,,
473,48.0,91008,0.003,1892,20.894870109999996,-8.833053588867188,192,0.018910720944404602,11363,0.009999999776482582,,,,,,,,,,
473,48.0,91008,,1896,20.894870109999996,,192,,,,,,,,,,,,,
473,48.0,91392,0.003,1900,20.884014609999994,-9.070534706115723,193,0.007827674970030785,11411,0.009999999776482582,0.9165083817942669,0.23508252108671118,0.6837945578647311,0.19497781747586765,0.18508582448195823,0.9714912280701755,0.6397003697760938,0.6102831231990614,0.06293628842393112,0.09273633324846972
473,48.0,91392,,1904,20.884014609999994,,193,,,,,,,,,,,,,
473,48.0,91776,0.003,1908,20.865234,-9.130865097045898,193,0.020239021629095078,11459,0.009999999776482582,,,,,,,,,,
473,48.0,91776,,1912,20.865234,,193,,,,,,,,,,,,,
473,48.0,92160,0.003,1916,20.810901890000004,-9.145974159240723,194,0.010364976711571217,11507,0.009999999776482582,0.9252393030043418,0.24637226598322834,0.6299844285044541,0.20872057043401976,0.2017638313722469,0.9780701754385964,0.6411875293834556,0.5831940713375112,0.0811720395590035,0.08537363981969691
473,48.0,92160,,1920,20.810901890000004,,194,,,,,,,,,,,,,
473,48.0,92544,0.003,1924,20.836522030000005,-8.704544067382812,195,0.01227572001516819,11555,0.009999999776482582,,,,,,,,,,
473,48.0,92544,,1928,20.836522030000005,,195,,,,,,,,,,,,,
473,48.0,92928,0.003,1932,20.74229099,-9.028376579284668,196,0.010959954932332039,11603,0.009999999776482582,0.9058065612358357,0.25998580120370496,0.7116258331088795,0.1566762159459172,0.14823237647711035,0.9725877192982457,0.7010296579181619,0.6040040624063879,0.09837347840586244,0.08752544836733772
473,48.0,92928,,1936,20.74229099,,196,,,,,,,,,,,,,
473,48.0,93312,0.003,1940,20.730667820000004,-9.579383850097656,196,0.016531843692064285,11651,0.009999999776482582,,,,,,,,,,
473,48.0,93312,,1944,20.730667820000004,,196,,,,,,,,,,,,,
473,48.0,93696,0.003,1948,20.74471109,-9.271912574768066,197,0.012155704200267792,11699,0.009999999776482582,0.9319694884838757,0.231251377225294,0.7609221045449479,0.1266144513772041,0.1280228306672165,0.9824561403508772,0.6918527315729206,0.5986089265843978,0.049791442565869586,0.07854194769291073
473,48.0,93696,,1952,20.74471109,,198,,,,,,,,,,,,,
472,48.0,94080,0.003,1956,20.740740740000007,-8.720169067382812,198,0.012453359551727772,11747,0.009999999776482582,,,,,,,,,,
472,48.0,94080,,1960,20.740740740000007,,198,,,,,,,,,,,,,
472,48.0,94464,0.003,1964,20.69321939,-8.811222076416016,199,0.014585282653570175,11795,0.009999999776482582,0.9224905606088241,0.24966014701210004,0.7287395102018404,0.14818794081165726,0.128265403173365,0.9660087719298245,0.7462589231944284,0.5993072744072778,0.060012177259419694,0.1044140350776844
472,48.0,94464,,1968,20.69321939,,199,,,,,,,,,,,,,
472,48.0,94848,0.003,1972,20.658821959999997,-9.227508544921875,200,0.010843714699149132,11843,0.009999999776482582,,,,,,,,,,
472,48.0,94848,,1976,20.658821959999997,,200,,,,,,,,,,,,,
472,48.0,95232,0.003,1980,20.6697327,-9.133480072021484,201,0.01572090946137905,11891,0.009999999776482582,0.9316899183714527,0.23136313357857832,0.6906097347020294,0.19027919327549542,0.14578444518811604,0.9780701754385964,0.6934804711678277,0.594071683682216,0.050030697650888974,0.08537363981969692
472,48.0,95232,,1984,20.6697327,,201,,,,,,,,,,,,,
472,48.0,95616,0.003,1988,20.672891359999998,-9.251937866210938,202,0.010092164389789104,11939,0.009999999776482582,,,,,,,,,,
472,48.0,95616,,1992,20.672891359999998,,202,,,,,,,,,,,,,
472,48.0,96000,0.003,1996,20.64340517,-9.340436935424805,203,0.01111416332423687,11987,0.009999999776482582,0.9220576350439218,0.2429390808257891,0.7170072342049509,0.17591376280290127,0.17427698557411245,0.9780701754385964,0.6694106218421416,0.593369932831796,0.0770434106982063,0.07350268259617476
472,48.0,96000,,2000,20.64340517,,203,,,,,,,,,,,,,
472,48.0,96384,0.003,2004,20.59068618,-9.184759140014648,203,0.01755433902144432,12035,0.009999999776482582,,,,,,,,,,
472,48.0,96384,,2008,20.59068618,,203,,,,,,,,,,,,,
473,48.0,96768,0.003,2012,20.602638829999997,-8.90164852142334,204,0.01369983796030283,12083,0.009999999776482582,,,,,,,,,,
473,48.0,96768,,2016,20.602638829999997,,204,,,,,,,,,,,,,
472,48.0,97152,0.003,2020,20.6347077,-9.179670333862305,205,0.010566813871264458,12131,0.009999999776482582,0.9275507553152542,0.26044570573211445,0.7365985127725571,0.15017744702623717,0.15096846010089526,0.9692982456140351,0.7008389382601471,0.5795238761439533,0.06433771708069928,0.0920185695557243
472,48.0,97152,,2024,20.6347077,,205,,,,,,,,,,,,,
473,48.0,97536,0.003,2028,20.64771393,-9.024174690246582,206,0.012853274121880531,12179,0.009999999776482582,,,,,,,,,,
473,48.0,97536,,2032,20.64771393,,206,,,,,,,,,,,,,
472,48.0,97920,0.003,2036,20.67612608,-9.482355117797852,207,0.019580114632844925,12227,0.009999999776482582,0.9369693632897933,0.22422782589201426,0.673096393260583,0.1861577743588457,0.17495746709255028,0.9791666666666666,0.6427430232832098,0.5857964523638279,0.05409807760561825,0.08530889468644254
472,48.0,97920,,2040,20.67612608,,207,,,,,,,,,,,,,
473,48.0,98304,0.003,2044,20.651870709999997,-9.241806983947754,207,0.005352776497602463,12275,0.009999999776482582,,,,,,,,,,
473,48.0,98304,,2048,20.651870709999997,,207,,,,,,,,,,,,,
472,48.0,98688,0.003,2052,20.66251143,-8.979687690734863,208,0.016702968627214432,12323,0.009999999776482582,0.9383129614609496,0.2213863373482528,0.6935070374171752,0.14880452927522755,0.1526501761607489,0.9780701754385964,0.7014732660951134,0.5905382155691452,0.04551765584630652,0.07350268259617476
472,48.0,98688,,2056,20.66251143,,208,,,,,,,,,,,,,
473,48.0,99072,0.003,2060,20.707441600000003,-9.387665748596191,209,0.012408414855599403,12371,0.009999999776482582,,,,,,,,,,
473,48.0,99072,,2064,20.707441600000003,,209,,,,,,,,,,,,,
472,48.0,99456,0.003,2068,20.72625547,-8.98110294342041,210,0.012866223230957985,12419,0.009999999776482582,0.9360062337304516,0.20800839348879036,0.7166681372987171,0.13895227508667884,0.16012461764194347,0.9780701754385964,0.6635979641112216,0.5934495090168624,0.051191320157439414,0.07350268259617476
472,48.0,99456,,2072,20.72625547,,210,,,,,,,,,,,,,
473,48.0,99840,0.003,2076,20.70814646,-9.152302742004395,210,0.016156524419784546,12467,0.009999999776482582,,,,,,,,,,
473,48.0,99840,,2080,20.70814646,,210,,,,,,,,,,,,,
